Rank,Website,Category,AVG minutes
1,bilibili.com,Arts & Entertainment > Animation and Comics,21.916666666666668
2,zonatmo.com,Arts & Entertainment > Animation and Comics,16.8
3,aniwatchtv.to,Arts & Entertainment > Animation and Comics,16.633333333333333
4,cmoa.jp,Arts & Entertainment > Animation and Comics,13.2
5,demonicscans.org,Arts & Entertainment > Animation and Comics,16.35
6,spoilerplus.tv,Arts & Entertainment > Animation and Comics,18.433333333333334
7,animeflv.net,Arts & Entertainment > Animation and Comics,11.266666666666667
8,mgeko.cc,Arts & Entertainment > Animation and Comics,16.783333333333335
9,mechacomic.jp,Arts & Entertainment > Animation and Comics,15.133333333333333
10,xbato.com,Arts & Entertainment > Animation and Comics,21.516666666666666
11,mangajikan.com,Arts & Entertainment > Animation and Comics,18.966666666666665
12,mangadex.org,Arts & Entertainment > Animation and Comics,8.05
13,9animetv.to,Arts & Entertainment > Animation and Comics,14.7
14,jut.su,Arts & Entertainment > Animation and Comics,19.7
15,mangaraw.best,Arts & Entertainment > Animation and Comics,24.066666666666666
16,mangakoma01.com,Arts & Entertainment > Animation and Comics,23.8
17,chapmanganato.to,Arts & Entertainment > Animation and Comics,18.433333333333334
18,weebcentral.com,Arts & Entertainment > Animation and Comics,17.616666666666667
19,kingofshojo.com,Arts & Entertainment > Animation and Comics,17.533333333333335
20,miruro.tv,Arts & Entertainment > Animation and Comics,14.083333333333334
21,syosetu.is,Arts & Entertainment > Animation and Comics,7.183333333333334
22,mangaraw.plus,Arts & Entertainment > Animation and Comics,4.0
23,mangago.me,Arts & Entertainment > Animation and Comics,14.15
24,manhuatop.org,Arts & Entertainment > Animation and Comics,17.783333333333335
25,zonamiau.com,Arts & Entertainment > Animation and Comics,16.383333333333333
26,mangalib.me,Arts & Entertainment > Animation and Comics,13.483333333333333
27,mangaraw.ma,Arts & Entertainment > Animation and Comics,22.133333333333333
28,manhwaclan.com,Arts & Entertainment > Animation and Comics,15.533333333333333
29,templetoons.com,Arts & Entertainment > Animation and Comics,6.5
30,lekmanga.net,Arts & Entertainment > Animation and Comics,16.55
31,eternalmangas.com,Arts & Entertainment > Animation and Comics,16.15
32,otakudesu.cloud,Arts & Entertainment > Animation and Comics,13.433333333333334
33,lightnovelworld.co,Arts & Entertainment > Animation and Comics,28.866666666666667
34,manhwaweb.com,Arts & Entertainment > Animation and Comics,19.583333333333332
35,piccoma.com,Arts & Entertainment > Animation and Comics,13.5
36,vymanga.com,Arts & Entertainment > Animation and Comics,13.033333333333333
37,kakuyomu.jp,Arts & Entertainment > Animation and Comics,19.3
38,foodib.net,Arts & Entertainment > Animation and Comics,17.15
39,motoratrium.com,Arts & Entertainment > Animation and Comics,8.2
40,mangabuddy.com,Arts & Entertainment > Animation and Comics,16.783333333333335
41,tresdaos.com,Arts & Entertainment > Animation and Comics,12.9
42,mangarawjp.me,Arts & Entertainment > Animation and Comics,23.666666666666668
43,rinconcitoverde.xyz,Arts & Entertainment > Animation and Comics,21.033333333333335
44,webtoons.com,Arts & Entertainment > Animation and Comics,11.35
45,manganato.com,Arts & Entertainment > Animation and Comics,5.683333333333334
46,manhuaus.com,Arts & Entertainment > Animation and Comics,9.116666666666667
47,usagi.one,Arts & Entertainment > Animation and Comics,32.06666666666667
48,mangafire.to,Arts & Entertainment > Animation and Comics,13.216666666666667
49,anime-sama.fr,Arts & Entertainment > Animation and Comics,8.433333333333334
50,manhuagui.com,Arts & Entertainment > Animation and Comics,11.883333333333333
1,fandom.com,Arts & Entertainment > Arts and Entertainment - Other,4.783333333333333
2,dcinside.com,Arts & Entertainment > Arts and Entertainment - Other,12.6
3,nate.com,Arts & Entertainment > Arts and Entertainment - Other,6.316666666666666
4,syosetu.com,Arts & Entertainment > Arts and Entertainment - Other,20.266666666666666
5,123av.com,Arts & Entertainment > Arts and Entertainment - Other,8.183333333333334
6,freepik.com,Arts & Entertainment > Arts and Entertainment - Other,7.683333333333334
7,2345.com,Arts & Entertainment > Arts and Entertainment - Other,1.8833333333333333
8,go.com,Arts & Entertainment > Arts and Entertainment - Other,2.7
9,twimg.com,Arts & Entertainment > Arts and Entertainment - Other,4.05
10,douban.com,Arts & Entertainment > Arts and Entertainment - Other,4.866666666666667
11,bilibili.tv,Arts & Entertainment > Arts and Entertainment - Other,6.066666666666666
12,bookmyshow.com,Arts & Entertainment > Arts and Entertainment - Other,4.8
13,pudelek.pl,Arts & Entertainment > Arts and Entertainment - Other,3.4
14,oricon.co.jp,Arts & Entertainment > Arts and Entertainment - Other,0.9666666666666667
15,tmz.com,Arts & Entertainment > Arts and Entertainment - Other,2.2666666666666666
16,unext.jp,Arts & Entertainment > Arts and Entertainment - Other,8.316666666666666
17,suki-kira.com,Arts & Entertainment > Arts and Entertainment - Other,9.65
18,gofundme.com,Arts & Entertainment > Arts and Entertainment - Other,1.85
19,super.cz,Arts & Entertainment > Arts and Entertainment - Other,3.3
20,mydramalist.com,Arts & Entertainment > Arts and Entertainment - Other,4.033333333333333
21,pagesix.com,Arts & Entertainment > Arts and Entertainment - Other,1.3
22,boredpanda.com,Arts & Entertainment > Arts and Entertainment - Other,3.65
23,youku.com,Arts & Entertainment > Arts and Entertainment - Other,6.85
24,pozdravok.com,Arts & Entertainment > Arts and Entertainment - Other,2.3
25,myanimelist.net,Arts & Entertainment > Arts and Entertainment - Other,4.15
26,deadline.com,Arts & Entertainment > Arts and Entertainment - Other,1.5833333333333335
27,tsite.jp,Arts & Entertainment > Arts and Entertainment - Other,4.483333333333333
28,hollywoodreporter.com,Arts & Entertainment > Arts and Entertainment - Other,1.1666666666666667
29,goguynet.jp,Arts & Entertainment > Arts and Entertainment - Other,1.0166666666666666
30,ew.com,Arts & Entertainment > Arts and Entertainment - Other,1.1333333333333333
31,purepeople.com,Arts & Entertainment > Arts and Entertainment - Other,1.9
32,viki.com,Arts & Entertainment > Arts and Entertainment - Other,6.183333333333334
33,syosetu.org,Arts & Entertainment > Arts and Entertainment - Other,18.466666666666665
34,sps-system.com,Arts & Entertainment > Arts and Entertainment - Other,2.2666666666666666
35,lipstickalley.com,Arts & Entertainment > Arts and Entertainment - Other,13.416666666666666
36,voici.fr,Arts & Entertainment > Arts and Entertainment - Other,1.55
37,hola.com,Arts & Entertainment > Arts and Entertainment - Other,1.7333333333333334
38,natalie.mu,Arts & Entertainment > Arts and Entertainment - Other,1.0
39,jastrzabpost.pl,Arts & Entertainment > Arts and Entertainment - Other,1.35
40,pomponik.pl,Arts & Entertainment > Arts and Entertainment - Other,0.8333333333333334
41,lecturas.com,Arts & Entertainment > Arts and Entertainment - Other,1.4333333333333333
42,ngl.link,Arts & Entertainment > Arts and Entertainment - Other,2.966666666666667
43,timeout.com,Arts & Entertainment > Arts and Entertainment - Other,1.3833333333333333
44,disney.go.com,Arts & Entertainment > Arts and Entertainment - Other,3.8333333333333335
45,b92.net,Arts & Entertainment > Arts and Entertainment - Other,5.55
46,redbubble.com,Arts & Entertainment > Arts and Entertainment - Other,2.9333333333333336
47,tokyodisneyresort.jp,Arts & Entertainment > Arts and Entertainment - Other,6.733333333333333
48,kapanlagi.com,Arts & Entertainment > Arts and Entertainment - Other,1.8333333333333335
49,wcostream.tv,Arts & Entertainment > Arts and Entertainment - Other,11.866666666666667
50,familyclub.jp,Arts & Entertainment > Arts and Entertainment - Other,5.433333333333334
1,archiveofourown.org,Arts & Entertainment > Books and Literature,15.366666666666667
2,novelbin.com,Arts & Entertainment > Books and Literature,34.016666666666666
3,wattpad.com,Arts & Entertainment > Books and Literature,18.483333333333334
4,qidian.com,Arts & Entertainment > Books and Literature,15.016666666666667
5,author.today,Arts & Entertainment > Books and Literature,12.183333333333334
6,afrsportsbetting.com,Arts & Entertainment > Books and Literature,0.43333333333333335
7,fictionzone.net,Arts & Entertainment > Books and Literature,11.083333333333334
8,litnet.com,Arts & Entertainment > Books and Literature,14.3
9,69yuedu.net,Arts & Entertainment > Books and Literature,29.45
10,knigavuhe.org,Arts & Entertainment > Books and Literature,3.3333333333333335
11,issuu.com,Arts & Entertainment > Books and Literature,1.9
12,ficbook.net,Arts & Entertainment > Books and Literature,13.783333333333333
13,mangabuff.ru,Arts & Entertainment > Books and Literature,22.166666666666668
14,pensador.com,Arts & Entertainment > Books and Literature,1.4666666666666668
15,mtlnovels.com,Arts & Entertainment > Books and Literature,45.53333333333333
16,wuxiabox.com,Arts & Entertainment > Books and Literature,41.733333333333334
17,tvtropes.org,Arts & Entertainment > Books and Literature,10.4
18,69shuba.cx,Arts & Entertainment > Books and Literature,23.75
19,webnovel.com,Arts & Entertainment > Books and Literature,22.766666666666666
20,69shuba.com,Arts & Entertainment > Books and Literature,35.916666666666664
21,jjwxc.net,Arts & Entertainment > Books and Literature,15.1
22,vitalsource.com,Arts & Entertainment > Books and Literature,16.883333333333333
23,twkan.com,Arts & Entertainment > Books and Literature,32.166666666666664
24,ranobes.top,Arts & Entertainment > Books and Literature,18.483333333333334
25,spaggiari.eu,Arts & Entertainment > Books and Literature,7.733333333333333
26,xbanxia.com,Arts & Entertainment > Books and Literature,26.25
27,thriftbooks.com,Arts & Entertainment > Books and Literature,2.7666666666666666
28,stihi.ru,Arts & Entertainment > Books and Literature,4.116666666666666
29,royalroad.com,Arts & Entertainment > Books and Literature,12.666666666666666
30,overdrive.com,Arts & Entertainment > Books and Literature,3.55
31,doramatv.one,Arts & Entertainment > Books and Literature,6.683333333333334
32,epub.pub,Arts & Entertainment > Books and Literature,4.466666666666667
33,noveldrama.org,Arts & Entertainment > Books and Literature,38.2
34,bqg9527.cc,Arts & Entertainment > Books and Literature,19.9
35,wtr-lab.com,Arts & Entertainment > Books and Literature,7.833333333333333
36,hiconeg.com,Arts & Entertainment > Books and Literature,4.166666666666667
37,52shuku.vip,Arts & Entertainment > Books and Literature,38.3
38,fizzo.org,Arts & Entertainment > Books and Literature,9.95
39,pawmanga.com,Arts & Entertainment > Books and Literature,13.033333333333333
40,jaomix.ru,Arts & Entertainment > Books and Literature,33.4
41,akniga.org,Arts & Entertainment > Books and Literature,2.8
42,freewebnovel.com,Arts & Entertainment > Books and Literature,29.316666666666666
43,loveread.ec,Arts & Entertainment > Books and Literature,24.416666666666668
44,litgorod.ru,Arts & Entertainment > Books and Literature,10.116666666666667
45,zinchangmanga.com,Arts & Entertainment > Books and Literature,8.483333333333333
46,lubimyczytac.pl,Arts & Entertainment > Books and Literature,2.1666666666666665
47,litmarket.ru,Arts & Entertainment > Books and Literature,7.283333333333333
48,ridibooks.com,Arts & Entertainment > Books and Literature,10.85
49,wa01.com,Arts & Entertainment > Books and Literature,29.233333333333334
50,proza.ru,Arts & Entertainment > Books and Literature,2.1
1,pikabu.ru,Arts & Entertainment > Humor,5.166666666666667
2,9gag.com,Arts & Entertainment > Humor,5.833333333333333
3,pinimg.com,Arts & Entertainment > Humor,3.7
4,fanfiction.net,Arts & Entertainment > Humor,15.116666666666667
5,cheezburger.com,Arts & Entertainment > Humor,2.5166666666666666
6,insta-stories-viewer.com,Arts & Entertainment > Humor,3.216666666666667
7,tenor.com,Arts & Entertainment > Humor,1.8
8,change.org,Arts & Entertainment > Humor,1.6333333333333333
9,yaplakal.com,Arts & Entertainment > Humor,13.716666666666667
10,fishki.net,Arts & Entertainment > Humor,11.083333333333334
11,pleated-jeans.com,Arts & Entertainment > Humor,3.65
12,demotywatory.pl,Arts & Entertainment > Humor,6.3
13,knowyourmeme.com,Arts & Entertainment > Humor,1.2666666666666666
14,geediting.com,Arts & Entertainment > Humor,1.05
15,thechive.com,Arts & Entertainment > Humor,6.266666666666667
16,cracked.com,Arts & Entertainment > Humor,3.85
17,joemonster.org,Arts & Entertainment > Humor,6.4
18,anekdot.ru,Arts & Entertainment > Humor,4.416666666666667
19,kwejk.pl,Arts & Entertainment > Humor,3.7
20,fraviral.com,Arts & Entertainment > Humor,2.9333333333333336
21,kiwifarms.st,Arts & Entertainment > Humor,15.233333333333333
22,xkcd.com,Arts & Entertainment > Humor,1.7666666666666666
23,joyreactor.cc,Arts & Entertainment > Humor,7.316666666666666
24,notalwaysright.com,Arts & Entertainment > Humor,10.733333333333333
25,mediatakeout.com,Arts & Entertainment > Humor,1.3666666666666667
26,finofilipino.org,Arts & Entertainment > Humor,6.483333333333333
27,funnyjunk.com,Arts & Entertainment > Humor,12.683333333333334
28,theonion.com,Arts & Entertainment > Humor,1.55
29,thewrap.com,Arts & Entertainment > Humor,0.7
30,fontmeme.com,Arts & Entertainment > Humor,2.533333333333333
31,news.hometalk.com,Arts & Entertainment > Humor,2.6166666666666667
32,kakoysegodnyaprazdnik.ru,Arts & Entertainment > Humor,0.7333333333333333
33,idrlabs.com,Arts & Entertainment > Humor,4.4
34,ebaumsworld.com,Arts & Entertainment > Humor,3.35
35,watchpeopledie.tv,Arts & Entertainment > Humor,11.366666666666667
36,mistrzowie.org,Arts & Entertainment > Humor,3.6666666666666665
37,anekdotov.net,Arts & Entertainment > Humor,7.15
38,demotivateur.fr,Arts & Entertainment > Humor,1.7666666666666666
39,todayhumor.co.kr,Arts & Entertainment > Humor,4.15
40,noblemtl.com,Arts & Entertainment > Humor,16.7
41,dmate6.online,Arts & Entertainment > Humor,1.0333333333333334
42,vistoenlasredes.com,Arts & Entertainment > Humor,3.8833333333333333
43,animeone.cc,Arts & Entertainment > Humor,3.5833333333333335
44,sadistic.pl,Arts & Entertainment > Humor,6.6
45,cuantarazon.com,Arts & Entertainment > Humor,4.85
46,chamsko.pl,Arts & Entertainment > Humor,2.45
47,memedroid.com,Arts & Entertainment > Humor,3.6166666666666667
48,refresher.sk,Arts & Entertainment > Humor,0.3333333333333333
49,atom.com,Arts & Entertainment > Humor,3.0833333333333335
50,webfail.com,Arts & Entertainment > Humor,3.033333333333333
1,spotify.com,Arts & Entertainment > Music,6.5
2,genius.com,Arts & Entertainment > Music,2.25
3,soundcloud.com,Arts & Entertainment > Music,6.283333333333333
4,npr.org,Arts & Entertainment > Music,2.0166666666666666
5,music.yandex.ru,Arts & Entertainment > Music,3.9333333333333336
6,y2mate.nu,Arts & Entertainment > Music,4.166666666666667
7,hitmotop.com,Arts & Entertainment > Music,4.766666666666667
8,ultimate-guitar.com,Arts & Entertainment > Music,5.35
9,letras.mus.br,Arts & Entertainment > Music,2.6166666666666667
10,letras.com,Arts & Entertainment > Music,1.9166666666666665
11,discogs.com,Arts & Entertainment > Music,9.183333333333334
12,ilbe.com,Arts & Entertainment > Music,14.4
13,mnuu.nu,Arts & Entertainment > Music,4.116666666666666
14,radio-canada.ca,Arts & Entertainment > Music,3.3666666666666667
15,last.fm,Arts & Entertainment > Music,4.65
16,bandcamp.com,Arts & Entertainment > Music,4.366666666666666
17,radiko.jp,Arts & Entertainment > Music,6.133333333333334
18,cadenaser.com,Arts & Entertainment > Music,2.6166666666666667
19,iheart.com,Arts & Entertainment > Music,2.4
20,uta-net.com,Arts & Entertainment > Music,3.0833333333333335
21,radiofrance.fr,Arts & Entertainment > Music,1.7166666666666668
22,billboard.com,Arts & Entertainment > Music,1.4833333333333334
23,gaana.com,Arts & Entertainment > Music,1.2166666666666668
24,bandsintown.com,Arts & Entertainment > Music,1.1
25,pagalfree.com,Arts & Entertainment > Music,4.7
26,deezer.com,Arts & Entertainment > Music,3.8833333333333333
27,jiosaavn.com,Arts & Entertainment > Music,1.0333333333333334
28,rollingstone.com,Arts & Entertainment > Music,1.2166666666666668
29,music.163.com,Arts & Entertainment > Music,2.533333333333333
30,siriusxm.com,Arts & Entertainment > Music,2.6333333333333333
31,worldstarhiphop.com,Arts & Entertainment > Music,5.566666666666666
32,radiozet.pl,Arts & Entertainment > Music,1.3666666666666667
33,y2mate.lol,Arts & Entertainment > Music,3.8833333333333333
34,pandora.com,Arts & Entertainment > Music,3.25
35,cifraclub.com.br,Arts & Entertainment > Music,5.783333333333333
36,muzofond.fm,Arts & Entertainment > Music,2.6833333333333336
37,ummn.nu,Arts & Entertainment > Music,3.716666666666667
38,thomann.de,Arts & Entertainment > Music,5.316666666666666
39,lnk.to,Arts & Entertainment > Music,0.7
40,reverb.com,Arts & Entertainment > Music,5.133333333333334
41,rateyourmusic.com,Arts & Entertainment > Music,8.55
42,smule.com,Arts & Entertainment > Music,2.9166666666666665
43,musescore.com,Arts & Entertainment > Music,3.8666666666666667
44,sefon.pro,Arts & Entertainment > Music,3.8
45,rtl.fr,Arts & Entertainment > Music,1.1
46,fantasanremo.com,Arts & Entertainment > Music,4.05
47,faroutmagazine.co.uk,Arts & Entertainment > Music,1.1666666666666667
48,chordtela.com,Arts & Entertainment > Music,7.083333333333333
49,shazam.com,Arts & Entertainment > Music,1.3666666666666667
50,cope.es,Arts & Entertainment > Music,1.2166666666666668
1,alphatron.tv,Arts & Entertainment > Performing Arts,11.566666666666666
2,lk21online.mom,Arts & Entertainment > Performing Arts,6.616666666666667
3,frontgatetickets.com,Arts & Entertainment > Performing Arts,2.1666666666666665
4,framed.wtf,Arts & Entertainment > Performing Arts,2.216666666666667
5,backstage.com,Arts & Entertainment > Performing Arts,3.8666666666666667
6,intickets.ru,Arts & Entertainment > Performing Arts,2.4166666666666665
7,quicktickets.ru,Arts & Entertainment > Performing Arts,3.716666666666667
8,shiki.jp,Arts & Entertainment > Performing Arts,5.233333333333333
9,playbill.com,Arts & Entertainment > Performing Arts,2.1166666666666667
10,broadway.com,Arts & Entertainment > Performing Arts,2.3166666666666664
11,ticketon.kz,Arts & Entertainment > Performing Arts,2.45
12,kassy.ru,Arts & Entertainment > Performing Arts,2.9833333333333334
13,cirquedusoleil.com,Arts & Entertainment > Performing Arts,2.2
14,actorsaccess.com,Arts & Entertainment > Performing Arts,6.6
15,ticketsource.co.uk,Arts & Entertainment > Performing Arts,2.7666666666666666
16,broadwayworld.com,Arts & Entertainment > Performing Arts,1.6333333333333333
17,kennedy-center.org,Arts & Entertainment > Performing Arts,1.6166666666666667
18,ovationtix.com,Arts & Entertainment > Performing Arts,2.35
19,broadwaydirect.com,Arts & Entertainment > Performing Arts,3.2333333333333334
20,ticketsolve.com,Arts & Entertainment > Performing Arts,4.816666666666666
21,picturehouses.com,Arts & Entertainment > Performing Arts,3.183333333333333
22,londontheatre.co.uk,Arts & Entertainment > Performing Arts,2.716666666666667
23,whatsonstage.com,Arts & Entertainment > Performing Arts,2.3666666666666667
24,vdnh.ru,Arts & Entertainment > Performing Arts,1.5666666666666667
25,telecharge.com,Arts & Entertainment > Performing Arts,3.35
26,news.autoguide.com,Arts & Entertainment > Performing Arts,1.5
27,safronovy.ru,Arts & Entertainment > Performing Arts,1.2
28,domorestuff.com,Arts & Entertainment > Performing Arts,2.2
29,eventim-inhouse.de,Arts & Entertainment > Performing Arts,3.7
30,kvitki.by,Arts & Entertainment > Performing Arts,2.183333333333333
31,operadeparis.fr,Arts & Entertainment > Performing Arts,5.783333333333333
32,barbican.org.uk,Arts & Entertainment > Performing Arts,2.1
33,gorbilet.com,Arts & Entertainment > Performing Arts,1.0666666666666667
34,royalalberthall.com,Arts & Entertainment > Performing Arts,2.966666666666667
35,medievaltimes.com,Arts & Entertainment > Performing Arts,3.1166666666666667
36,mirvish.com,Arts & Entertainment > Performing Arts,2.65
37,mariinsky.ru,Arts & Entertainment > Performing Arts,2.3833333333333333
38,teatro.it,Arts & Entertainment > Performing Arts,1.4333333333333333
39,ludus.com,Arts & Entertainment > Performing Arts,4.216666666666667
40,okepi.net,Arts & Entertainment > Performing Arts,6.85
41,m-1gp.com,Arts & Entertainment > Performing Arts,1.6166666666666667
42,stuki-druki.com,Arts & Entertainment > Performing Arts,1.3666666666666667
43,xreal.com,Arts & Entertainment > Performing Arts,2.1666666666666665
44,stage-entertainment.de,Arts & Entertainment > Performing Arts,2.6833333333333336
45,ticketservices.gr,Arts & Entertainment > Performing Arts,1.4166666666666667
46,e-get.jp,Arts & Entertainment > Performing Arts,5.25
47,sxsw.com,Arts & Entertainment > Performing Arts,3.8333333333333335
48,rodeohouston.com,Arts & Entertainment > Performing Arts,3.2
49,bolshoi.ru,Arts & Entertainment > Performing Arts,2.2333333333333334
50,cinemamedley.ru,Arts & Entertainment > Performing Arts,1.3333333333333333
1,youtube.com,Arts & Entertainment > Streaming & Online TV,20.783333333333335
2,netflix.com,Arts & Entertainment > Streaming & Online TV,7.116666666666666
3,imdb.com,Arts & Entertainment > Streaming & Online TV,2.783333333333333
4,rutube.ru,Arts & Entertainment > Streaming & Online TV,6.75
5,hianime.to,Arts & Entertainment > Streaming & Online TV,16.383333333333333
6,disneyplus.com,Arts & Entertainment > Streaming & Online TV,8.833333333333334
7,primevideo.com,Arts & Entertainment > Streaming & Online TV,2.5166666666666666
8,max.com,Arts & Entertainment > Streaming & Online TV,7.4
9,dailymotion.com,Arts & Entertainment > Streaming & Online TV,4.866666666666667
10,hulu.com,Arts & Entertainment > Streaming & Online TV,10.616666666666667
11,kinopoisk.ru,Arts & Entertainment > Streaming & Online TV,5.283333333333333
12,crunchyroll.com,Arts & Entertainment > Streaming & Online TV,14.316666666666666
13,nicovideo.jp,Arts & Entertainment > Streaming & Online TV,9.8
14,tenki.jp,Arts & Entertainment > Streaming & Online TV,2.1666666666666665
15,hotstar.com,Arts & Entertainment > Streaming & Online TV,7.366666666666666
16,xfinity.com,Arts & Entertainment > Streaming & Online TV,6.25
17,loobygameshub.com,Arts & Entertainment > Streaming & Online TV,13.833333333333334
18,screenrant.com,Arts & Entertainment > Streaming & Online TV,1.35
19,amedia.lol,Arts & Entertainment > Streaming & Online TV,17.833333333333332
20,nhk.or.jp,Arts & Entertainment > Streaming & Online TV,2.15
21,hydrahd.me,Arts & Entertainment > Streaming & Online TV,7.466666666666667
22,kinogo.ec,Arts & Entertainment > Streaming & Online TV,2.3666666666666667
23,zdf.de,Arts & Entertainment > Streaming & Online TV,2.8333333333333335
24,peacocktv.com,Arts & Entertainment > Streaming & Online TV,12.166666666666666
25,nos.nl,Arts & Entertainment > Streaming & Online TV,4.183333333333334
26,nkryu17dc.com,Arts & Entertainment > Streaming & Online TV,14.683333333333334
27,sky.com,Arts & Entertainment > Streaming & Online TV,2.3666666666666667
28,rottentomatoes.com,Arts & Entertainment > Streaming & Online TV,1.7
29,mediaset.it,Arts & Entertainment > Streaming & Online TV,4.316666666666666
30,programme-tv.net,Arts & Entertainment > Streaming & Online TV,1.2
31,tver.jp,Arts & Entertainment > Streaming & Online TV,6.233333333333333
32,paramountplus.com,Arts & Entertainment > Streaming & Online TV,5.45
33,kisskh.co,Arts & Entertainment > Streaming & Online TV,11.283333333333333
34,abema.tv,Arts & Entertainment > Streaming & Online TV,5.683333333333334
35,weathernews.jp,Arts & Entertainment > Streaming & Online TV,2.183333333333333
36,justwatch.com,Arts & Entertainment > Streaming & Online TV,1.1333333333333333
37,tbs.co.jp,Arts & Entertainment > Streaming & Online TV,1.85
38,sky.it,Arts & Entertainment > Streaming & Online TV,1.8833333333333333
39,bfmtv.com,Arts & Entertainment > Streaming & Online TV,2.4
40,orf.at,Arts & Entertainment > Streaming & Online TV,5.25
41,cineby.app,Arts & Entertainment > Streaming & Online TV,5.4
42,tubitv.com,Arts & Entertainment > Streaming & Online TV,5.516666666666667
43,nrk.no,Arts & Entertainment > Streaming & Online TV,4.416666666666667
44,ndr.de,Arts & Entertainment > Streaming & Online TV,1.85
45,ardmediathek.de,Arts & Entertainment > Streaming & Online TV,4.033333333333333
46,vimeo.com,Arts & Entertainment > Streaming & Online TV,3.716666666666667
47,bubbiesxylaria.top,Arts & Entertainment > Streaming & Online TV,3.6166666666666667
48,uakino.me,Arts & Entertainment > Streaming & Online TV,4.883333333333333
49,anime-bit.online,Arts & Entertainment > Streaming & Online TV,8.716666666666667
50,filmoflix.ad,Arts & Entertainment > Streaming & Online TV,5.383333333333334
1,pixiv.net,Arts & Entertainment > Visual Arts and Design,11.416666666666666
2,deviantart.com,Arts & Entertainment > Visual Arts and Design,8.3
3,behance.net,Arts & Entertainment > Visual Arts and Design,5.483333333333333
4,vecteezy.com,Arts & Entertainment > Visual Arts and Design,3.45
5,vsco.co,Arts & Entertainment > Visual Arts and Design,2.15
6,pngtree.com,Arts & Entertainment > Visual Arts and Design,2.7
7,artstation.com,Arts & Entertainment > Visual Arts and Design,5.4
8,static1.squarespace.com,Arts & Entertainment > Visual Arts and Design,1.2666666666666666
9,kaliham.com,Arts & Entertainment > Visual Arts and Design,2.85
10,emojicombos.com,Arts & Entertainment > Visual Arts and Design,2.216666666666667
11,3d-galleru.ru,Arts & Entertainment > Visual Arts and Design,3.216666666666667
12,ezgif.com,Arts & Entertainment > Visual Arts and Design,5.433333333333334
13,philo.com,Arts & Entertainment > Visual Arts and Design,3.25
14,moviesda.page,Arts & Entertainment > Visual Arts and Design,2.716666666666667
15,aryion.com,Arts & Entertainment > Visual Arts and Design,6.583333333333333
16,aydogs.com,Arts & Entertainment > Visual Arts and Design,6.2
17,novafork.com,Arts & Entertainment > Visual Arts and Design,2.5666666666666664
18,fineartamerica.com,Arts & Entertainment > Visual Arts and Design,3.3
19,newtoki.biz,Arts & Entertainment > Visual Arts and Design,12.316666666666666
20,vectorstock.com,Arts & Entertainment > Visual Arts and Design,2.2
21,creativemarket.com,Arts & Entertainment > Visual Arts and Design,3.1
22,imgix.net,Arts & Entertainment > Visual Arts and Design,1.35
23,pximg.net,Arts & Entertainment > Visual Arts and Design,5.0
24,dickblick.com,Arts & Entertainment > Visual Arts and Design,4.3
25,artsy.net,Arts & Entertainment > Visual Arts and Design,3.0833333333333335
26,wallhaven.cc,Arts & Entertainment > Visual Arts and Design,4.516666666666667
27,repelisplus.lat,Arts & Entertainment > Visual Arts and Design,3.9833333333333334
28,are.na,Arts & Entertainment > Visual Arts and Design,5.116666666666666
29,characterhub.com,Arts & Entertainment > Visual Arts and Design,12.5
30,heightcomparison.com,Arts & Entertainment > Visual Arts and Design,1.75
31,savetwitter.net,Arts & Entertainment > Visual Arts and Design,2.966666666666667
32,news.artnet.com,Arts & Entertainment > Visual Arts and Design,1.05
33,artribune.com,Arts & Entertainment > Visual Arts and Design,1.0833333333333333
34,saatchiart.com,Arts & Entertainment > Visual Arts and Design,2.65
35,line-of-action.com,Arts & Entertainment > Visual Arts and Design,2.7333333333333334
36,society6.com,Arts & Entertainment > Visual Arts and Design,2.1166666666666667
37,airbrush.com,Arts & Entertainment > Visual Arts and Design,1.75
38,knatchcoxier.com,Arts & Entertainment > Visual Arts and Design,1.9666666666666668
39,spinspin.net,Arts & Entertainment > Visual Arts and Design,4.116666666666666
40,iduba.com,Arts & Entertainment > Visual Arts and Design,7.016666666666667
41,artmajeur.com,Arts & Entertainment > Visual Arts and Design,2.4333333333333336
42,ibispaint.com,Arts & Entertainment > Visual Arts and Design,1.6166666666666667
43,inprnt.com,Arts & Entertainment > Visual Arts and Design,1.7333333333333334
44,artnews.com,Arts & Entertainment > Visual Arts and Design,0.9
45,moviesda.dad,Arts & Entertainment > Visual Arts and Design,0.8333333333333334
46,shotdeck.com,Arts & Entertainment > Visual Arts and Design,7.383333333333334
47,fontsinuse.com,Arts & Entertainment > Visual Arts and Design,2.8
48,fakeyou.com,Arts & Entertainment > Visual Arts and Design,4.75
49,manhwax.org,Arts & Entertainment > Visual Arts and Design,10.033333333333333
50,thisiscolossal.com,Arts & Entertainment > Visual Arts and Design,1.1166666666666667
1,snapinst.app,Business and Consumer Services > Business and Consumer Services - Other,3.5666666666666664
2,liftoff.io,Business and Consumer Services > Business and Consumer Services - Other,0.85
3,medium.com,Business and Consumer Services > Business and Consumer Services - Other,2.0833333333333335
4,attn.tv,Business and Consumer Services > Business and Consumer Services - Other,0.43333333333333335
5,irecommend.ru,Business and Consumer Services > Business and Consumer Services - Other,3.6666666666666665
6,flexmls.com,Business and Consumer Services > Business and Consumer Services - Other,5.216666666666667
7,askul.co.jp,Business and Consumer Services > Business and Consumer Services - Other,5.183333333333334
8,staples.com,Business and Consumer Services > Business and Consumer Services - Other,3.8666666666666667
9,zenoti.com,Business and Consumer Services > Business and Consumer Services - Other,13.55
10,uline.com,Business and Consumer Services > Business and Consumer Services - Other,3.05
11,officeworks.com.au,Business and Consumer Services > Business and Consumer Services - Other,3.4166666666666665
12,w-mt.co,Business and Consumer Services > Business and Consumer Services - Other,0.85
13,officedepot.com,Business and Consumer Services > Business and Consumer Services - Other,3.35
14,pirateship.com,Business and Consumer Services > Business and Consumer Services - Other,5.616666666666667
15,codmon.com,Business and Consumer Services > Business and Consumer Services - Other,12.4
16,mcusercontent.com,Business and Consumer Services > Business and Consumer Services - Other,0.8166666666666667
17,fastpic.org,Business and Consumer Services > Business and Consumer Services - Other,6.7
18,kalunga.com.br,Business and Consumer Services > Business and Consumer Services - Other,4.033333333333333
19,entrepreneur.com,Business and Consumer Services > Business and Consumer Services - Other,0.85
20,staples.ca,Business and Consumer Services > Business and Consumer Services - Other,2.7
21,ymag.cloud,Business and Consumer Services > Business and Consumer Services - Other,2.9833333333333334
22,bueromarkt-ag.de,Business and Consumer Services > Business and Consumer Services - Other,3.45
23,komus.ru,Business and Consumer Services > Business and Consumer Services - Other,6.1
24,avery.com,Business and Consumer Services > Business and Consumer Services - Other,6.983333333333333
25,lexoffice.de,Business and Consumer Services > Business and Consumer Services - Other,13.133333333333333
26,smaregi.jp,Business and Consumer Services > Business and Consumer Services - Other,9.166666666666666
27,listafirme.ro,Business and Consumer Services > Business and Consumer Services - Other,2.35
28,promobit.com.br,Business and Consumer Services > Business and Consumer Services - Other,3.6666666666666665
29,timepad.ru,Business and Consumer Services > Business and Consumer Services - Other,2.5166666666666666
30,kaunet.com,Business and Consumer Services > Business and Consumer Services - Other,5.566666666666666
31,happyscribe.com,Business and Consumer Services > Business and Consumer Services - Other,3.2666666666666666
32,dteenergy.com,Business and Consumer Services > Business and Consumer Services - Other,3.6333333333333333
33,startrack.com.au,Business and Consumer Services > Business and Consumer Services - Other,3.0
34,comune.milano.it,Business and Consumer Services > Business and Consumer Services - Other,5.033333333333333
35,viking.com,Business and Consumer Services > Business and Consumer Services - Other,5.15
36,caa.go.jp,Business and Consumer Services > Business and Consumer Services - Other,2.716666666666667
37,quill.com,Business and Consumer Services > Business and Consumer Services - Other,4.016666666666667
38,etrusted.com,Business and Consumer Services > Business and Consumer Services - Other,1.2833333333333332
39,sendle.com,Business and Consumer Services > Business and Consumer Services - Other,2.2666666666666666
40,the-board.jp,Business and Consumer Services > Business and Consumer Services - Other,13.45
41,ginifab.com,Business and Consumer Services > Business and Consumer Services - Other,0.9833333333333333
42,ni-vms.com,Business and Consumer Services > Business and Consumer Services - Other,24.85
43,sitejabber.com,Business and Consumer Services > Business and Consumer Services - Other,1.35
44,pantone.com,Business and Consumer Services > Business and Consumer Services - Other,2.35
45,vistaprint.fr,Business and Consumer Services > Business and Consumer Services - Other,7.816666666666666
46,webmail.jimdo.com,Business and Consumer Services > Business and Consumer Services - Other,8.316666666666666
47,bestcarton.com,Business and Consumer Services > Business and Consumer Services - Other,1.7333333333333334
48,payplug.com,Business and Consumer Services > Business and Consumer Services - Other,3.7
49,officemag.ru,Business and Consumer Services > Business and Consumer Services - Other,4.183333333333334
50,next-engine.com,Business and Consumer Services > Business and Consumer Services - Other,21.583333333333332
1,shopify.com,Business and Consumer Services > Business Services,14.166666666666666
2,cybozu.com,Business and Consumer Services > Business Services,23.966666666666665
3,shop.app,Business and Consumer Services > Business Services,2.15
4,qualtrics.com,Business and Consumer Services > Business Services,2.033333333333333
5,narvar.com,Business and Consumer Services > Business Services,1.2
6,mynavi.jp,Business and Consumer Services > Business Services,3.1
7,search.app,Business and Consumer Services > Business Services,1.1666666666666667
8,service-now.com,Business and Consumer Services > Business Services,13.033333333333333
9,chatwork.com,Business and Consumer Services > Business Services,25.533333333333335
10,docusign.net,Business and Consumer Services > Business Services,3.9
11,squareup.com,Business and Consumer Services > Business Services,4.583333333333333
12,klclick.com,Business and Consumer Services > Business Services,0.4666666666666667
13,myshopify.com,Business and Consumer Services > Business Services,3.6
14,reclameaqui.com.br,Business and Consumer Services > Business Services,2.25
15,medallia.com,Business and Consumer Services > Business Services,2.033333333333333
16,hubspotlinks.com,Business and Consumer Services > Business Services,1.05
17,sbis.ru,Business and Consumer Services > Business Services,9.266666666666667
18,statista.com,Business and Consumer Services > Business Services,1.7166666666666668
19,canadapost-postescanada.ca,Business and Consumer Services > Business Services,2.3166666666666664
20,canva.site,Business and Consumer Services > Business Services,2.1666666666666665
21,ycombinator.com,Business and Consumer Services > Business Services,3.0166666666666666
22,wp.com,Business and Consumer Services > Business Services,1.5
23,rusprofile.ru,Business and Consumer Services > Business Services,2.783333333333333
24,decipherinc.com,Business and Consumer Services > Business Services,5.333333333333333
25,niconsul.com,Business and Consumer Services > Business Services,21.616666666666667
26,sapsf.com,Business and Consumer Services > Business Services,6.233333333333333
27,ahrefs.com,Business and Consumer Services > Business Services,6.516666666666667
28,kingoftime.jp,Business and Consumer Services > Business Services,5.716666666666667
29,spokeo.com,Business and Consumer Services > Business Services,2.8
30,accenture.com,Business and Consumer Services > Business Services,8.766666666666667
31,tremendous.com,Business and Consumer Services > Business Services,1.1666666666666667
32,saby.ru,Business and Consumer Services > Business Services,6.3
33,basecamp.com,Business and Consumer Services > Business Services,14.216666666666667
34,booksy.com,Business and Consumer Services > Business Services,4.05
35,obc.jp,Business and Consumer Services > Business Services,4.766666666666667
36,dataannotation.tech,Business and Consumer Services > Business Services,7.366666666666666
37,checko.ru,Business and Consumer Services > Business Services,2.6
38,pm.by,Business and Consumer Services > Business Services,10.033333333333333
39,ariba.com,Business and Consumer Services > Business Services,9.416666666666666
40,rocketreach.co,Business and Consumer Services > Business Services,2.4833333333333334
41,pappers.fr,Business and Consumer Services > Business Services,3.3666666666666667
42,tableau.com,Business and Consumer Services > Business Services,6.583333333333333
43,pm-srv.co,Business and Consumer Services > Business Services,0.43333333333333335
44,newsmemory.com,Business and Consumer Services > Business Services,1.5833333333333335
45,rs6.net,Business and Consumer Services > Business Services,1.0
46,inc.com,Business and Consumer Services > Business Services,0.8
47,navitime.biz,Business and Consumer Services > Business Services,4.833333333333333
48,chouseisan.com,Business and Consumer Services > Business Services,2.9833333333333334
49,spectrumsurveys.com,Business and Consumer Services > Business Services,3.7
50,acuityscheduling.com,Business and Consumer Services > Business Services,5.166666666666667
1,isolatedovercomepasted.com,Business and Consumer Services > Marketing and Advertising,4.566666666666666
2,fractionfridgejudiciary.com,Business and Consumer Services > Marketing and Advertising,3.783333333333333
3,totaladblock.com,Business and Consumer Services > Marketing and Advertising,3.5666666666666664
4,impress.co.jp,Business and Consumer Services > Marketing and Advertising,1.95
5,smartnews-ads.com,Business and Consumer Services > Marketing and Advertising,1.9
6,hotosena.com,Business and Consumer Services > Marketing and Advertising,1.0166666666666666
7,secured-entry.com,Business and Consumer Services > Marketing and Advertising,4.866666666666667
8,jimdofree.com,Business and Consumer Services > Marketing and Advertising,2.3333333333333335
9,rstyle.me,Business and Consumer Services > Marketing and Advertising,1.6166666666666667
10,innovid.com,Business and Consumer Services > Marketing and Advertising,0.55
11,macromill.com,Business and Consumer Services > Marketing and Advertising,5.816666666666666
12,cint.com,Business and Consumer Services > Marketing and Advertising,3.9
13,ssisurveys.com,Business and Consumer Services > Marketing and Advertising,3.5
14,yougov.com,Business and Consumer Services > Marketing and Advertising,4.533333333333333
15,constantcontact.com,Business and Consumer Services > Marketing and Advertising,3.3666666666666667
16,infopanel.jp,Business and Consumer Services > Marketing and Advertising,3.533333333333333
17,samplicio.us,Business and Consumer Services > Marketing and Advertising,4.6
18,g.page,Business and Consumer Services > Marketing and Advertising,0.55
19,appier.net,Business and Consumer Services > Marketing and Advertising,0.7333333333333333
20,dpgmedia.nl,Business and Consumer Services > Marketing and Advertising,0.5833333333333334
21,alchemer.com,Business and Consumer Services > Marketing and Advertising,2.6333333333333333
22,rsch.jp,Business and Consumer Services > Marketing and Advertising,5.616666666666667
23,ipsosinteractive.com,Business and Consumer Services > Marketing and Advertising,3.716666666666667
24,emailinboundprocessing.com,Business and Consumer Services > Marketing and Advertising,0.48333333333333334
25,cpx-research.com,Business and Consumer Services > Marketing and Advertising,3.5833333333333335
26,dynalyst.jp,Business and Consumer Services > Marketing and Advertising,1.75
27,post-survey.com,Business and Consumer Services > Marketing and Advertising,3.7333333333333334
28,clubjt.jp,Business and Consumer Services > Marketing and Advertising,2.55
29,mimecastprotect.com,Business and Consumer Services > Marketing and Advertising,1.1666666666666667
30,mobilexpression.com,Business and Consumer Services > Marketing and Advertising,1.4166666666666667
31,msha.ke,Business and Consumer Services > Marketing and Advertising,0.35
32,lifepointspanel.com,Business and Consumer Services > Marketing and Advertising,6.866666666666667
33,amoad.com,Business and Consumer Services > Marketing and Advertising,0.8333333333333334
34,ipsosisay.com,Business and Consumer Services > Marketing and Advertising,4.85
35,pscrpt.io,Business and Consumer Services > Marketing and Advertising,0.36666666666666664
36,download.wetransfer.com,Business and Consumer Services > Marketing and Advertising,1.4166666666666667
37,cloudresearch.com,Business and Consumer Services > Marketing and Advertising,5.416666666666667
38,arminius.io,Business and Consumer Services > Marketing and Advertising,0.3
39,prmin.net,Business and Consumer Services > Marketing and Advertising,7.083333333333333
40,surveyjunkie.com,Business and Consumer Services > Marketing and Advertising,8.483333333333333
41,empower.com,Business and Consumer Services > Marketing and Advertising,1.0833333333333333
42,anketolog.ru,Business and Consumer Services > Marketing and Advertising,2.1666666666666665
43,vista.com,Business and Consumer Services > Marketing and Advertising,3.716666666666667
44,traffichaus.com,Business and Consumer Services > Marketing and Advertising,0.5833333333333334
45,convertkit-mail.com,Business and Consumer Services > Marketing and Advertising,1.4833333333333334
46,sprinklr.com,Business and Consumer Services > Marketing and Advertising,6.266666666666667
47,brevo.com,Business and Consumer Services > Marketing and Advertising,10.3
48,cross-m.co.jp,Business and Consumer Services > Marketing and Advertising,2.4333333333333336
49,surveoo.com,Business and Consumer Services > Marketing and Advertising,3.9333333333333336
50,infopanel.asia,Business and Consumer Services > Marketing and Advertising,2.0
1,linktr.ee,Business and Consumer Services > Digital Marketing,1.5666666666666667
2,smadex.com,Business and Consumer Services > Digital Marketing,2.1666666666666665
3,kmail-lists.com,Business and Consumer Services > Digital Marketing,0.6
4,hubspot.com,Business and Consumer Services > Digital Marketing,19.183333333333334
5,adfixus.com,Business and Consumer Services > Digital Marketing,0.25
6,tpbid.com,Business and Consumer Services > Digital Marketing,1.9
7,bling.com.br,Business and Consumer Services > Digital Marketing,21.35
8,youappi.com,Business and Consumer Services > Digital Marketing,0.7166666666666667
9,theadex.com,Business and Consumer Services > Digital Marketing,3.4166666666666665
10,gemius.com,Business and Consumer Services > Digital Marketing,0.5
11,semrush.com,Business and Consumer Services > Digital Marketing,6.35
12,noataque.com.br,Business and Consumer Services > Digital Marketing,0.75
13,similarweb.com,Business and Consumer Services > Digital Marketing,12.7
14,research-panel.jp,Business and Consumer Services > Digital Marketing,3.8333333333333335
15,reaper-scan.net,Business and Consumer Services > Digital Marketing,22.6
16,webinarjam.com,Business and Consumer Services > Digital Marketing,2.1333333333333333
17,gohighlevel.com,Business and Consumer Services > Digital Marketing,14.766666666666667
18,ehub.cz,Business and Consumer Services > Digital Marketing,0.21666666666666667
19,pubmatic.com,Business and Consumer Services > Digital Marketing,8.616666666666667
20,smaato.com,Business and Consumer Services > Digital Marketing,8.983333333333333
21,tidd.ly,Business and Consumer Services > Digital Marketing,0.95
22,simplycodes.com,Business and Consumer Services > Digital Marketing,2.9833333333333334
23,top10.com,Business and Consumer Services > Digital Marketing,0.9666666666666667
24,sejaefi.com.br,Business and Consumer Services > Digital Marketing,3.6333333333333333
25,publer.com,Business and Consumer Services > Digital Marketing,2.0833333333333335
26,getresponse.com,Business and Consumer Services > Digital Marketing,4.416666666666667
27,magalu.com,Business and Consumer Services > Digital Marketing,6.4
28,clicksign.com,Business and Consumer Services > Digital Marketing,6.483333333333333
29,usertesting.com,Business and Consumer Services > Digital Marketing,9.033333333333333
30,teachy.com.br,Business and Consumer Services > Digital Marketing,5.266666666666667
31,appsamurai.com,Business and Consumer Services > Digital Marketing,1.5166666666666666
32,bioma.health,Business and Consumer Services > Digital Marketing,1.3
33,urlgeni.us,Business and Consumer Services > Digital Marketing,0.5
34,ayetstudios.com,Business and Consumer Services > Digital Marketing,2.0
35,flodesk.com,Business and Consumer Services > Digital Marketing,3.216666666666667
36,tatlerasia.com,Business and Consumer Services > Digital Marketing,1.4166666666666667
37,shoplazza.com,Business and Consumer Services > Digital Marketing,1.0333333333333334
38,convertkit.com,Business and Consumer Services > Digital Marketing,0.4166666666666667
39,55content.com.br,Business and Consumer Services > Digital Marketing,0.21666666666666667
40,impact.com,Business and Consumer Services > Digital Marketing,11.55
41,livechat.com,Business and Consumer Services > Digital Marketing,2.7
42,hybrid.ai,Business and Consumer Services > Digital Marketing,0.9833333333333333
43,statcounter.com,Business and Consumer Services > Digital Marketing,5.25
44,blackhatworld.com,Business and Consumer Services > Digital Marketing,4.166666666666667
45,yourselfirst.com,Business and Consumer Services > Digital Marketing,6.433333333333334
46,cleverreach.com,Business and Consumer Services > Digital Marketing,1.8666666666666667
47,remerge.io,Business and Consumer Services > Digital Marketing,0.7666666666666667
48,brandbee.io,Business and Consumer Services > Digital Marketing,0.6666666666666666
49,leadconnectorhq.com,Business and Consumer Services > Digital Marketing,2.9833333333333334
50,salesloft.com,Business and Consumer Services > Digital Marketing,22.516666666666666
1,springer.com,Business and Consumer Services > Printing & Self Publishing,3.216666666666667
2,editorialmanager.com,Business and Consumer Services > Printing & Self Publishing,4.633333333333333
3,calameo.com,Business and Consumer Services > Printing & Self Publishing,1.95
4,frns.in,Business and Consumer Services > Printing & Self Publishing,1.45
5,ebsco.com,Business and Consumer Services > Printing & Self Publishing,5.116666666666666
6,shueisha.online,Business and Consumer Services > Printing & Self Publishing,2.466666666666667
7,povo.jp,Business and Consumer Services > Printing & Self Publishing,3.283333333333333
8,vistaprint.com,Business and Consumer Services > Printing & Self Publishing,6.6
9,kadokawa.co.jp,Business and Consumer Services > Printing & Self Publishing,1.5333333333333332
10,unobravo.com,Business and Consumer Services > Printing & Self Publishing,3.1333333333333333
11,emerald.com,Business and Consumer Services > Printing & Self Publishing,2.75
12,hubscuola.it,Business and Consumer Services > Printing & Self Publishing,10.783333333333333
13,lerobert.com,Business and Consumer Services > Printing & Self Publishing,2.033333333333333
14,condenast.com,Business and Consumer Services > Printing & Self Publishing,0.7333333333333333
15,tospo-keiba.jp,Business and Consumer Services > Printing & Self Publishing,3.0833333333333335
16,printfriendly.com,Business and Consumer Services > Printing & Self Publishing,1.6333333333333333
17,kosho.or.jp,Business and Consumer Services > Printing & Self Publishing,4.333333333333333
18,smart-theater.com,Business and Consumer Services > Printing & Self Publishing,4.0
19,nowaera.pl,Business and Consumer Services > Printing & Self Publishing,4.3
20,sanoma.fi,Business and Consumer Services > Printing & Self Publishing,1.3833333333333333
21,printpac.co.jp,Business and Consumer Services > Printing & Self Publishing,9.116666666666667
22,querie.me,Business and Consumer Services > Printing & Self Publishing,2.0
23,stickermule.com,Business and Consumer Services > Printing & Self Publishing,2.25
24,agniban.com,Business and Consumer Services > Printing & Self Publishing,1.8
25,abeka.com,Business and Consumer Services > Printing & Self Publishing,6.116666666666666
26,wolterskluwer.pl,Business and Consumer Services > Printing & Self Publishing,2.2333333333333334
27,maruzenjunkudo.co.jp,Business and Consumer Services > Printing & Self Publishing,2.1166666666666667
28,devoto-oli-junior.it,Business and Consumer Services > Printing & Self Publishing,0.5
29,lulu.com,Business and Consumer Services > Printing & Self Publishing,4.083333333333333
30,vistaprint.com.au,Business and Consumer Services > Printing & Self Publishing,4.433333333333334
31,deluxe.com,Business and Consumer Services > Printing & Self Publishing,4.7
32,acx.com,Business and Consumer Services > Printing & Self Publishing,3.4333333333333336
33,tkj.jp,Business and Consumer Services > Printing & Self Publishing,2.2333333333333334
34,printing.ne.jp,Business and Consumer Services > Printing & Self Publishing,3.3166666666666664
35,gelato.com,Business and Consumer Services > Printing & Self Publishing,5.55
36,ehonnavi.net,Business and Consumer Services > Printing & Self Publishing,2.85
37,liebertpub.com,Business and Consumer Services > Printing & Self Publishing,1.4166666666666667
38,flyeralarm.com,Business and Consumer Services > Printing & Self Publishing,5.416666666666667
39,otava.fi,Business and Consumer Services > Printing & Self Publishing,14.333333333333334
40,vistaprint.co.uk,Business and Consumer Services > Printing & Self Publishing,6.783333333333333
41,php.co.jp,Business and Consumer Services > Printing & Self Publishing,2.2
42,edelweiss.plus,Business and Consumer Services > Printing & Self Publishing,11.933333333333334
43,mediasphera.ru,Business and Consumer Services > Printing & Self Publishing,0.6833333333333333
44,printavo.com,Business and Consumer Services > Printing & Self Publishing,16.483333333333334
45,moo.com,Business and Consumer Services > Printing & Self Publishing,4.583333333333333
46,portalebambini.it,Business and Consumer Services > Printing & Self Publishing,1.8166666666666667
47,igi-global.com,Business and Consumer Services > Printing & Self Publishing,1.5
48,secutix.com,Business and Consumer Services > Printing & Self Publishing,4.766666666666667
49,pianetabambini.it,Business and Consumer Services > Printing & Self Publishing,3.6166666666666667
50,hachettebookgroup.com,Business and Consumer Services > Printing & Self Publishing,0.7166666666666667
1,zillow.com,Business and Consumer Services > Real Estate,5.966666666666667
2,realtor.com,Business and Consumer Services > Real Estate,5.266666666666667
3,redfin.com,Business and Consumer Services > Real Estate,4.35
4,rightmove.co.uk,Business and Consumer Services > Real Estate,8.3
5,suumo.jp,Business and Consumer Services > Real Estate,7.15
6,idealista.com,Business and Consumer Services > Real Estate,7.366666666666666
7,homes.com,Business and Consumer Services > Real Estate,4.2
8,realestate.com.au,Business and Consumer Services > Real Estate,6.266666666666667
9,apartments.com,Business and Consumer Services > Real Estate,5.216666666666667
10,immobilienscout24.de,Business and Consumer Services > Real Estate,6.5
11,homes.co.jp,Business and Consumer Services > Real Estate,5.3
12,immobiliare.it,Business and Consumer Services > Real Estate,6.483333333333333
13,idealista.it,Business and Consumer Services > Real Estate,6.166666666666667
14,cian.ru,Business and Consumer Services > Real Estate,6.616666666666667
15,realtor.ca,Business and Consumer Services > Real Estate,6.383333333333334
16,trulia.com,Business and Consumer Services > Real Estate,4.966666666666667
17,funda.nl,Business and Consumer Services > Real Estate,5.683333333333334
18,zoopla.co.uk,Business and Consumer Services > Real Estate,6.516666666666667
19,domclick.ru,Business and Consumer Services > Real Estate,3.6666666666666665
20,athome.co.jp,Business and Consumer Services > Real Estate,8.233333333333333
21,seloger.com,Business and Consumer Services > Real Estate,5.116666666666666
22,otodom.pl,Business and Consumer Services > Real Estate,5.266666666666667
23,zapimoveis.com.br,Business and Consumer Services > Real Estate,5.7
24,appfolio.com,Business and Consumer Services > Real Estate,7.933333333333334
25,99acres.com,Business and Consumer Services > Real Estate,3.716666666666667
26,domain.com.au,Business and Consumer Services > Real Estate,5.066666666666666
27,quintoandar.com.br,Business and Consumer Services > Real Estate,4.166666666666667
28,onthemarket.com,Business and Consumer Services > Real Estate,5.016666666666667
29,vivareal.com.br,Business and Consumer Services > Real Estate,5.533333333333333
30,onehome.com,Business and Consumer Services > Real Estate,4.733333333333333
31,property24.com,Business and Consumer Services > Real Estate,5.716666666666667
32,housing.com,Business and Consumer Services > Real Estate,3.3166666666666664
33,immowelt.de,Business and Consumer Services > Real Estate,5.1
34,hemnet.se,Business and Consumer Services > Real Estate,5.3
35,matterport.com,Business and Consumer Services > Real Estate,2.25
36,chavesnamao.com.br,Business and Consumer Services > Real Estate,10.0
37,realestate.yahoo.co.jp,Business and Consumer Services > Real Estate,1.5833333333333335
38,fotocasa.es,Business and Consumer Services > Real Estate,4.466666666666667
39,centris.ca,Business and Consumer Services > Real Estate,7.583333333333333
40,nobroker.in,Business and Consumer Services > Real Estate,3.8166666666666664
41,loopnet.com,Business and Consumer Services > Real Estate,4.683333333333334
42,magicbricks.com,Business and Consumer Services > Real Estate,3.3666666666666667
43,hepsiemlak.com,Business and Consumer Services > Real Estate,5.35
44,zonaprop.com.ar,Business and Consumer Services > Real Estate,5.816666666666666
45,casa.it,Business and Consumer Services > Real Estate,4.4
46,idealista.pt,Business and Consumer Services > Real Estate,7.866666666666667
47,bienici.com,Business and Consumer Services > Real Estate,4.2
48,emlakjet.com,Business and Consumer Services > Real Estate,4.316666666666666
49,clareityiam.net,Business and Consumer Services > Real Estate,2.9
50,batdongsan.com.vn,Business and Consumer Services > Real Estate,6.4
1,hausfrage.de,Business and Consumer Services > Moving & Relocation,0.75
2,astound.com,Business and Consumer Services > Moving & Relocation,3.0166666666666666
3,igv.com,Business and Consumer Services > Moving & Relocation,2.7
4,canary-app.jp,Business and Consumer Services > Moving & Relocation,2.066666666666667
5,smartmoving.com,Business and Consumer Services > Moving & Relocation,15.283333333333333
6,allconnect.com,Business and Consumer Services > Moving & Relocation,0.7833333333333333
7,taikyokun.com,Business and Consumer Services > Moving & Relocation,9.066666666666666
8,hellomoving.com,Business and Consumer Services > Moving & Relocation,22.233333333333334
9,relo.jp,Business and Consumer Services > Moving & Relocation,2.3666666666666667
10,sincellclinic.com,Business and Consumer Services > Moving & Relocation,1.1833333333333333
11,supermove.co,Business and Consumer Services > Moving & Relocation,7.15
12,budgetsmart.net,Business and Consumer Services > Moving & Relocation,1.0333333333333334
13,everreal.co,Business and Consumer Services > Moving & Relocation,1.35
14,umziehen.de,Business and Consumer Services > Moving & Relocation,1.1333333333333333
15,comparemymove.com,Business and Consumer Services > Moving & Relocation,1.2166666666666668
16,mietrecht.com,Business and Consumer Services > Moving & Relocation,1.1333333333333333
17,reallymoving.com,Business and Consumer Services > Moving & Relocation,12.783333333333333
18,mypieceofcakemove.com,Business and Consumer Services > Moving & Relocation,1.9333333333333333
19,promietrecht.de,Business and Consumer Services > Moving & Relocation,1.5166666666666666
20,smooth.jp,Business and Consumer Services > Moving & Relocation,0.5
21,allmysons.com,Business and Consumer Services > Moving & Relocation,1.9166666666666665
22,hireahelper.com,Business and Consumer Services > Moving & Relocation,1.6666666666666665
23,tokyobeta.jp,Business and Consumer Services > Moving & Relocation,2.1
24,movebuddha.com,Business and Consumer Services > Moving & Relocation,0.7333333333333333
25,movingwaldo.com,Business and Consumer Services > Moving & Relocation,0.95
26,narutouacjp.sharepoint.com,Business and Consumer Services > Moving & Relocation,
27,jonan73.jp,Business and Consumer Services > Moving & Relocation,3.2
28,mieterengel.de,Business and Consumer Services > Moving & Relocation,1.85
29,2movers.com,Business and Consumer Services > Moving & Relocation,0.6833333333333333
30,easysquare.com,Business and Consumer Services > Moving & Relocation,4.433333333333334
31,strideup.co,Business and Consumer Services > Moving & Relocation,2.716666666666667
32,mieterhilfeverein.de,Business and Consumer Services > Moving & Relocation,0.9333333333333333
33,budenheld.de,Business and Consumer Services > Moving & Relocation,1.6166666666666667
34,movinghelp.com,Business and Consumer Services > Moving & Relocation,1.6666666666666665
35,sirva.com,Business and Consumer Services > Moving & Relocation,5.266666666666667
36,move.org,Business and Consumer Services > Moving & Relocation,1.35
37,movetrac.com,Business and Consumer Services > Moving & Relocation,2.283333333333333
38,iammoving.com,Business and Consumer Services > Moving & Relocation,0.15
39,graebel.com,Business and Consumer Services > Moving & Relocation,5.583333333333333
40,rea-love.net,Business and Consumer Services > Moving & Relocation,25.25
41,spectrumonlineoffers.com,Business and Consumer Services > Moving & Relocation,2.183333333333333
42,billfish-security.squarespace.com,Business and Consumer Services > Moving & Relocation,
43,northamerican.com,Business and Consumer Services > Moving & Relocation,1.05
44,sumai-kyokasho.net,Business and Consumer Services > Moving & Relocation,1.5166666666666666
45,homeservices.com,Business and Consumer Services > Moving & Relocation,0.7666666666666667
46,abg.de,Business and Consumer Services > Moving & Relocation,1.0333333333333334
47,j-jp.jp,Business and Consumer Services > Moving & Relocation,0.3333333333333333
48,surveybooker.co.uk,Business and Consumer Services > Moving & Relocation,4.6
49,100yen-hikkoshi.com,Business and Consumer Services > Moving & Relocation,0.8333333333333334
50,americanvanlines.com,Business and Consumer Services > Moving & Relocation,0.5666666666666667
1,usps.com,Business and Consumer Services > Shipping and Logistics,2.7333333333333334
2,ups.com,Business and Consumer Services > Shipping and Logistics,3.1
3,fedex.com,Business and Consumer Services > Shipping and Logistics,3.283333333333333
4,kuronekoyamato.co.jp,Business and Consumer Services > Shipping and Logistics,3.4833333333333334
5,dhl.de,Business and Consumer Services > Shipping and Logistics,2.65
6,dhl.com,Business and Consumer Services > Shipping and Logistics,4.75
7,evri.com,Business and Consumer Services > Shipping and Logistics,3.466666666666667
8,jorudan.co.jp,Business and Consumer Services > Shipping and Logistics,4.133333333333334
9,sagawa-exp.co.jp,Business and Consumer Services > Shipping and Logistics,3.8
10,myhermes.de,Business and Consumer Services > Shipping and Logistics,1.8166666666666667
11,17track.net,Business and Consumer Services > Shipping and Logistics,2.1
12,pochta.ru,Business and Consumer Services > Shipping and Logistics,3.533333333333333
13,jreast.co.jp,Business and Consumer Services > Shipping and Logistics,2.8833333333333333
14,auspost.com.au,Business and Consumer Services > Shipping and Logistics,3.0166666666666666
15,cdek.ru,Business and Consumer Services > Shipping and Logistics,10.283333333333333
16,parcelsapp.com,Business and Consumer Services > Shipping and Logistics,1.9166666666666665
17,dpd.de,Business and Consumer Services > Shipping and Logistics,2.8833333333333333
18,dpdgroup.com,Business and Consumer Services > Shipping and Logistics,2.466666666666667
19,bluedart.com,Business and Consumer Services > Shipping and Logistics,2.35
20,correoargentino.com.ar,Business and Consumer Services > Shipping and Logistics,3.5833333333333335
21,dhlglobalmail.com,Business and Consumer Services > Shipping and Logistics,0.9
22,mondialrelay.fr,Business and Consumer Services > Shipping and Logistics,1.8333333333333335
23,chronopost.fr,Business and Consumer Services > Shipping and Logistics,2.183333333333333
24,ptt.gov.tr,Business and Consumer Services > Shipping and Logistics,2.1166666666666667
25,inpost.pl,Business and Consumer Services > Shipping and Logistics,2.25
26,aftership.com,Business and Consumer Services > Shipping and Logistics,1.5833333333333335
27,dpd.co.uk,Business and Consumer Services > Shipping and Logistics,3.95
28,aramex.com,Business and Consumer Services > Shipping and Logistics,2.0166666666666666
29,shipstation.com,Business and Consumer Services > Shipping and Logistics,8.283333333333333
30,ati.su,Business and Consumer Services > Shipping and Logistics,15.65
31,express.dhl,Business and Consumer Services > Shipping and Logistics,7.666666666666667
32,correos.es,Business and Consumer Services > Shipping and Logistics,2.966666666666667
33,dpd.com.pl,Business and Consumer Services > Shipping and Logistics,3.1
34,track24.ru,Business and Consumer Services > Shipping and Logistics,1.1
35,ontrac.com,Business and Consumer Services > Shipping and Logistics,2.0833333333333335
36,vesselfinder.com,Business and Consumer Services > Shipping and Logistics,3.1666666666666665
37,dpd.com,Business and Consumer Services > Shipping and Logistics,1.45
38,novaposhta.ua,Business and Consumer Services > Shipping and Logistics,6.366666666666666
39,mngkargo.com.tr,Business and Consumer Services > Shipping and Logistics,1.7166666666666668
40,purolator.com,Business and Consumer Services > Shipping and Logistics,4.016666666666667
41,gls-group.eu,Business and Consumer Services > Shipping and Logistics,1.8166666666666667
42,gls-pakete.de,Business and Consumer Services > Shipping and Logistics,1.8
43,mybrt.it,Business and Consumer Services > Shipping and Logistics,3.35
44,post.ch,Business and Consumer Services > Shipping and Logistics,3.3
45,gls-italy.com,Business and Consumer Services > Shipping and Logistics,3.0
46,mondialrelay.com,Business and Consumer Services > Shipping and Logistics,1.1833333333333333
47,samsara.com,Business and Consumer Services > Shipping and Logistics,16.366666666666667
48,yurticikargo.com,Business and Consumer Services > Shipping and Logistics,4.116666666666666
49,sf-express.com,Business and Consumer Services > Shipping and Logistics,4.016666666666667
50,dtdc.in,Business and Consumer Services > Shipping and Logistics,4.2
1,vevor.com,Business and Consumer Services > Textiles,2.5833333333333335
2,emlnk9.com,Business and Consumer Services > Textiles,0.95
3,brother.co.jp,Business and Consumer Services > Textiles,3.8333333333333335
4,messefrankfurt.com,Business and Consumer Services > Textiles,2.066666666666667
5,zip-site.com,Business and Consumer Services > Textiles,7.183333333333334
6,jysk.com,Business and Consumer Services > Textiles,2.6666666666666665
7,volza.com,Business and Consumer Services > Textiles,2.716666666666667
8,raskinexecsearch.com,Business and Consumer Services > Textiles,1.2666666666666666
9,burlington.com,Business and Consumer Services > Textiles,2.0166666666666666
10,dizipal833.com,Business and Consumer Services > Textiles,3.6833333333333336
11,crc.com.cn,Business and Consumer Services > Textiles,8.633333333333333
12,dizipal834.com,Business and Consumer Services > Textiles,1.9166666666666665
13,visualcomfort.com,Business and Consumer Services > Textiles,5.133333333333334
14,made-in.be,Business and Consumer Services > Textiles,1.2
15,karsten.com.br,Business and Consumer Services > Textiles,2.466666666666667
16,adani.com,Business and Consumer Services > Textiles,9.1
17,shopvox.com,Business and Consumer Services > Textiles,21.083333333333332
18,naperol.com,Business and Consumer Services > Textiles,43.916666666666664
19,go4worldbusiness.com,Business and Consumer Services > Textiles,2.85
20,shinsegaegroupnewsroom.com,Business and Consumer Services > Textiles,2.65
21,kita.net,Business and Consumer Services > Textiles,5.016666666666667
22,exxon.com,Business and Consumer Services > Textiles,1.4166666666666667
23,tesa.com,Business and Consumer Services > Textiles,1.5333333333333332
24,tendata.cn,Business and Consumer Services > Textiles,4.433333333333334
25,abfrl.com,Business and Consumer Services > Textiles,2.0833333333333335
26,intertek.com,Business and Consumer Services > Textiles,2.3166666666666664
27,infosalons.com.cn,Business and Consumer Services > Textiles,0.35
28,bharat-tex.com,Business and Consumer Services > Textiles,8.883333333333333
29,odpbusiness.com,Business and Consumer Services > Textiles,5.45
30,designinfo.in,Business and Consumer Services > Textiles,0.8
31,qima.com,Business and Consumer Services > Textiles,1.2666666666666666
32,synchronybusiness.com,Business and Consumer Services > Textiles,5.7
33,dmc.com,Business and Consumer Services > Textiles,2.7333333333333334
34,chevignon.com.co,Business and Consumer Services > Textiles,4.066666666666666
35,fourhands.com,Business and Consumer Services > Textiles,5.85
36,wel-up.com,Business and Consumer Services > Textiles,1.5166666666666666
37,ninja-sign.com,Business and Consumer Services > Textiles,6.316666666666666
38,sk.com,Business and Consumer Services > Textiles,1.8666666666666667
39,servpronet.io,Business and Consumer Services > Textiles,20.1
40,spa-cloud.com,Business and Consumer Services > Textiles,4.45
41,trademo.com,Business and Consumer Services > Textiles,2.7333333333333334
42,adityabirla.com,Business and Consumer Services > Textiles,2.5
43,gore.com,Business and Consumer Services > Textiles,1.1166666666666667
44,sinochem.com,Business and Consumer Services > Textiles,13.25
45,lemaire.fr,Business and Consumer Services > Textiles,2.033333333333333
46,candy-group.com,Business and Consumer Services > Textiles,0.35
47,vzconnect.com,Business and Consumer Services > Textiles,1.4666666666666668
48,pidilite.com,Business and Consumer Services > Textiles,11.75
49,voltas.com,Business and Consumer Services > Textiles,1.1
50,toscano.it,Business and Consumer Services > Textiles,2.066666666666667
1,vkvideo.ru,Computers Electronics and Technology > Computer Hardware,7.0
2,comick.io,Computers Electronics and Technology > Computer Hardware,12.633333333333333
3,ixbt.com,Computers Electronics and Technology > Computer Hardware,1.5166666666666666
4,lenovo.com,Computers Electronics and Technology > Computer Hardware,4.133333333333334
5,nvidia.com,Computers Electronics and Technology > Computer Hardware,3.3833333333333333
6,dell.com,Computers Electronics and Technology > Computer Hardware,4.333333333333333
7,asus.com,Computers Electronics and Technology > Computer Hardware,3.7333333333333334
8,zoom.com,Computers Electronics and Technology > Computer Hardware,1.5666666666666667
9,ibm.com,Computers Electronics and Technology > Computer Hardware,6.1
10,nova.rs,Computers Electronics and Technology > Computer Hardware,1.7
11,intel.com,Computers Electronics and Technology > Computer Hardware,3.9333333333333336
12,msi.com,Computers Electronics and Technology > Computer Hardware,3.183333333333333
13,tomshardware.com,Computers Electronics and Technology > Computer Hardware,1.2166666666666668
14,amd.com,Computers Electronics and Technology > Computer Hardware,3.4
15,apple.com.cn,Computers Electronics and Technology > Computer Hardware,1.8333333333333335
16,technical.city,Computers Electronics and Technology > Computer Hardware,2.65
17,overclockers.ru,Computers Electronics and Technology > Computer Hardware,1.4
18,3dnews.ru,Computers Electronics and Technology > Computer Hardware,1.6
19,microcenter.com,Computers Electronics and Technology > Computer Hardware,4.616666666666667
20,ricoh.com,Computers Electronics and Technology > Computer Hardware,9.383333333333333
21,pcpartpicker.com,Computers Electronics and Technology > Computer Hardware,8.033333333333333
22,notebookcheck.com,Computers Electronics and Technology > Computer Hardware,1.3333333333333333
23,dospara.co.jp,Computers Electronics and Technology > Computer Hardware,3.5
24,arduino.cc,Computers Electronics and Technology > Computer Hardware,4.85
25,litetekno.com,Computers Electronics and Technology > Computer Hardware,2.6666666666666665
26,logitech.com,Computers Electronics and Technology > Computer Hardware,2.2666666666666666
27,acer.com,Computers Electronics and Technology > Computer Hardware,3.3833333333333333
28,gigabyte.com,Computers Electronics and Technology > Computer Hardware,3.3333333333333335
29,neoseeker.com,Computers Electronics and Technology > Computer Hardware,3.3
30,fujitsu.com,Computers Electronics and Technology > Computer Hardware,8.4
31,corsair.com,Computers Electronics and Technology > Computer Hardware,2.183333333333333
32,pc-koubou.jp,Computers Electronics and Technology > Computer Hardware,3.2666666666666666
33,ahamo.com,Computers Electronics and Technology > Computer Hardware,2.466666666666667
34,geni.us,Computers Electronics and Technology > Computer Hardware,0.9666666666666667
35,techspot.com,Computers Electronics and Technology > Computer Hardware,1.3
36,lenovo.com.cn,Computers Electronics and Technology > Computer Hardware,3.25
37,asrock.com,Computers Electronics and Technology > Computer Hardware,3.1
38,sweclockers.com,Computers Electronics and Technology > Computer Hardware,3.966666666666667
39,benchmark.pl,Computers Electronics and Technology > Computer Hardware,0.9333333333333333
40,eid.gov.rs,Computers Electronics and Technology > Computer Hardware,4.35
41,westerndigital.com,Computers Electronics and Technology > Computer Hardware,1.9
42,guru3d.com,Computers Electronics and Technology > Computer Hardware,1.1166666666666667
43,asus.com.cn,Computers Electronics and Technology > Computer Hardware,3.5666666666666664
44,adrenaline.com.br,Computers Electronics and Technology > Computer Hardware,0.75
45,gigatron.rs,Computers Electronics and Technology > Computer Hardware,2.3833333333333333
46,avsforum.com,Computers Electronics and Technology > Computer Hardware,3.6166666666666667
47,cdek.shopping,Computers Electronics and Technology > Computer Hardware,1.9666666666666668
48,gazlog.jp,Computers Electronics and Technology > Computer Hardware,1.2
49,overclockers.co.uk,Computers Electronics and Technology > Computer Hardware,2.9833333333333334
50,zfrontier.com,Computers Electronics and Technology > Computer Hardware,1.2333333333333334
1,duosecurity.com,Computers Electronics and Technology > Computer Security,1.0166666666666666
2,adblockplus.org,Computers Electronics and Technology > Computer Security,0.13333333333333333
3,pages.dev,Computers Electronics and Technology > Computer Security,2.966666666666667
4,mcas.ms,Computers Electronics and Technology > Computer Security,4.883333333333333
5,mywot.com,Computers Electronics and Technology > Computer Security,0.11666666666666667
6,360.cn,Computers Electronics and Technology > Computer Security,1.8
7,cloudflare.com,Computers Electronics and Technology > Computer Security,5.183333333333334
8,norton.com,Computers Electronics and Technology > Computer Security,3.05
9,mcafee.com,Computers Electronics and Technology > Computer Security,1.6333333333333333
10,totalav.com,Computers Electronics and Technology > Computer Security,1.1666666666666667
11,bcnexum.com,Computers Electronics and Technology > Computer Security,23.8
12,pingone.com,Computers Electronics and Technology > Computer Security,2.5166666666666666
13,virustotal.com,Computers Electronics and Technology > Computer Security,2.8333333333333335
14,tukif.porn,Computers Electronics and Technology > Computer Security,6.833333333333333
15,n.cn,Computers Electronics and Technology > Computer Security,4.816666666666666
16,pbapi.xyz,Computers Electronics and Technology > Computer Security,0.6666666666666666
17,kaspersky.com,Computers Electronics and Technology > Computer Security,3.216666666666667
18,topicrich.com,Computers Electronics and Technology > Computer Security,11.65
19,odysee.com,Computers Electronics and Technology > Computer Security,3.75
20,lanzouw.com,Computers Electronics and Technology > Computer Security,1.7833333333333332
21,avast.com,Computers Electronics and Technology > Computer Security,1.7833333333333332
22,lanzoub.com,Computers Electronics and Technology > Computer Security,1.8833333333333333
23,kmcert.com,Computers Electronics and Technology > Computer Security,1.6166666666666667
24,avg.com,Computers Electronics and Technology > Computer Security,1.55
25,bitdefender.com,Computers Electronics and Technology > Computer Security,3.533333333333333
26,sophos.com,Computers Electronics and Technology > Computer Security,3.6166666666666667
27,hoathinh3d.live,Computers Electronics and Technology > Computer Security,8.616666666666667
28,linux.do,Computers Electronics and Technology > Computer Security,12.316666666666666
29,faselplus.com,Computers Electronics and Technology > Computer Security,6.133333333333334
30,eset.com,Computers Electronics and Technology > Computer Security,4.3
31,opendns.com,Computers Electronics and Technology > Computer Security,1.9666666666666668
32,comss.ru,Computers Electronics and Technology > Computer Security,2.6166666666666667
33,santanderopenacademy.com,Computers Electronics and Technology > Computer Security,5.933333333333334
34,avira.com,Computers Electronics and Technology > Computer Security,1.85
35,theregister.com,Computers Electronics and Technology > Computer Security,2.183333333333333
36,pimeyes.com,Computers Electronics and Technology > Computer Security,3.533333333333333
37,kaspersky.ru,Computers Electronics and Technology > Computer Security,1.9166666666666665
38,fortinet.com,Computers Electronics and Technology > Computer Security,6.516666666666667
39,gogoanime3.cc,Computers Electronics and Technology > Computer Security,6.766666666666667
40,mcafeemobilesecurity.com,Computers Electronics and Technology > Computer Security,1.9833333333333334
41,paloaltonetworks.com,Computers Electronics and Technology > Computer Security,4.616666666666667
42,us.kg,Computers Electronics and Technology > Computer Security,3.95
43,tryhackme.com,Computers Electronics and Technology > Computer Security,5.083333333333333
44,knowbe4.com,Computers Electronics and Technology > Computer Security,8.833333333333334
45,lanzouv.com,Computers Electronics and Technology > Computer Security,1.5
46,itglue.com,Computers Electronics and Technology > Computer Security,8.733333333333333
47,yandex.cloud,Computers Electronics and Technology > Computer Security,4.533333333333333
48,downdetector.su,Computers Electronics and Technology > Computer Security,1.4333333333333333
49,pingidentity.com,Computers Electronics and Technology > Computer Security,2.2333333333333334
50,vpnoverview.com,Computers Electronics and Technology > Computer Security,0.8666666666666667
1,sharepoint.com,Computers Electronics and Technology > Computers Electronics and Technology - Other,7.55
2,t.me,Computers Electronics and Technology > Computers Electronics and Technology - Other,2.8333333333333335
3,zoom.us,Computers Electronics and Technology > Computers Electronics and Technology - Other,3.65
4,openai.com,Computers Electronics and Technology > Computers Electronics and Technology - Other,1.7833333333333332
5,adobe.com,Computers Electronics and Technology > Computers Electronics and Technology - Other,3.8
6,brave.com,Computers Electronics and Technology > Computers Electronics and Technology - Other,3.85
7,aol.com,Computers Electronics and Technology > Computers Electronics and Technology - Other,10.5
8,kakao.com,Computers Electronics and Technology > Computers Electronics and Technology - Other,2.85
9,character.ai,Computers Electronics and Technology > Computers Electronics and Technology - Other,17.383333333333333
10,note.com,Computers Electronics and Technology > Computers Electronics and Technology - Other,2.5833333333333335
11,wordpress.com,Computers Electronics and Technology > Computers Electronics and Technology - Other,3.9166666666666665
12,okta.com,Computers Electronics and Technology > Computers Electronics and Technology - Other,3.85
13,tistory.com,Computers Electronics and Technology > Computers Electronics and Technology - Other,3.6666666666666665
14,notion.so,Computers Electronics and Technology > Computers Electronics and Technology - Other,9.133333333333333
15,adjust.com,Computers Electronics and Technology > Computers Electronics and Technology - Other,1.0
16,cloud.mail.ru,Computers Electronics and Technology > Computers Electronics and Technology - Other,5.0
17,kick.com,Computers Electronics and Technology > Computers Electronics and Technology - Other,8.333333333333334
18,translate.goog,Computers Electronics and Technology > Computers Electronics and Technology - Other,5.683333333333334
19,speedtest.net,Computers Electronics and Technology > Computers Electronics and Technology - Other,2.6333333333333333
20,goo.gl,Computers Electronics and Technology > Computers Electronics and Technology - Other,0.7333333333333333
21,amazonaws.com,Computers Electronics and Technology > Computers Electronics and Technology - Other,3.6833333333333336
22,itmedia.co.jp,Computers Electronics and Technology > Computers Electronics and Technology - Other,1.6833333333333333
23,figma.com,Computers Electronics and Technology > Computers Electronics and Technology - Other,14.016666666666667
24,zendesk.com,Computers Electronics and Technology > Computers Electronics and Technology - Other,7.616666666666667
25,app.link,Computers Electronics and Technology > Computers Electronics and Technology - Other,0.7833333333333333
26,page.link,Computers Electronics and Technology > Computers Electronics and Technology - Other,0.6166666666666667
27,pantip.com,Computers Electronics and Technology > Computers Electronics and Technology - Other,2.5166666666666666
28,g.co,Computers Electronics and Technology > Computers Electronics and Technology - Other,0.75
29,gsmarena.com,Computers Electronics and Technology > Computers Electronics and Technology - Other,2.8666666666666667
30,weibo.cn,Computers Electronics and Technology > Computers Electronics and Technology - Other,6.55
31,fast.com,Computers Electronics and Technology > Computers Electronics and Technology - Other,1.7833333333333332
32,hotmart.com,Computers Electronics and Technology > Computers Electronics and Technology - Other,6.566666666666666
33,stackexchange.com,Computers Electronics and Technology > Computers Electronics and Technology - Other,1.7666666666666666
34,ppomppu.co.kr,Computers Electronics and Technology > Computers Electronics and Technology - Other,9.883333333333333
35,storage.googleapis.com,Computers Electronics and Technology > Computers Electronics and Technology - Other,2.6166666666666667
36,chip.de,Computers Electronics and Technology > Computers Electronics and Technology - Other,1.25
37,croxyproxy.com,Computers Electronics and Technology > Computers Electronics and Technology - Other,1.35
38,att.net,Computers Electronics and Technology > Computers Electronics and Technology - Other,2.6833333333333336
39,guard.io,Computers Electronics and Technology > Computers Electronics and Technology - Other,1.5166666666666666
40,tinyurl.com,Computers Electronics and Technology > Computers Electronics and Technology - Other,0.9166666666666666
41,free.fr,Computers Electronics and Technology > Computers Electronics and Technology - Other,5.483333333333333
42,xataka.com,Computers Electronics and Technology > Computers Electronics and Technology - Other,0.9
43,music.apple.com,Computers Electronics and Technology > Computers Electronics and Technology - Other,3.033333333333333
44,tomsguide.com,Computers Electronics and Technology > Computers Electronics and Technology - Other,1.1833333333333333
45,telegram.me,Computers Electronics and Technology > Computers Electronics and Technology - Other,1.6
46,awstrack.me,Computers Electronics and Technology > Computers Electronics and Technology - Other,0.7666666666666667
47,asana.com,Computers Electronics and Technology > Computers Electronics and Technology - Other,11.45
48,surveymonkey.com,Computers Electronics and Technology > Computers Electronics and Technology - Other,2.1166666666666667
49,tencent.com,Computers Electronics and Technology > Computers Electronics and Technology - Other,4.933333333333334
50,habr.com,Computers Electronics and Technology > Computers Electronics and Technology - Other,2.4833333333333334
1,samsung.com,Computers Electronics and Technology > Consumer Electronics,1.6666666666666665
2,apple.com,Computers Electronics and Technology > Consumer Electronics,2.5
3,bestbuy.com,Computers Electronics and Technology > Consumer Electronics,4.266666666666667
4,huawei.com,Computers Electronics and Technology > Consumer Electronics,9.8
5,hp.com,Computers Electronics and Technology > Consumer Electronics,4.466666666666667
6,mi.com,Computers Electronics and Technology > Consumer Electronics,2.7
7,mediaexpert.pl,Computers Electronics and Technology > Consumer Electronics,3.4333333333333336
8,yodobashi.com,Computers Electronics and Technology > Consumer Electronics,4.716666666666667
9,danawa.com,Computers Electronics and Technology > Consumer Electronics,4.933333333333334
10,samsung.com.cn,Computers Electronics and Technology > Consumer Electronics,0.9333333333333333
11,thegioididong.com,Computers Electronics and Technology > Consumer Electronics,3.066666666666667
12,sony.com,Computers Electronics and Technology > Consumer Electronics,1.9666666666666668
13,mediamarkt.de,Computers Electronics and Technology > Consumer Electronics,3.3333333333333335
14,ring.com,Computers Electronics and Technology > Consumer Electronics,3.8166666666666664
15,lg.com,Computers Electronics and Technology > Consumer Electronics,2.183333333333333
16,roku.com,Computers Electronics and Technology > Consumer Electronics,4.616666666666667
17,cellphones.com.vn,Computers Electronics and Technology > Consumer Electronics,2.5833333333333335
18,samsungconsent.com,Computers Electronics and Technology > Consumer Electronics,1.4833333333333334
19,shop.samsung.com.cn,Computers Electronics and Technology > Consumer Electronics,2.2333333333333334
20,shop.samsung.com,Computers Electronics and Technology > Consumer Electronics,2.0
21,jbhifi.com.au,Computers Electronics and Technology > Consumer Electronics,3.6166666666666667
22,dienmayxanh.com,Computers Electronics and Technology > Consumer Electronics,2.65
23,biccamera.com,Computers Electronics and Technology > Consumer Electronics,3.2666666666666666
24,euro.com.pl,Computers Electronics and Technology > Consumer Electronics,2.5
25,versus.com,Computers Electronics and Technology > Consumer Electronics,2.15
26,fptshop.com.vn,Computers Electronics and Technology > Consumer Electronics,3.4333333333333336
27,bestbuy.ca,Computers Electronics and Technology > Consumer Electronics,3.3666666666666667
28,newegg.com,Computers Electronics and Technology > Consumer Electronics,4.566666666666666
29,realme.com,Computers Electronics and Technology > Consumer Electronics,1.5166666666666666
30,rfgricoh.sharepoint.com,Computers Electronics and Technology > Consumer Electronics,12.816666666666666
31,bhphotovideo.com,Computers Electronics and Technology > Consumer Electronics,3.283333333333333
32,vivo.com,Computers Electronics and Technology > Consumer Electronics,1.2166666666666668
33,misumi-ec.com,Computers Electronics and Technology > Consumer Electronics,7.316666666666666
34,panasonic.com,Computers Electronics and Technology > Consumer Electronics,4.15
35,oppo.com,Computers Electronics and Technology > Consumer Electronics,1.6
36,kabum.com.br,Computers Electronics and Technology > Consumer Electronics,3.966666666666667
37,dji.com,Computers Electronics and Technology > Consumer Electronics,3.1
38,panasonic.jp,Computers Electronics and Technology > Consumer Electronics,3.1666666666666665
39,xiaomi.com,Computers Electronics and Technology > Consumer Electronics,4.35
40,casio.com,Computers Electronics and Technology > Consumer Electronics,2.1166666666666667
41,darty.com,Computers Electronics and Technology > Consumer Electronics,3.0833333333333335
42,pccomponentes.com,Computers Electronics and Technology > Consumer Electronics,3.8833333333333333
43,sony.jp,Computers Electronics and Technology > Consumer Electronics,3.0833333333333335
44,yanhh3d.tv,Computers Electronics and Technology > Consumer Electronics,13.633333333333333
45,casio.jp,Computers Electronics and Technology > Consumer Electronics,2.8333333333333335
46,uscellular.com,Computers Electronics and Technology > Consumer Electronics,4.566666666666666
47,webuy.com,Computers Electronics and Technology > Consumer Electronics,6.0
48,rtings.com,Computers Electronics and Technology > Consumer Electronics,2.6
49,samsungcareplus.com,Computers Electronics and Technology > Consumer Electronics,1.7833333333333332
50,mediamarkt.es,Computers Electronics and Technology > Consumer Electronics,2.75
1,live.com,Computers Electronics and Technology > Email,7.233333333333333
2,mail.ru,Computers Electronics and Technology > Email,7.8
3,outlook.com,Computers Electronics and Technology > Email,1.5
4,web.de,Computers Electronics and Technology > Email,6.266666666666667
5,gmail.com,Computers Electronics and Technology > Email,1.0166666666666666
6,gmx.net,Computers Electronics and Technology > Email,5.983333333333333
7,list-manage.com,Computers Electronics and Technology > Email,1.0
8,sendgrid.net,Computers Electronics and Technology > Email,0.9
9,gxcorner.games,Computers Electronics and Technology > Email,1.85
10,hotmail.com,Computers Electronics and Technology > Email,1.5
11,live.net,Computers Electronics and Technology > Email,2.5833333333333335
12,evite.com,Computers Electronics and Technology > Email,2.8833333333333333
13,szn.cz,Computers Electronics and Technology > Email,2.716666666666667
14,tv-sporten.com,Computers Electronics and Technology > Email,1.1
15,temp-mail.org,Computers Electronics and Technology > Email,4.666666666666667
16,freemail.hu,Computers Electronics and Technology > Email,6.883333333333333
17,mailchimp.com,Computers Electronics and Technology > Email,8.733333333333333
18,linkedinmobileapp.com,Computers Electronics and Technology > Email,0.16666666666666666
19,mailchi.mp,Computers Electronics and Technology > Email,1.1166666666666667
20,mail.com,Computers Electronics and Technology > Email,5.666666666666667
21,emailnator.com,Computers Electronics and Technology > Email,1.6833333333333333
22,odido.nl,Computers Electronics and Technology > Email,3.8166666666666664
23,chatgptchatapp.com,Computers Electronics and Technology > Email,4.45
24,families.google,Computers Electronics and Technology > Email,1.0666666666666667
25,126.com,Computers Electronics and Technology > Email,5.466666666666667
26,mimecast.com,Computers Electronics and Technology > Email,7.05
27,1drv.ms,Computers Electronics and Technology > Email,1.7
28,cybermail.jp,Computers Electronics and Technology > Email,13.866666666666667
29,liveinternet.ru,Computers Electronics and Technology > Email,5.633333333333333
30,gmx.ch,Computers Electronics and Technology > Email,3.75
31,posteo.de,Computers Electronics and Technology > Email,5.2
32,mlsend.com,Computers Electronics and Technology > Email,0.8833333333333333
33,webmail.free.fr,Computers Electronics and Technology > Email,6.1
34,kpnmail.nl,Computers Electronics and Technology > Email,5.583333333333333
35,fastmail.com,Computers Electronics and Technology > Email,11.0
36,convertkit-mail2.com,Computers Electronics and Technology > Email,0.95
37,g-cloud.by,Computers Electronics and Technology > Email,18.016666666666666
38,gmx.com,Computers Electronics and Technology > Email,5.916666666666667
39,mpse.jp,Computers Electronics and Technology > Email,1.1333333333333333
40,hao6v.tv,Computers Electronics and Technology > Email,2.783333333333333
41,feijipan.com,Computers Electronics and Technology > Email,1.9166666666666665
42,cmail19.com,Computers Electronics and Technology > Email,0.7166666666666667
43,ferozo.email,Computers Electronics and Technology > Email,14.233333333333333
44,microsoftpersonalcontent.com,Computers Electronics and Technology > Email,2.5666666666666664
45,ok.de,Computers Electronics and Technology > Email,21.466666666666665
46,mail.bg,Computers Electronics and Technology > Email,5.566666666666666
47,cmail20.com,Computers Electronics and Technology > Email,0.6166666666666667
48,campaign-archive.com,Computers Electronics and Technology > Email,1.6666666666666665
49,yopmail.com,Computers Electronics and Technology > Email,4.8
50,networksolutionsemail.com,Computers Electronics and Technology > Email,7.633333333333333
1,mediafire.com,Computers Electronics and Technology > File Sharing and Hosting,3.55
2,dropbox.com,Computers Electronics and Technology > File Sharing and Hosting,5.383333333333334
3,savefrom.net,Computers Electronics and Technology > File Sharing and Hosting,3.1166666666666667
4,imgur.com,Computers Electronics and Technology > File Sharing and Hosting,2.6166666666666667
5,mega.nz,Computers Electronics and Technology > File Sharing and Hosting,4.133333333333334
6,wetransfer.com,Computers Electronics and Technology > File Sharing and Hosting,2.5166666666666666
7,wearychallengeraise.com,Computers Electronics and Technology > File Sharing and Hosting,1.2833333333333332
8,box.com,Computers Electronics and Technology > File Sharing and Hosting,11.4
9,videy.co,Computers Electronics and Technology > File Sharing and Hosting,7.75
10,landapplics.com,Computers Electronics and Technology > File Sharing and Hosting,1.3166666666666667
11,yts.mx,Computers Electronics and Technology > File Sharing and Hosting,3.216666666666667
12,gofile.io,Computers Electronics and Technology > File Sharing and Hosting,3.4833333333333334
13,rutracker.org,Computers Electronics and Technology > File Sharing and Hosting,5.633333333333333
14,rainberrytv.com,Computers Electronics and Technology > File Sharing and Hosting,3.8
15,rapidgator.net,Computers Electronics and Technology > File Sharing and Hosting,5.233333333333333
16,thepiratebay.org,Computers Electronics and Technology > File Sharing and Hosting,3.9
17,apkmody.com,Computers Electronics and Technology > File Sharing and Hosting,1.1666666666666667
18,topcinema.cam,Computers Electronics and Technology > File Sharing and Hosting,7.35
19,torrentgalaxy.to,Computers Electronics and Technology > File Sharing and Hosting,4.416666666666667
20,gamerxyt.com,Computers Electronics and Technology > File Sharing and Hosting,3.0166666666666666
21,yt1d.com,Computers Electronics and Technology > File Sharing and Hosting,2.55
22,1fichier.com,Computers Electronics and Technology > File Sharing and Hosting,3.15
23,1024tera.com,Computers Electronics and Technology > File Sharing and Hosting,3.9833333333333334
24,mixdrop.ps,Computers Electronics and Technology > File Sharing and Hosting,4.666666666666667
25,getmodsapk.com,Computers Electronics and Technology > File Sharing and Hosting,2.0166666666666666
26,katfile.com,Computers Electronics and Technology > File Sharing and Hosting,3.9333333333333336
27,nocookie.net,Computers Electronics and Technology > File Sharing and Hosting,2.3333333333333335
28,terabox.com,Computers Electronics and Technology > File Sharing and Hosting,3.3666666666666667
29,ibb.co,Computers Electronics and Technology > File Sharing and Hosting,2.5833333333333335
30,utorrent.com,Computers Electronics and Technology > File Sharing and Hosting,1.3166666666666667
31,freeip.me,Computers Electronics and Technology > File Sharing and Hosting,2.3333333333333335
32,1377x.to,Computers Electronics and Technology > File Sharing and Hosting,3.9
33,advertisingcamps.com,Computers Electronics and Technology > File Sharing and Hosting,5.616666666666667
34,yummyadvertiseexploded.com,Computers Electronics and Technology > File Sharing and Hosting,1.4333333333333333
35,shrinkme.ink,Computers Electronics and Technology > File Sharing and Hosting,3.35
36,vcloud.lol,Computers Electronics and Technology > File Sharing and Hosting,3.9833333333333334
37,snapinsta.app,Computers Electronics and Technology > File Sharing and Hosting,1.4833333333333334
38,rutor.info,Computers Electronics and Technology > File Sharing and Hosting,4.233333333333333
39,gdtot.dad,Computers Electronics and Technology > File Sharing and Hosting,5.4
40,linkmake.in,Computers Electronics and Technology > File Sharing and Hosting,3.6166666666666667
41,nkiri.com,Computers Electronics and Technology > File Sharing and Hosting,4.316666666666666
42,pixeldra.in,Computers Electronics and Technology > File Sharing and Hosting,3.3333333333333335
43,devuploads.com,Computers Electronics and Technology > File Sharing and Hosting,3.716666666666667
44,mrproblogger.com,Computers Electronics and Technology > File Sharing and Hosting,4.033333333333333
45,billaesopus.com,Computers Electronics and Technology > File Sharing and Hosting,3.3833333333333333
46,k2s.cc,Computers Electronics and Technology > File Sharing and Hosting,4.65
47,pahe.ink,Computers Electronics and Technology > File Sharing and Hosting,3.9833333333333334
48,readthedocs.io,Computers Electronics and Technology > File Sharing and Hosting,3.6333333333333333
49,postimg.cc,Computers Electronics and Technology > File Sharing and Hosting,2.8
50,hblinks.pro,Computers Electronics and Technology > File Sharing and Hosting,3.4333333333333336
1,canva.com,Computers Electronics and Technology > Graphics Multimedia and Web Design,7.416666666666667
2,doanaudabu.net,Computers Electronics and Technology > Graphics Multimedia and Web Design,6.65
3,remove.bg,Computers Electronics and Technology > Graphics Multimedia and Web Design,4.233333333333333
4,wixsite.com,Computers Electronics and Technology > Graphics Multimedia and Web Design,2.716666666666667
5,jotform.com,Computers Electronics and Technology > Graphics Multimedia and Web Design,3.6
6,capcut.com,Computers Electronics and Technology > Graphics Multimedia and Web Design,3.6833333333333336
7,me-qr.com,Computers Electronics and Technology > Graphics Multimedia and Web Design,2.1333333333333333
8,hailuoai.video,Computers Electronics and Technology > Graphics Multimedia and Web Design,8.516666666666667
9,saveclip.app,Computers Electronics and Technology > Graphics Multimedia and Web Design,3.066666666666667
10,affinity.net,Computers Electronics and Technology > Graphics Multimedia and Web Design,0.8
11,manage.wix.com,Computers Electronics and Technology > Graphics Multimedia and Web Design,9.0
12,iloveimg.com,Computers Electronics and Technology > Graphics Multimedia and Web Design,4.2
13,envato.com,Computers Electronics and Technology > Graphics Multimedia and Web Design,7.266666666666667
14,freeconvert.com,Computers Electronics and Technology > Graphics Multimedia and Web Design,2.85
15,beacons.ai,Computers Electronics and Technology > Graphics Multimedia and Web Design,0.9166666666666666
16,nordot.app,Computers Electronics and Technology > Graphics Multimedia and Web Design,0.8666666666666667
17,litaudrootsa.net,Computers Electronics and Technology > Graphics Multimedia and Web Design,3.8166666666666664
18,lit.link,Computers Electronics and Technology > Graphics Multimedia and Web Design,2.4833333333333334
19,dafont.com,Computers Electronics and Technology > Graphics Multimedia and Web Design,4.3
20,klingai.com,Computers Electronics and Technology > Graphics Multimedia and Web Design,9.55
21,loom.com,Computers Electronics and Technology > Graphics Multimedia and Web Design,4.716666666666667
22,snapsave.app,Computers Electronics and Technology > Graphics Multimedia and Web Design,3.0
23,nexdrive.lol,Computers Electronics and Technology > Graphics Multimedia and Web Design,4.333333333333333
24,y2meta.tube,Computers Electronics and Technology > Graphics Multimedia and Web Design,3.6
25,photopea.com,Computers Electronics and Technology > Graphics Multimedia and Web Design,3.066666666666667
26,zoho.in,Computers Electronics and Technology > Graphics Multimedia and Web Design,15.45
27,midjourney.com,Computers Electronics and Technology > Graphics Multimedia and Web Design,13.383333333333333
28,fastvideosave.net,Computers Electronics and Technology > Graphics Multimedia and Web Design,3.7333333333333334
29,pixelcut.ai,Computers Electronics and Technology > Graphics Multimedia and Web Design,3.8833333333333333
30,pngwing.com,Computers Electronics and Technology > Graphics Multimedia and Web Design,3.8
31,veed.io,Computers Electronics and Technology > Graphics Multimedia and Web Design,4.683333333333334
32,dribbble.com,Computers Electronics and Technology > Graphics Multimedia and Web Design,4.35
33,invideo.io,Computers Electronics and Technology > Graphics Multimedia and Web Design,4.583333333333333
34,ola.click,Computers Electronics and Technology > Graphics Multimedia and Web Design,1.6166666666666667
35,myfonts.com,Computers Electronics and Technology > Graphics Multimedia and Web Design,3.3333333333333335
36,pinterestdownloader.com,Computers Electronics and Technology > Graphics Multimedia and Web Design,3.2333333333333334
37,getrushapp.com,Computers Electronics and Technology > Graphics Multimedia and Web Design,2.0166666666666666
38,candy.ai,Computers Electronics and Technology > Graphics Multimedia and Web Design,3.9833333333333334
39,pcmirror.cc,Computers Electronics and Technology > Graphics Multimedia and Web Design,3.25
40,opensubtitles.org,Computers Electronics and Technology > Graphics Multimedia and Web Design,3.2333333333333334
41,fppont.shop,Computers Electronics and Technology > Graphics Multimedia and Web Design,5.083333333333333
42,miricanvas.com,Computers Electronics and Technology > Graphics Multimedia and Web Design,6.366666666666666
43,thinkific.com,Computers Electronics and Technology > Graphics Multimedia and Web Design,5.683333333333334
44,pngegg.com,Computers Electronics and Technology > Graphics Multimedia and Web Design,3.1666666666666665
45,clipchamp.com,Computers Electronics and Technology > Graphics Multimedia and Web Design,7.2
46,website-files.com,Computers Electronics and Technology > Graphics Multimedia and Web Design,0.9666666666666667
47,domestika.org,Computers Electronics and Technology > Graphics Multimedia and Web Design,3.466666666666667
48,runwayml.com,Computers Electronics and Technology > Graphics Multimedia and Web Design,4.3
49,tally.so,Computers Electronics and Technology > Graphics Multimedia and Web Design,2.85
50,y2mate.tube,Computers Electronics and Technology > Graphics Multimedia and Web Design,3.6166666666666667
1,chatgpt.com,Computers Electronics and Technology > Programming and Developer Software,6.783333333333333
2,microsoftonline.com,Computers Electronics and Technology > Programming and Developer Software,2.2666666666666666
3,office.com,Computers Electronics and Technology > Programming and Developer Software,11.233333333333333
4,microsoft.com,Computers Electronics and Technology > Programming and Developer Software,3.35
5,deepseek.com,Computers Electronics and Technology > Programming and Developer Software,4.916666666666667
6,github.com,Computers Electronics and Technology > Programming and Developer Software,6.566666666666666
7,office365.com,Computers Electronics and Technology > Programming and Developer Software,9.116666666666667
8,ilovepdf.com,Computers Electronics and Technology > Programming and Developer Software,5.283333333333333
9,getadblock.com,Computers Electronics and Technology > Programming and Developer Software,0.11666666666666667
10,atlassian.net,Computers Electronics and Technology > Programming and Developer Software,11.816666666666666
11,force.com,Computers Electronics and Technology > Programming and Developer Software,23.583333333333332
12,stackoverflow.com,Computers Electronics and Technology > Programming and Developer Software,4.2
13,answers.microsoft.com,Computers Electronics and Technology > Programming and Developer Software,2.05
14,csdn.net,Computers Electronics and Technology > Programming and Developer Software,5.133333333333334
15,icloud.com,Computers Electronics and Technology > Programming and Developer Software,4.333333333333333
16,opera.com,Computers Electronics and Technology > Programming and Developer Software,1.95
17,salesforce.com,Computers Electronics and Technology > Programming and Developer Software,6.033333333333333
18,microsoft365.com,Computers Electronics and Technology > Programming and Developer Software,2.4
19,oraclecloud.com,Computers Electronics and Technology > Programming and Developer Software,6.333333333333333
20,trello.com,Computers Electronics and Technology > Programming and Developer Software,10.916666666666666
21,claude.ai,Computers Electronics and Technology > Programming and Developer Software,5.883333333333333
22,site.com,Computers Electronics and Technology > Programming and Developer Software,6.8
23,classlink.com,Computers Electronics and Technology > Programming and Developer Software,2.75
24,uptodown.com,Computers Electronics and Technology > Programming and Developer Software,2.6333333333333333
25,appsflyer.com,Computers Electronics and Technology > Programming and Developer Software,0.75
26,liteapks.com,Computers Electronics and Technology > Programming and Developer Software,3.9833333333333334
27,zoho.com,Computers Electronics and Technology > Programming and Developer Software,16.216666666666665
28,softonic.com,Computers Electronics and Technology > Programming and Developer Software,1.9666666666666668
29,myworkday.com,Computers Electronics and Technology > Programming and Developer Software,8.183333333333334
30,grok.com,Computers Electronics and Technology > Programming and Developer Software,6.35
31,azure.com,Computers Electronics and Technology > Programming and Developer Software,12.166666666666666
32,apkpure.com,Computers Electronics and Technology > Programming and Developer Software,2.5166666666666666
33,powerbi.com,Computers Electronics and Technology > Programming and Developer Software,6.866666666666667
34,windows.net,Computers Electronics and Technology > Programming and Developer Software,2.75
35,vercel.app,Computers Electronics and Technology > Programming and Developer Software,4.15
36,mozilla.org,Computers Electronics and Technology > Programming and Developer Software,1.9166666666666665
37,bidease.com,Computers Electronics and Technology > Programming and Developer Software,1.2666666666666666
38,proton.me,Computers Electronics and Technology > Programming and Developer Software,6.683333333333334
39,geeksforgeeks.org,Computers Electronics and Technology > Programming and Developer Software,3.15
40,dynamics.com,Computers Electronics and Technology > Programming and Developer Software,17.683333333333334
41,smallpdf.com,Computers Electronics and Technology > Programming and Developer Software,3.4333333333333336
42,rustore.ru,Computers Electronics and Technology > Programming and Developer Software,1.6166666666666667
43,docusign.com,Computers Electronics and Technology > Programming and Developer Software,7.783333333333333
44,cloud.google.com,Computers Electronics and Technology > Programming and Developer Software,8.616666666666667
45,ondemand.com,Computers Electronics and Technology > Programming and Developer Software,5.166666666666667
46,happymod.com,Computers Electronics and Technology > Programming and Developer Software,1.5166666666666666
47,icims.com,Computers Electronics and Technology > Programming and Developer Software,4.816666666666666
48,autodesk.com,Computers Electronics and Technology > Programming and Developer Software,5.833333333333333
49,plex.tv,Computers Electronics and Technology > Programming and Developer Software,3.466666666666667
50,w3schools.com,Computers Electronics and Technology > Programming and Developer Software,5.433333333333334
1,google.com,Computers Electronics and Technology > Search Engines,10.766666666666667
2,yandex.ru,Computers Electronics and Technology > Search Engines,8.8
3,baidu.com,Computers Electronics and Technology > Search Engines,5.583333333333333
4,bing.com,Computers Electronics and Technology > Search Engines,6.75
5,duckduckgo.com,Computers Electronics and Technology > Search Engines,7.866666666666667
6,ya.ru,Computers Electronics and Technology > Search Engines,5.4
7,google.de,Computers Electronics and Technology > Search Engines,7.483333333333333
8,google.co.jp,Computers Electronics and Technology > Search Engines,8.133333333333333
9,daum.net,Computers Electronics and Technology > Search Engines,15.716666666666667
10,google.com.br,Computers Electronics and Technology > Search Engines,6.75
11,music.youtube.com,Computers Electronics and Technology > Search Engines,30.55
12,google.co.uk,Computers Electronics and Technology > Search Engines,6.133333333333334
13,google.it,Computers Electronics and Technology > Search Engines,7.166666666666667
14,google.fr,Computers Electronics and Technology > Search Engines,6.116666666666666
15,webpkgcache.com,Computers Electronics and Technology > Search Engines,1.0
16,seznam.cz,Computers Electronics and Technology > Search Engines,9.466666666666667
17,google.co.in,Computers Electronics and Technology > Search Engines,5.85
18,ecosia.org,Computers Electronics and Technology > Search Engines,5.533333333333333
19,google.ca,Computers Electronics and Technology > Search Engines,5.2
20,google.es,Computers Electronics and Technology > Search Engines,7.233333333333333
21,google.pl,Computers Electronics and Technology > Search Engines,6.966666666666667
22,yandex.com,Computers Electronics and Technology > Search Engines,5.233333333333333
23,google.com.mx,Computers Electronics and Technology > Search Engines,6.316666666666666
24,clarosva.com,Computers Electronics and Technology > Search Engines,0.9333333333333333
25,google.ru,Computers Electronics and Technology > Search Engines,6.416666666666667
26,google.com.tr,Computers Electronics and Technology > Search Engines,6.1
27,office.net,Computers Electronics and Technology > Search Engines,3.2666666666666666
28,justdial.com,Computers Electronics and Technology > Search Engines,1.9
29,google.co.th,Computers Electronics and Technology > Search Engines,5.083333333333333
30,google.nl,Computers Electronics and Technology > Search Engines,6.783333333333333
31,google.co.kr,Computers Electronics and Technology > Search Engines,6.05
32,hao123.com,Computers Electronics and Technology > Search Engines,3.066666666666667
33,yandex.com.tr,Computers Electronics and Technology > Search Engines,6.866666666666667
34,yandex.by,Computers Electronics and Technology > Search Engines,9.5
35,google.com.ar,Computers Electronics and Technology > Search Engines,5.716666666666667
36,google.com.hk,Computers Electronics and Technology > Search Engines,7.583333333333333
37,google.com.tw,Computers Electronics and Technology > Search Engines,7.55
38,googlevideo.com,Computers Electronics and Technology > Search Engines,3.3
39,so.com,Computers Electronics and Technology > Search Engines,2.9833333333333334
40,google.com.au,Computers Electronics and Technology > Search Engines,5.45
41,google.cl,Computers Electronics and Technology > Search Engines,5.4
42,startpage.com,Computers Electronics and Technology > Search Engines,6.166666666666667
43,google.co.id,Computers Electronics and Technology > Search Engines,3.55
44,google.com.vn,Computers Electronics and Technology > Search Engines,6.233333333333333
45,yahoo.jp,Computers Electronics and Technology > Search Engines,2.0166666666666666
46,google.hu,Computers Electronics and Technology > Search Engines,5.983333333333333
47,google.pt,Computers Electronics and Technology > Search Engines,6.016666666666667
48,google.ch,Computers Electronics and Technology > Search Engines,7.3
49,coinmastergame.com,Computers Electronics and Technology > Search Engines,0.7333333333333333
50,ssyoutube.com,Computers Electronics and Technology > Search Engines,3.3333333333333335
1,facebook.com,Computers Electronics and Technology > Social Media Networks,10.983333333333333
2,instagram.com,Computers Electronics and Technology > Social Media Networks,8.683333333333334
3,x.com,Computers Electronics and Technology > Social Media Networks,12.616666666666667
4,whatsapp.com,Computers Electronics and Technology > Social Media Networks,12.433333333333334
5,reddit.com,Computers Electronics and Technology > Social Media Networks,6.116666666666666
6,tiktok.com,Computers Electronics and Technology > Social Media Networks,4.15
7,linkedin.com,Computers Electronics and Technology > Social Media Networks,8.55
8,pinterest.com,Computers Electronics and Technology > Social Media Networks,7.166666666666667
9,vk.com,Computers Electronics and Technology > Social Media Networks,9.216666666666667
10,discord.com,Computers Electronics and Technology > Social Media Networks,12.033333333333333
11,telegram.org,Computers Electronics and Technology > Social Media Networks,11.966666666666667
12,ok.ru,Computers Electronics and Technology > Social Media Networks,9.6
13,namu.wiki,Computers Electronics and Technology > Social Media Networks,7.333333333333333
14,zhihu.com,Computers Electronics and Technology > Social Media Networks,5.2
15,messenger.com,Computers Electronics and Technology > Social Media Networks,14.5
16,kwai.com,Computers Electronics and Technology > Social Media Networks,0.9666666666666667
17,ameblo.jp,Computers Electronics and Technology > Social Media Networks,3.5833333333333335
18,threads.net,Computers Electronics and Technology > Social Media Networks,3.55
19,line.me,Computers Electronics and Technology > Social Media Networks,1.5166666666666666
20,nextdoor.com,Computers Electronics and Technology > Social Media Networks,2.65
21,weibo.com,Computers Electronics and Technology > Social Media Networks,8.633333333333333
22,bsky.app,Computers Electronics and Technology > Social Media Networks,10.233333333333333
23,tumblr.com,Computers Electronics and Technology > Social Media Networks,7.633333333333333
24,shinigami09.com,Computers Electronics and Technology > Social Media Networks,17.766666666666666
25,snapchat.com,Computers Electronics and Technology > Social Media Networks,9.066666666666666
26,heylink.me,Computers Electronics and Technology > Social Media Networks,3.283333333333333
27,ssstik.io,Computers Electronics and Technology > Social Media Networks,2.35
28,xiaohongshu.com,Computers Electronics and Technology > Social Media Networks,11.05
29,slack.com,Computers Electronics and Technology > Social Media Networks,17.8
30,patreon.com,Computers Electronics and Technology > Social Media Networks,4.216666666666667
31,condles-temark.com,Computers Electronics and Technology > Social Media Networks,2.9166666666666665
32,bakusai.com,Computers Electronics and Technology > Social Media Networks,7.833333333333333
33,zalo.me,Computers Electronics and Technology > Social Media Networks,6.333333333333333
34,playtime.ph,Computers Electronics and Technology > Social Media Networks,7.966666666666667
35,quark.cn,Computers Electronics and Technology > Social Media Networks,4.0
36,hqt0w.com,Computers Electronics and Technology > Social Media Networks,16.083333333333332
37,1xlite-4262965.top,Computers Electronics and Technology > Social Media Networks,4.55
38,olympustaff.com,Computers Electronics and Technology > Social Media Networks,23.116666666666667
39,x1skf.com,Computers Electronics and Technology > Social Media Networks,7.233333333333333
40,snaptik.app,Computers Electronics and Technology > Social Media Networks,1.8833333333333333
41,discordapp.com,Computers Electronics and Technology > Social Media Networks,2.95
42,hatenablog.com,Computers Electronics and Technology > Social Media Networks,1.9666666666666668
43,happymh.com,Computers Electronics and Technology > Social Media Networks,7.416666666666667
44,ptt.cc,Computers Electronics and Technology > Social Media Networks,6.0
45,slideshare.net,Computers Electronics and Technology > Social Media Networks,3.35
46,feishu.cn,Computers Electronics and Technology > Social Media Networks,9.533333333333333
47,doubao.com,Computers Electronics and Technology > Social Media Networks,3.8666666666666667
48,livejournal.com,Computers Electronics and Technology > Social Media Networks,5.0
49,tiktokv.com,Computers Electronics and Technology > Social Media Networks,0.5333333333333333
50,4pda.to,Computers Electronics and Technology > Social Media Networks,3.1
1,fc2.com,Computers Electronics and Technology > Web Hosting and Domain Names,5.966666666666667
2,blog.jp,Computers Electronics and Technology > Web Hosting and Domain Names,4.716666666666667
3,aws.amazon.com,Computers Electronics and Technology > Web Hosting and Domain Names,11.083333333333334
4,shop.coinmaster.com,Computers Electronics and Technology > Web Hosting and Domain Names,1.1833333333333333
5,godaddy.com,Computers Electronics and Technology > Web Hosting and Domain Names,4.9
6,squarespace.com,Computers Electronics and Technology > Web Hosting and Domain Names,4.883333333333333
7,wix.com,Computers Electronics and Technology > Web Hosting and Domain Names,7.65
8,aruba.it,Computers Electronics and Technology > Web Hosting and Domain Names,8.233333333333333
9,hostinger.com,Computers Electronics and Technology > Web Hosting and Domain Names,8.65
10,weebly.com,Computers Electronics and Technology > Web Hosting and Domain Names,2.4
11,360.com,Computers Electronics and Technology > Web Hosting and Domain Names,1.95
12,cafe24.com,Computers Electronics and Technology > Web Hosting and Domain Names,9.75
13,dn-cloud.com,Computers Electronics and Technology > Web Hosting and Domain Names,22.166666666666668
14,sakura.ne.jp,Computers Electronics and Technology > Web Hosting and Domain Names,4.833333333333333
15,bgmiaimassist.in,Computers Electronics and Technology > Web Hosting and Domain Names,3.533333333333333
16,gigafile.nu,Computers Electronics and Technology > Web Hosting and Domain Names,4.016666666666667
17,kiwify.com.br,Computers Electronics and Technology > Web Hosting and Domain Names,3.75
18,smart.link,Computers Electronics and Technology > Web Hosting and Domain Names,0.5
19,digialm.com,Computers Electronics and Technology > Web Hosting and Domain Names,6.583333333333333
20,suprclicks.com,Computers Electronics and Technology > Web Hosting and Domain Names,1.3333333333333333
21,proxyium.com,Computers Electronics and Technology > Web Hosting and Domain Names,2.4833333333333334
22,one.com,Computers Electronics and Technology > Web Hosting and Domain Names,9.166666666666666
23,3isk.biz,Computers Electronics and Technology > Web Hosting and Domain Names,3.45
24,altervista.org,Computers Electronics and Technology > Web Hosting and Domain Names,5.383333333333334
25,easypanel.host,Computers Electronics and Technology > Web Hosting and Domain Names,3.216666666666667
26,x.gd,Computers Electronics and Technology > Web Hosting and Domain Names,0.9
27,2nt.com,Computers Electronics and Technology > Web Hosting and Domain Names,3.15
28,seesaawiki.jp,Computers Electronics and Technology > Web Hosting and Domain Names,4.616666666666667
29,namecheap.com,Computers Electronics and Technology > Web Hosting and Domain Names,5.5
30,instadelivery.com.br,Computers Electronics and Technology > Web Hosting and Domain Names,8.433333333333334
31,home.pl,Computers Electronics and Technology > Web Hosting and Domain Names,10.866666666666667
32,download.it,Computers Electronics and Technology > Web Hosting and Domain Names,0.9166666666666666
33,forumfree.it,Computers Electronics and Technology > Web Hosting and Domain Names,5.05
34,ovh.net,Computers Electronics and Technology > Web Hosting and Domain Names,9.766666666666667
35,pastebin.com,Computers Electronics and Technology > Web Hosting and Domain Names,2.1333333333333333
36,domaineasy.com,Computers Electronics and Technology > Web Hosting and Domain Names,0.5
37,kisaltma.link,Computers Electronics and Technology > Web Hosting and Domain Names,4.05
38,justpaste.it,Computers Electronics and Technology > Web Hosting and Domain Names,2.15
39,xsrv.jp,Computers Electronics and Technology > Web Hosting and Domain Names,5.033333333333333
40,j-motto.co.jp,Computers Electronics and Technology > Web Hosting and Domain Names,15.833333333333334
41,miraheze.org,Computers Electronics and Technology > Web Hosting and Domain Names,4.633333333333333
42,afternic.com,Computers Electronics and Technology > Web Hosting and Domain Names,1.5666666666666667
43,hennge.com,Computers Electronics and Technology > Web Hosting and Domain Names,2.9
44,hello.porn,Computers Electronics and Technology > Web Hosting and Domain Names,4.033333333333333
45,myprofessionalmail.com,Computers Electronics and Technology > Web Hosting and Domain Names,9.25
46,eu.org,Computers Electronics and Technology > Web Hosting and Domain Names,4.45
47,aiseo.ai,Computers Electronics and Technology > Web Hosting and Domain Names,1.1666666666666667
48,ionos.com,Computers Electronics and Technology > Web Hosting and Domain Names,5.483333333333333
49,alpha-mail.ne.jp,Computers Electronics and Technology > Web Hosting and Domain Names,10.6
50,gauts-lwt.com,Computers Electronics and Technology > Web Hosting and Domain Names,0.2
1,auction.co.kr,Ecommerce & Shopping > Auctions,2.9833333333333334
2,ecount.com,Ecommerce & Shopping > Auctions,12.866666666666667
3,mercadolibre.com,Ecommerce & Shopping > Auctions,2.3166666666666664
4,trademe.co.nz,Ecommerce & Shopping > Auctions,7.266666666666667
5,hibid.com,Ecommerce & Shopping > Auctions,10.383333333333333
6,ricardo.ch,Ecommerce & Shopping > Auctions,6.916666666666667
7,tradera.com,Ecommerce & Shopping > Auctions,6.466666666666667
8,njuskalo.hr,Ecommerce & Shopping > Auctions,8.216666666666667
9,allegro.cz,Ecommerce & Shopping > Auctions,2.1166666666666667
10,shopgoodwill.com,Ecommerce & Shopping > Auctions,10.383333333333333
11,az24.vn,Ecommerce & Shopping > Auctions,0.9
12,buyee.jp,Ecommerce & Shopping > Auctions,6.933333333333334
13,estatesales.net,Ecommerce & Shopping > Auctions,6.066666666666666
14,1stdibs.com,Ecommerce & Shopping > Auctions,2.8833333333333333
15,carousell.com.hk,Ecommerce & Shopping > Auctions,8.966666666666667
16,invaluable.com,Ecommerce & Shopping > Auctions,2.7333333333333334
17,liveauctioneers.com,Ecommerce & Shopping > Auctions,4.733333333333333
18,huutokaupat.com,Ecommerce & Shopping > Auctions,7.616666666666667
19,ebay.pl,Ecommerce & Shopping > Auctions,2.7666666666666666
20,bidfta.com,Ecommerce & Shopping > Auctions,11.583333333333334
21,auctionet.com,Ecommerce & Shopping > Auctions,4.083333333333333
22,terk.nl,Ecommerce & Shopping > Auctions,2.85
23,naturabuy.fr,Ecommerce & Shopping > Auctions,8.666666666666666
24,troostwijkauctions.com,Ecommerce & Shopping > Auctions,8.2
25,proxibid.com,Ecommerce & Shopping > Auctions,6.783333333333333
26,interencheres.com,Ecommerce & Shopping > Auctions,11.2
27,picclick.co.uk,Ecommerce & Shopping > Auctions,1.9166666666666665
28,delcampe.net,Ecommerce & Shopping > Auctions,9.116666666666667
29,ebay.ie,Ecommerce & Shopping > Auctions,3.3833333333333333
30,vatera.hu,Ecommerce & Shopping > Auctions,6.083333333333333
31,payngo.co.il,Ecommerce & Shopping > Auctions,2.5
32,chitadelivery-cx.com,Ecommerce & Shopping > Auctions,2.8166666666666664
33,limundo.com,Ecommerce & Shopping > Auctions,5.833333333333333
34,kupindo.com,Ecommerce & Shopping > Auctions,2.2333333333333334
35,ebay.be,Ecommerce & Shopping > Auctions,3.5833333333333335
36,johnpyeauctions.co.uk,Ecommerce & Shopping > Auctions,10.616666666666667
37,ha.com,Ecommerce & Shopping > Auctions,4.366666666666666
38,huuto.net,Ecommerce & Shopping > Auctions,5.783333333333333
39,sothebys.com,Ecommerce & Shopping > Auctions,1.9
40,picclick.fr,Ecommerce & Shopping > Auctions,2.0
41,jumbo.ch,Ecommerce & Shopping > Auctions,3.783333333333333
42,ebay.nl,Ecommerce & Shopping > Auctions,3.8833333333333333
43,easyliveauction.com,Ecommerce & Shopping > Auctions,7.783333333333333
44,fromjapan.co.jp,Ecommerce & Shopping > Auctions,4.266666666666667
45,osta.ee,Ecommerce & Shopping > Auctions,9.9
46,ebay.ch,Ecommerce & Shopping > Auctions,3.55
47,picclick.it,Ecommerce & Shopping > Auctions,1.6666666666666665
48,sodresantoro.com.br,Ecommerce & Shopping > Auctions,8.716666666666667
49,auctionzip.com,Ecommerce & Shopping > Auctions,5.9
50,mygls.be,Ecommerce & Shopping > Auctions,3.45
1,coupang.com,Ecommerce & Shopping > Ecommerce and Shopping - Other,3.183333333333333
2,shopping.yahoo.co.jp,Ecommerce & Shopping > Ecommerce and Shopping - Other,3.7333333333333334
3,kleinanzeigen.de,Ecommerce & Shopping > Ecommerce and Shopping - Other,7.333333333333333
4,shopping.naver.com,Ecommerce & Shopping > Ecommerce and Shopping - Other,6.366666666666666
5,ssg.com,Ecommerce & Shopping > Ecommerce and Shopping - Other,2.4333333333333336
6,alibaba-inc.com,Ecommerce & Shopping > Ecommerce and Shopping - Other,7.266666666666667
7,my-best.com,Ecommerce & Shopping > Ecommerce and Shopping - Other,1.8
8,poshmark.com,Ecommerce & Shopping > Ecommerce and Shopping - Other,4.65
9,gmarket.co.kr,Ecommerce & Shopping > Ecommerce and Shopping - Other,2.7333333333333334
10,meesho.com,Ecommerce & Shopping > Ecommerce and Shopping - Other,5.183333333333334
11,11st.co.kr,Ecommerce & Shopping > Ecommerce and Shopping - Other,2.966666666666667
12,valuecommerce.com,Ecommerce & Shopping > Ecommerce and Shopping - Other,1.4666666666666668
13,markt.de,Ecommerce & Shopping > Ecommerce and Shopping - Other,10.45
14,e-himart.co.kr,Ecommerce & Shopping > Ecommerce and Shopping - Other,0.9333333333333333
15,cjlogistics.com,Ecommerce & Shopping > Ecommerce and Shopping - Other,2.4833333333333334
16,lotteon.com,Ecommerce & Shopping > Ecommerce and Shopping - Other,2.3
17,litres.ru,Ecommerce & Shopping > Ecommerce and Shopping - Other,3.95
18,boots.com,Ecommerce & Shopping > Ecommerce and Shopping - Other,3.8833333333333333
19,michaels.com,Ecommerce & Shopping > Ecommerce and Shopping - Other,4.25
20,papy.co.jp,Ecommerce & Shopping > Ecommerce and Shopping - Other,8.516666666666667
21,l-tike.com,Ecommerce & Shopping > Ecommerce and Shopping - Other,4.833333333333333
22,amazon.se,Ecommerce & Shopping > Ecommerce and Shopping - Other,1.5
23,oliveyoung.co.kr,Ecommerce & Shopping > Ecommerce and Shopping - Other,2.033333333333333
24,fnac.com,Ecommerce & Shopping > Ecommerce and Shopping - Other,2.9833333333333334
25,n11.com,Ecommerce & Shopping > Ecommerce and Shopping - Other,3.283333333333333
26,wallapop.com,Ecommerce & Shopping > Ecommerce and Shopping - Other,7.1
27,falabella.com,Ecommerce & Shopping > Ecommerce and Shopping - Other,4.766666666666667
28,ponta.jp,Ecommerce & Shopping > Ecommerce and Shopping - Other,3.3666666666666667
29,kelkoogroup.net,Ecommerce & Shopping > Ecommerce and Shopping - Other,0.5333333333333333
30,qvc.com,Ecommerce & Shopping > Ecommerce and Shopping - Other,5.166666666666667
31,alza.cz,Ecommerce & Shopping > Ecommerce and Shopping - Other,4.733333333333333
32,muji.com,Ecommerce & Shopping > Ecommerce and Shopping - Other,1.5333333333333332
33,kt.com,Ecommerce & Shopping > Ecommerce and Shopping - Other,2.9333333333333336
34,empik.com,Ecommerce & Shopping > Ecommerce and Shopping - Other,2.55
35,pepper.pl,Ecommerce & Shopping > Ecommerce and Shopping - Other,5.0
36,shufoo.net,Ecommerce & Shopping > Ecommerce and Shopping - Other,2.183333333333333
37,daraz.pk,Ecommerce & Shopping > Ecommerce and Shopping - Other,3.6833333333333336
38,barnesandnoble.com,Ecommerce & Shopping > Ecommerce and Shopping - Other,2.9
39,wal-mart.com,Ecommerce & Shopping > Ecommerce and Shopping - Other,3.2666666666666666
40,p-bandai.jp,Ecommerce & Shopping > Ecommerce and Shopping - Other,4.05
41,amazon.pl,Ecommerce & Shopping > Ecommerce and Shopping - Other,2.3166666666666664
42,kyobobook.co.kr,Ecommerce & Shopping > Ecommerce and Shopping - Other,4.433333333333334
43,yes24.com,Ecommerce & Shopping > Ecommerce and Shopping - Other,3.6166666666666667
44,adcell.com,Ecommerce & Shopping > Ecommerce and Shopping - Other,4.4
45,homeplus.co.kr,Ecommerce & Shopping > Ecommerce and Shopping - Other,2.35
46,jmty.jp,Ecommerce & Shopping > Ecommerce and Shopping - Other,6.166666666666667
47,meshok.net,Ecommerce & Shopping > Ecommerce and Shopping - Other,9.366666666666667
48,ohou.se,Ecommerce & Shopping > Ecommerce and Shopping - Other,4.15
49,therealreal.com,Ecommerce & Shopping > Ecommerce and Shopping - Other,6.3
50,allegrolokalnie.pl,Ecommerce & Shopping > Ecommerce and Shopping - Other,8.533333333333333
1,amazon.com,Ecommerce & Shopping > Marketplace,5.85
2,temu.com,Ecommerce & Shopping > Marketplace,4.016666666666667
3,aliexpress.com,Ecommerce & Shopping > Marketplace,4.716666666666667
4,ebay.com,Ecommerce & Shopping > Marketplace,6.416666666666667
5,amazon.co.jp,Ecommerce & Shopping > Marketplace,6.95
6,rakuten.co.jp,Ecommerce & Shopping > Marketplace,6.45
7,ozon.ru,Ecommerce & Shopping > Marketplace,9.283333333333333
8,walmart.com,Ecommerce & Shopping > Marketplace,4.35
9,amazon.in,Ecommerce & Shopping > Marketplace,4.066666666666666
10,amazon.de,Ecommerce & Shopping > Marketplace,6.216666666666667
11,etsy.com,Ecommerce & Shopping > Marketplace,5.15
12,amazon.co.uk,Ecommerce & Shopping > Marketplace,5.4
13,wildberries.ru,Ecommerce & Shopping > Marketplace,10.866666666666667
14,mercadolivre.com.br,Ecommerce & Shopping > Marketplace,7.75
15,ebay.co.uk,Ecommerce & Shopping > Marketplace,7.916666666666667
16,amazon.it,Ecommerce & Shopping > Marketplace,4.966666666666667
17,taobao.com,Ecommerce & Shopping > Marketplace,7.75
18,amazon.fr,Ecommerce & Shopping > Marketplace,4.933333333333334
19,allegro.pl,Ecommerce & Shopping > Marketplace,7.166666666666667
20,amazon.com.br,Ecommerce & Shopping > Marketplace,3.533333333333333
21,amazon.ca,Ecommerce & Shopping > Marketplace,5.2
22,flipkart.com,Ecommerce & Shopping > Marketplace,4.983333333333333
23,shopee.vn,Ecommerce & Shopping > Marketplace,4.733333333333333
24,target.com,Ecommerce & Shopping > Marketplace,3.5
25,market.yandex.ru,Ecommerce & Shopping > Marketplace,6.1
26,mercari.com,Ecommerce & Shopping > Marketplace,7.35
27,shopee.com.br,Ecommerce & Shopping > Marketplace,10.816666666666666
28,shopee.co.id,Ecommerce & Shopping > Marketplace,7.8
29,ebay.de,Ecommerce & Shopping > Marketplace,7.9
30,amazon.es,Ecommerce & Shopping > Marketplace,6.183333333333334
31,trendyol.com,Ecommerce & Shopping > Marketplace,8.216666666666667
32,dmm.com,Ecommerce & Shopping > Marketplace,5.483333333333333
33,shopee.co.th,Ecommerce & Shopping > Marketplace,4.383333333333334
34,mercadolibre.com.ar,Ecommerce & Shopping > Marketplace,7.8
35,costco.com,Ecommerce & Shopping > Marketplace,3.9833333333333334
36,olx.com.br,Ecommerce & Shopping > Marketplace,7.383333333333334
37,mercadolibre.com.mx,Ecommerce & Shopping > Marketplace,6.233333333333333
38,olx.pl,Ecommerce & Shopping > Marketplace,9.766666666666667
39,wayfair.com,Ecommerce & Shopping > Marketplace,5.15
40,amazon.com.mx,Ecommerce & Shopping > Marketplace,4.466666666666667
41,jd.com,Ecommerce & Shopping > Marketplace,7.65
42,alibaba.com,Ecommerce & Shopping > Marketplace,6.666666666666667
43,dns-shop.ru,Ecommerce & Shopping > Marketplace,5.25
44,bol.com,Ecommerce & Shopping > Marketplace,5.333333333333333
45,aliexpress.ru,Ecommerce & Shopping > Marketplace,5.633333333333333
46,amazon.com.au,Ecommerce & Shopping > Marketplace,3.6833333333333336
47,tokopedia.com,Ecommerce & Shopping > Marketplace,7.183333333333334
48,hepsiburada.com,Ecommerce & Shopping > Marketplace,5.016666666666667
49,tmall.com,Ecommerce & Shopping > Marketplace,8.55
50,shopee.ph,Ecommerce & Shopping > Marketplace,5.35
1,kakaku.com,Ecommerce & Shopping > Price Comparison,5.016666666666667
2,idealo.de,Ecommerce & Shopping > Price Comparison,3.05
3,akakce.com,Ecommerce & Shopping > Price Comparison,2.3333333333333335
4,ceneo.pl,Ecommerce & Shopping > Price Comparison,2.0833333333333335
5,mydealz.de,Ecommerce & Shopping > Price Comparison,4.683333333333334
6,trovaprezzi.it,Ecommerce & Shopping > Price Comparison,2.4833333333333334
7,tweakers.net,Ecommerce & Shopping > Price Comparison,4.166666666666667
8,epey.com,Ecommerce & Shopping > Price Comparison,4.166666666666667
9,cimri.com,Ecommerce & Shopping > Price Comparison,1.5666666666666667
10,heureka.cz,Ecommerce & Shopping > Price Comparison,3.4166666666666665
11,smartprix.com,Ecommerce & Shopping > Price Comparison,2.2333333333333334
12,bizrate.com,Ecommerce & Shopping > Price Comparison,1.25
13,olx.pt,Ecommerce & Shopping > Price Comparison,7.416666666666667
14,arukereso.hu,Ecommerce & Shopping > Price Comparison,4.2
15,zbozi.cz,Ecommerce & Shopping > Price Comparison,2.783333333333333
16,yadore.com,Ecommerce & Shopping > Price Comparison,0.08333333333333333
17,geizhals.de,Ecommerce & Shopping > Price Comparison,3.95
18,idealo.fr,Ecommerce & Shopping > Price Comparison,1.9166666666666665
19,hotline.ua,Ecommerce & Shopping > Price Comparison,3.9833333333333334
20,buscape.com.br,Ecommerce & Shopping > Price Comparison,2.4333333333333336
21,dealsrazor.com,Ecommerce & Shopping > Price Comparison,0.08333333333333333
22,comparis.ch,Ecommerce & Shopping > Price Comparison,5.0
23,aucfan.com,Ecommerce & Shopping > Price Comparison,4.916666666666667
24,prisjakt.nu,Ecommerce & Shopping > Price Comparison,2.5
25,bestprice.gr,Ecommerce & Shopping > Price Comparison,3.7333333333333334
26,heureka.sk,Ecommerce & Shopping > Price Comparison,2.8333333333333335
27,prisjakt.no,Ecommerce & Shopping > Price Comparison,2.3166666666666664
28,pricerunner.dk,Ecommerce & Shopping > Price Comparison,2.8166666666666664
29,shoppermeet.net,Ecommerce & Shopping > Price Comparison,0.08333333333333333
30,conexaomadura.com.br,Ecommerce & Shopping > Price Comparison,1.45
31,ek.ua,Ecommerce & Shopping > Price Comparison,5.183333333333334
32,priceoye.pk,Ecommerce & Shopping > Price Comparison,3.4333333333333336
33,zap.co.il,Ecommerce & Shopping > Price Comparison,4.033333333333333
34,click-ecom.com,Ecommerce & Shopping > Price Comparison,0.3
35,skapiec.pl,Ecommerce & Shopping > Price Comparison,0.6333333333333333
36,compari.ro,Ecommerce & Shopping > Price Comparison,2.9166666666666665
37,idealo.es,Ecommerce & Shopping > Price Comparison,2.6
38,eponuda.com,Ecommerce & Shopping > Price Comparison,2.283333333333333
39,moyo.ua,Ecommerce & Shopping > Price Comparison,2.4166666666666665
40,idealo.it,Ecommerce & Shopping > Price Comparison,1.9833333333333334
41,pricerunner.se,Ecommerce & Shopping > Price Comparison,1.7666666666666666
42,kuantokusta.pt,Ecommerce & Shopping > Price Comparison,4.1
43,geizhals.at,Ecommerce & Shopping > Price Comparison,3.716666666666667
44,toppreise.ch,Ecommerce & Shopping > Price Comparison,3.533333333333333
45,beslist.nl,Ecommerce & Shopping > Price Comparison,1.9
46,lemeilleuravis.fr,Ecommerce & Shopping > Price Comparison,0.6333333333333333
47,coolblue.de,Ecommerce & Shopping > Price Comparison,2.3
48,muropaketti.com,Ecommerce & Shopping > Price Comparison,1.2
49,custojusto.pt,Ecommerce & Shopping > Price Comparison,6.333333333333333
50,maudau.com.ua,Ecommerce & Shopping > Price Comparison,3.2333333333333334
1,kontur.ru,Finance > Accounting and Auditing,9.016666666666667
2,hrblock.com,Finance > Accounting and Auditing,19.683333333333334
3,cleartax.in,Finance > Accounting and Auditing,1.9333333333333333
4,icai.org,Finance > Accounting and Auditing,4.966666666666667
5,podatki.gov.pl,Finance > Accounting and Auditing,7.916666666666667
6,deloitte.com,Finance > Accounting and Auditing,5.316666666666666
7,ottplay.com,Finance > Accounting and Auditing,1.3
8,paysec-3dssvgw.com,Finance > Accounting and Auditing,2.216666666666667
9,paytmpayments.com,Finance > Accounting and Auditing,2.216666666666667
10,audit-it.ru,Finance > Accounting and Auditing,1.85
11,teachoo.com,Finance > Accounting and Auditing,7.616666666666667
12,taxact.com,Finance > Accounting and Auditing,7.233333333333333
13,urzadskarbowy.gov.pl,Finance > Accounting and Auditing,5.65
14,habuild.in,Finance > Accounting and Auditing,1.1
15,infomart.co.jp,Finance > Accounting and Auditing,7.616666666666667
16,ey.com,Finance > Accounting and Auditing,2.6166666666666667
17,taxconcept.net,Finance > Accounting and Auditing,1.6833333333333333
18,pwc.com,Finance > Accounting and Auditing,3.033333333333333
19,intuitcdn.net,Finance > Accounting and Auditing,2.0166666666666666
20,klerk.ru,Finance > Accounting and Auditing,1.8833333333333333
21,studycafe.in,Finance > Accounting and Auditing,2.1166666666666667
22,paypay-card.co.jp,Finance > Accounting and Auditing,3.05
23,mykomon.com,Finance > Accounting and Auditing,12.2
24,poradnikprzedsiebiorcy.pl,Finance > Accounting and Auditing,1.85
25,efatura.gov.tr,Finance > Accounting and Auditing,6.516666666666667
26,accaglobal.com,Finance > Accounting and Auditing,7.016666666666667
27,corporatefinanceinstitute.com,Finance > Accounting and Auditing,3.6
28,taxslayer.com,Finance > Accounting and Auditing,12.4
29,taxscan.in,Finance > Accounting and Auditing,1.1
30,buhonline.ru,Finance > Accounting and Auditing,2.85
31,fakturownia.pl,Finance > Accounting and Auditing,9.733333333333333
32,edmbilisim.com.tr,Finance > Accounting and Auditing,11.65
33,pacjent.gov.pl,Finance > Accounting and Auditing,5.333333333333333
34,kpmg.com,Finance > Accounting and Auditing,2.1
35,eej.at,Finance > Accounting and Auditing,1.2833333333333332
36,nalog-nalog.ru,Finance > Accounting and Auditing,1.8166666666666667
37,sompo-japan.co.jp,Finance > Accounting and Auditing,2.8
38,action-media.ru,Finance > Accounting and Auditing,4.866666666666667
39,defterbeyan.gov.tr,Finance > Accounting and Auditing,18.816666666666666
40,rzp.io,Finance > Accounting and Auditing,0.4666666666666667
41,egov-nsdl.com,Finance > Accounting and Auditing,7.05
42,onvio.us,Finance > Accounting and Auditing,8.916666666666666
43,vero.fi,Finance > Accounting and Auditing,5.6
44,jacksonhewitt.com,Finance > Accounting and Auditing,3.8833333333333333
45,biznes.gov.pl,Finance > Accounting and Auditing,5.583333333333333
46,assistentus.ru,Finance > Accounting and Auditing,1.5833333333333335
47,buhexpert8.ru,Finance > Accounting and Auditing,3.4
48,gofin.pl,Finance > Accounting and Auditing,3.3333333333333335
49,smbcgroup-point.jp,Finance > Accounting and Auditing,1.9333333333333333
50,moj.gov.pl,Finance > Accounting and Auditing,4.783333333333333
1,paypal.com,Finance > Banking Credit and Lending,2.75
2,chase.com,Finance > Banking Credit and Lending,7.3
3,capitalone.com,Finance > Banking Credit and Lending,5.45
4,citi.com,Finance > Banking Credit and Lending,9.383333333333333
5,bankofamerica.com,Finance > Banking Credit and Lending,6.416666666666667
6,wellsfargo.com,Finance > Banking Credit and Lending,5.8
7,americanexpress.com,Finance > Banking Credit and Lending,4.383333333333334
8,hdfcbank.com,Finance > Banking Credit and Lending,5.0
9,tbank.ru,Finance > Banking Credit and Lending,4.1
10,caixa.gov.br,Finance > Banking Credit and Lending,6.466666666666667
11,wise.com,Finance > Banking Credit and Lending,2.65
12,creditkarma.com,Finance > Banking Credit and Lending,2.55
13,icicibank.com,Finance > Banking Credit and Lending,5.316666666666666
14,td.com,Finance > Banking Credit and Lending,5.05
15,bancoestado.cl,Finance > Banking Credit and Lending,4.0
16,sberbank.ru,Finance > Banking Credit and Lending,5.25
17,discover.com,Finance > Banking Credit and Lending,3.8833333333333333
18,ideal.nl,Finance > Banking Credit and Lending,0.8666666666666667
19,synchrony.com,Finance > Banking Credit and Lending,3.5166666666666666
20,alfabank.ru,Finance > Banking Credit and Lending,3.4333333333333336
21,syf.com,Finance > Banking Credit and Lending,2.066666666666667
22,serasa.com.br,Finance > Banking Credit and Lending,2.716666666666667
23,banki.ru,Finance > Banking Credit and Lending,2.0166666666666666
24,usbank.com,Finance > Banking Credit and Lending,5.8
25,bb.com.br,Finance > Banking Credit and Lending,8.133333333333333
26,nubank.com.br,Finance > Banking Credit and Lending,1.6666666666666665
27,royalbank.com,Finance > Banking Credit and Lending,6.866666666666667
28,rakuten-bank.co.jp,Finance > Banking Credit and Lending,3.183333333333333
29,bmo.com,Finance > Banking Credit and Lending,5.1
30,pnc.com,Finance > Banking Credit and Lending,4.566666666666666
31,itau.com.br,Finance > Banking Credit and Lending,2.8833333333333333
32,rbcroyalbank.com,Finance > Banking Credit and Lending,3.716666666666667
33,interac.ca,Finance > Banking Credit and Lending,1.95
34,bwanet.ca,Finance > Banking Credit and Lending,4.75
35,citibankonline.com,Finance > Banking Credit and Lending,4.066666666666666
36,commbank.com.au,Finance > Banking Credit and Lending,4.583333333333333
37,scotiabank.com,Finance > Banking Credit and Lending,5.166666666666667
38,maybank2u.com.my,Finance > Banking Credit and Lending,6.383333333333334
39,cibc.com,Finance > Banking Credit and Lending,4.616666666666667
40,bankid.no,Finance > Banking Credit and Lending,2.6
41,healthy.kaiserpermanente.org,Finance > Banking Credit and Lending,6.6
42,ing.nl,Finance > Banking Credit and Lending,2.55
43,sravni.ru,Finance > Banking Credit and Lending,1.7333333333333334
44,rabobank.nl,Finance > Banking Credit and Lending,3.033333333333333
45,sofi.com,Finance > Banking Credit and Lending,3.8
46,navyfederal.org,Finance > Banking Credit and Lending,5.833333333333333
47,tinkoff.ru,Finance > Banking Credit and Lending,6.25
48,transbank.cl,Finance > Banking Credit and Lending,2.3833333333333333
49,santander.com.br,Finance > Banking Credit and Lending,3.3833333333333333
50,axisbank.co.in,Finance > Banking Credit and Lending,4.9
1,intuit.com,Finance > Finance - Other,11.2
2,trustpilot.com,Finance > Finance - Other,2.066666666666667
3,marketwatch.com,Finance > Finance - Other,5.066666666666666
4,coinbase.com,Finance > Finance - Other,5.15
5,money.pl,Finance > Finance - Other,1.35
6,ft.com,Finance > Finance - Other,2.3833333333333333
7,mercadopago.com.ar,Finance > Finance - Other,6.633333333333333
8,moneyforward.com,Finance > Finance - Other,8.833333333333334
9,fortune.com,Finance > Finance - Other,0.7166666666666667
10,businesstoday.in,Finance > Finance - Other,0.7166666666666667
11,foxbusiness.com,Finance > Finance - Other,2.6333333333333333
12,ilsole24ore.com,Finance > Finance - Other,4.066666666666666
13,adyen.com,Finance > Finance - Other,2.033333333333333
14,sberbank.com,Finance > Finance - Other,0.9333333333333333
15,toyokeizai.net,Finance > Finance - Other,2.7666666666666666
16,coingecko.com,Finance > Finance - Other,3.6666666666666665
17,xe.com,Finance > Finance - Other,2.3
18,minepi.com,Finance > Finance - Other,1.2
19,cafef.vn,Finance > Finance - Other,1.8666666666666667
20,gate.io,Finance > Finance - Other,3.65
21,financialexpress.com,Finance > Finance - Other,0.6666666666666666
22,nerdwallet.com,Finance > Finance - Other,1.75
23,benjaminone.com,Finance > Finance - Other,1.8666666666666667
24,pse.com.co,Finance > Finance - Other,1.7333333333333334
25,razorpay.com,Finance > Finance - Other,2.4333333333333336
26,sber.ru,Finance > Finance - Other,0.6666666666666666
27,paycomonline.net,Finance > Finance - Other,5.6
28,business-standard.com,Finance > Finance - Other,1.2833333333333332
29,altin.in,Finance > Finance - Other,9.5
30,seekingalpha.com,Finance > Finance - Other,5.766666666666667
31,short.gy,Finance > Finance - Other,3.1166666666666667
32,paypay.ne.jp,Finance > Finance - Other,2.3166666666666664
33,teamblind.com,Finance > Finance - Other,2.3333333333333335
34,bkm.com.tr,Finance > Finance - Other,1.4666666666666668
35,login.gov.pl,Finance > Finance - Other,3.466666666666667
36,finance.naver.com,Finance > Finance - Other,8.516666666666667
37,ebanx.com,Finance > Finance - Other,0.26666666666666666
38,doviz.com,Finance > Finance - Other,3.4
39,payu.in,Finance > Finance - Other,3.3166666666666664
40,vakinha.com.br,Finance > Finance - Other,1.1666666666666667
41,infomoney.com.br,Finance > Finance - Other,3.0
42,haremaltin.com,Finance > Finance - Other,2.8833333333333333
43,nequi.com.co,Finance > Finance - Other,2.5833333333333335
44,affirm.com,Finance > Finance - Other,2.5166666666666666
45,plaid.com,Finance > Finance - Other,1.3833333333333333
46,kasikornbank.com,Finance > Finance - Other,2.8666666666666667
47,shinhan.com,Finance > Finance - Other,2.3833333333333333
48,comenity.net,Finance > Finance - Other,3.5166666666666666
49,hangikredi.com,Finance > Finance - Other,2.6166666666666667
50,cash.app,Finance > Finance - Other,4.033333333333333
1,adp.com,Finance > Financial Planning and Management,5.2
2,poste.it,Finance > Financial Planning and Management,4.033333333333333
3,nspk.ru,Finance > Financial Planning and Management,0.6333333333333333
4,klarna.com,Finance > Financial Planning and Management,1.9666666666666668
5,alipay.com,Finance > Financial Planning and Management,5.266666666666667
6,mufg.jp,Finance > Financial Planning and Management,3.2666666666666666
7,vtb.ru,Finance > Financial Planning and Management,4.483333333333333
8,experian.com,Finance > Financial Planning and Management,4.05
9,rakuten-card.co.jp,Finance > Financial Planning and Management,2.966666666666667
10,credit-agricole.fr,Finance > Financial Planning and Management,5.433333333333334
11,mitid.dk,Finance > Financial Planning and Management,3.1166666666666667
12,hometax.go.kr,Finance > Financial Planning and Management,10.533333333333333
13,smbc-card.com,Finance > Financial Planning and Management,2.15
14,digid.nl,Finance > Financial Planning and Management,2.4166666666666665
15,check24.de,Finance > Financial Planning and Management,7.233333333333333
16,moneysavingexpert.com,Finance > Financial Planning and Management,3.033333333333333
17,smbc.co.jp,Finance > Financial Planning and Management,3.716666666666667
18,myna.go.jp,Finance > Financial Planning and Management,4.416666666666667
19,freee.co.jp,Finance > Financial Planning and Management,11.55
20,labanquepostale.fr,Finance > Financial Planning and Management,3.8666666666666667
21,freetaxusa.com,Finance > Financial Planning and Management,6.433333333333334
22,bancolombia.com,Finance > Financial Planning and Management,2.8333333333333335
23,redsys.es,Finance > Financial Planning and Management,2.4333333333333336
24,billdesk.com,Finance > Financial Planning and Management,3.1333333333333333
25,revolut.com,Finance > Financial Planning and Management,3.8833333333333333
26,cloud.afip.gob.ar,Finance > Financial Planning and Management,7.6
27,caf.fr,Finance > Financial Planning and Management,5.983333333333333
28,desjardins.com,Finance > Financial Planning and Management,5.633333333333333
29,gmopg.jp,Finance > Financial Planning and Management,0.95
30,mizuhobank.co.jp,Finance > Financial Planning and Management,3.45
31,jcb.co.jp,Finance > Financial Planning and Management,2.8333333333333335
32,tokyo.lg.jp,Finance > Financial Planning and Management,2.85
33,payu.com,Finance > Financial Planning and Management,1.05
34,fu.do,Finance > Financial Planning and Management,21.766666666666666
35,santander.com.ar,Finance > Financial Planning and Management,6.283333333333333
36,saisoncard.co.jp,Finance > Financial Planning and Management,3.1
37,kantangame.com,Finance > Financial Planning and Management,6.916666666666667
38,afterpay.com,Finance > Financial Planning and Management,3.9
39,shinhancard.com,Finance > Financial Planning and Management,1.8
40,lguplus.com,Finance > Financial Planning and Management,1.1833333333333333
41,mt.co.kr,Finance > Financial Planning and Management,0.8666666666666667
42,nordea.com,Finance > Financial Planning and Management,2.6666666666666665
43,bkash.com,Finance > Financial Planning and Management,2.8166666666666664
44,bbva.com.ar,Finance > Financial Planning and Management,5.55
45,patria.org.ve,Finance > Financial Planning and Management,6.266666666666667
46,sri.gob.ec,Finance > Financial Planning and Management,13.383333333333333
47,dolarhoy.com,Finance > Financial Planning and Management,4.683333333333334
48,viabcp.com,Finance > Financial Planning and Management,7.166666666666667
49,anser.ne.jp,Finance > Financial Planning and Management,5.316666666666666
50,infocert.it,Finance > Financial Planning and Management,7.133333333333334
1,bajajfinserv.in,Finance > Insurance,1.7333333333333334
2,progressive.com,Finance > Insurance,4.016666666666667
3,kaiserpermanente.org,Finance > Insurance,6.05
4,healthsafe-id.com,Finance > Insurance,3.5166666666666666
5,usaa.com,Finance > Insurance,6.783333333333333
6,uhc.com,Finance > Insurance,6.033333333333333
7,statefarm.com,Finance > Insurance,4.9
8,policybazaar.com,Finance > Insurance,3.2666666666666666
9,cigna.com,Finance > Insurance,4.95
10,geico.com,Finance > Insurance,5.216666666666667
11,bflcomm.in,Finance > Insurance,3.5166666666666666
12,aetna.com,Finance > Insurance,7.116666666666666
13,aok.de,Finance > Insurance,2.35
14,allstate.com,Finance > Insurance,3.966666666666667
15,comparethemarket.com,Finance > Insurance,6.6
16,maxlifeinsurance.com,Finance > Insurance,1.2833333333333332
17,licindia.in,Finance > Insurance,6.233333333333333
18,progressivedirect.com,Finance > Insurance,7.516666666666667
19,portoseguro.com.br,Finance > Insurance,9.033333333333333
20,humana.com,Finance > Insurance,5.466666666666667
21,monespacesante.fr,Finance > Insurance,4.166666666666667
22,healthcare.gov,Finance > Insurance,5.266666666666667
23,tk.de,Finance > Insurance,3.25
24,health.aetna.com,Finance > Insurance,8.383333333333333
25,onehealthcareid.com,Finance > Insurance,2.8333333333333335
26,lassuranceretraite.fr,Finance > Insurance,5.166666666666667
27,acko.com,Finance > Insurance,1.6833333333333333
28,securecafenet.com,Finance > Insurance,3.45
29,sura.com,Finance > Insurance,3.7333333333333334
30,theaa.com,Finance > Insurance,3.8166666666666664
31,healthybenefitsplus.com,Finance > Insurance,6.7
32,optum.com,Finance > Insurance,3.8
33,iciciprulife.com,Finance > Insurance,3.1166666666666667
34,admiral.com,Finance > Insurance,5.883333333333333
35,starhealth.in,Finance > Insurance,3.5166666666666666
36,discovery.co.za,Finance > Insurance,4.216666666666667
37,principal.com,Finance > Insurance,6.216666666666667
38,bcbssettlement.com,Finance > Insurance,3.466666666666667
39,jgl.com.au,Finance > Insurance,4.25
40,super-savings-online.com,Finance > Insurance,1.6
41,hdfclife.com,Finance > Insurance,4.616666666666667
42,bajajfinservmarkets.in,Finance > Insurance,1.6333333333333333
43,hrb.tax,Finance > Insurance,0.8666666666666667
44,sharefile.io,Finance > Insurance,1.4666666666666668
45,ambetterhealth.com,Finance > Insurance,5.166666666666667
46,epssura.com,Finance > Insurance,4.666666666666667
47,bfin.in,Finance > Insurance,1.5166666666666666
48,lft.to,Finance > Insurance,3.3
49,metlife.com,Finance > Insurance,9.616666666666667
50,aviva.co.uk,Finance > Insurance,5.7
1,tradingview.com,Finance > Investing,5.7
2,investing.com,Finance > Investing,5.066666666666666
3,economictimes.com,Finance > Investing,1.9
4,moneycontrol.com,Finance > Investing,5.083333333333333
5,coinmarketcap.com,Finance > Investing,4.4
6,fidelity.com,Finance > Investing,8.133333333333333
7,schwab.com,Finance > Investing,8.066666666666666
8,coinmaster.com,Finance > Investing,1.95
9,peuru.com,Finance > Investing,2.6333333333333333
10,finance.yahoo.co.jp,Finance > Investing,6.766666666666667
11,sbisec.co.jp,Finance > Investing,8.5
12,rakuten-sec.co.jp,Finance > Investing,6.183333333333334
13,binance.com,Finance > Investing,7.116666666666666
14,zerodha.com,Finance > Investing,9.083333333333334
15,exness.com,Finance > Investing,1.8
16,etoro.com,Finance > Investing,3.1666666666666665
17,robinhood.com,Finance > Investing,7.75
18,eastmoney.com,Finance > Investing,29.133333333333333
19,groww.in,Finance > Investing,5.483333333333333
20,dpbossss.services,Finance > Investing,5.4
21,investopedia.com,Finance > Investing,1.7
22,goodreturns.in,Finance > Investing,1.5
23,whitebit.com,Finance > Investing,6.683333333333334
24,forexfactory.com,Finance > Investing,2.283333333333333
25,dexscreener.com,Finance > Investing,12.216666666666667
26,fool.com,Finance > Investing,1.7
27,nikkei225jp.com,Finance > Investing,3.9166666666666665
28,vanguard.com,Finance > Investing,7.633333333333333
29,finviz.com,Finance > Investing,5.25
30,etrade.com,Finance > Investing,10.783333333333333
31,finance.sina.com.cn,Finance > Investing,2.9833333333333334
32,mexc.com,Finance > Investing,5.516666666666667
33,thestreet.com,Finance > Investing,0.9166666666666666
34,screener.in,Finance > Investing,8.533333333333333
35,xueqiu.com,Finance > Investing,10.666666666666666
36,boursorama.com,Finance > Investing,13.95
37,paws.community,Finance > Investing,4.516666666666667
38,xmtrading.com,Finance > Investing,1.7666666666666666
39,bitget.com,Finance > Investing,7.383333333333334
40,finanzen.net,Finance > Investing,4.25
41,bybit.com,Finance > Investing,9.9
42,probo.in,Finance > Investing,1.8666666666666667
43,angelone.in,Finance > Investing,7.4
44,cnbctv18.com,Finance > Investing,0.55
45,htx.com,Finance > Investing,2.6666666666666665
46,canlidoviz.com,Finance > Investing,2.8166666666666664
47,upstox.com,Finance > Investing,4.2
48,skylindo.com,Finance > Investing,0.65
49,nasdaq.com,Finance > Investing,2.3333333333333335
50,xm.com,Finance > Investing,2.533333333333333
1,suntory.co.jp,Food and Drink > Beverages,1.8333333333333335
2,totalwine.com,Food and Drink > Beverages,3.6
3,coca-cola.com,Food and Drink > Beverages,0.9333333333333333
4,vivino.com,Food and Drink > Beverages,2.3166666666666664
5,danmurphys.com.au,Food and Drink > Beverages,3.066666666666667
6,asahibeer.co.jp,Food and Drink > Beverages,1.9666666666666668
7,liquor.com,Food and Drink > Beverages,1.7166666666666668
8,untappd.com,Food and Drink > Beverages,2.4833333333333334
9,wine-searcher.com,Food and Drink > Beverages,2.85
10,raimktg.com,Food and Drink > Beverages,2.9333333333333336
11,lcbo.com,Food and Drink > Beverages,2.95
12,pepsico.com,Food and Drink > Beverages,4.25
13,yango.com,Food and Drink > Beverages,2.5
14,sapporobeer.jp,Food and Drink > Beverages,1.1666666666666667
15,dosedaily.co,Food and Drink > Beverages,1.1
16,kirin.co.jp,Food and Drink > Beverages,2.0833333333333335
17,livcheers.com,Food and Drink > Beverages,2.3166666666666664
18,hellorayo.co.uk,Food and Drink > Beverages,2.3
19,cocacola.co.jp,Food and Drink > Beverages,1.1166666666666667
20,mikmak.ai,Food and Drink > Beverages,1.5666666666666667
21,shop.mikmak.ai,Food and Drink > Beverages,1.5
22,doutor.co.jp,Food and Drink > Beverages,1.9333333333333333
23,lvmh.com,Food and Drink > Beverages,2.35
24,monsterenergy.com,Food and Drink > Beverages,1.25
25,pepsico.info,Food and Drink > Beverages,0.3333333333333333
26,cellartracker.com,Food and Drink > Beverages,3.7333333333333334
27,falstaff.com,Food and Drink > Beverages,1.6666666666666665
28,diffordsguide.com,Food and Drink > Beverages,2.0166666666666666
29,entertowinprizes.com,Food and Drink > Beverages,1.55
30,beeradvocate.com,Food and Drink > Beverages,3.283333333333333
31,lupicia.com,Food and Drink > Beverages,3.25
32,liquorland.com.au,Food and Drink > Beverages,2.1166666666666667
33,enoteca.co.jp,Food and Drink > Beverages,2.1166666666666667
34,wine.com,Food and Drink > Beverages,1.7833333333333332
35,heineken.com,Food and Drink > Beverages,1.7833333333333332
36,readyrefresh.com,Food and Drink > Beverages,3.283333333333333
37,dineplan.com,Food and Drink > Beverages,8.583333333333334
38,alliedbeverage.com,Food and Drink > Beverages,12.816666666666666
39,nescafe.com,Food and Drink > Beverages,1.1333333333333333
40,whiskybase.com,Food and Drink > Beverages,3.05
41,masterofmalt.com,Food and Drink > Beverages,2.6166666666666667
42,delhidutyfree.co.in,Food and Drink > Beverages,1.0833333333333333
43,home-barista.com,Food and Drink > Beverages,2.6166666666666667
44,minibardelivery.com,Food and Drink > Beverages,2.4
45,guinness.com,Food and Drink > Beverages,0.9166666666666666
46,costa.co.uk,Food and Drink > Beverages,1.35
47,vinepair.com,Food and Drink > Beverages,0.9833333333333333
48,brewdog.com,Food and Drink > Beverages,2.3166666666666664
49,fellowproducts.com,Food and Drink > Beverages,1.7333333333333334
50,finewineandgoodspirits.com,Food and Drink > Beverages,3.6666666666666665
1,cookpad.com,Food and Drink > Cooking and Recipes,1.7666666666666666
2,allrecipes.com,Food and Drink > Cooking and Recipes,2.2666666666666666
3,kurashiru.com,Food and Drink > Cooking and Recipes,1.2833333333333332
4,russianfood.com,Food and Drink > Cooking and Recipes,2.6166666666666667
5,giallozafferano.it,Food and Drink > Cooking and Recipes,2.8666666666666667
6,tudogostoso.com.br,Food and Drink > Cooking and Recipes,0.8333333333333334
7,marmiton.org,Food and Drink > Cooking and Recipes,2.1
8,delishkitchen.tv,Food and Drink > Cooking and Recipes,1.55
9,bbcgoodfood.com,Food and Drink > Cooking and Recipes,3.4333333333333336
10,foodnetwork.com,Food and Drink > Cooking and Recipes,2.1166666666666667
11,recipetineats.com,Food and Drink > Cooking and Recipes,3.533333333333333
12,thekitchn.com,Food and Drink > Cooking and Recipes,1.6833333333333333
13,chefkoch.de,Food and Drink > Cooking and Recipes,3.0
14,parade.com,Food and Drink > Cooking and Recipes,0.8833333333333333
15,lettuceclub.net,Food and Drink > Cooking and Recipes,0.8166666666666667
16,mastertheenglish.com,Food and Drink > Cooking and Recipes,20.95
17,1000.menu,Food and Drink > Cooking and Recipes,1.7833333333333332
18,simplyrecipes.com,Food and Drink > Cooking and Recipes,1.7833333333333332
19,nefisyemektarifleri.com,Food and Drink > Cooking and Recipes,1.6833333333333333
20,delish.com,Food and Drink > Cooking and Recipes,2.6833333333333336
21,eatingwell.com,Food and Drink > Cooking and Recipes,1.5
22,oceans-nadia.com,Food and Drink > Cooking and Recipes,2.0
23,macaro-ni.jp,Food and Drink > Cooking and Recipes,1.4
24,seriouseats.com,Food and Drink > Cooking and Recipes,2.7
25,tasteofhome.com,Food and Drink > Cooking and Recipes,2.1166666666666667
26,aniagotuje.pl,Food and Drink > Cooking and Recipes,1.1833333333333333
27,cuisineaz.com,Food and Drink > Cooking and Recipes,1.7666666666666666
28,loveandlemons.com,Food and Drink > Cooking and Recipes,2.066666666666667
29,fattoincasadabenedetta.it,Food and Drink > Cooking and Recipes,1.2833333333333332
30,thepioneerwoman.com,Food and Drink > Cooking and Recipes,2.183333333333333
31,food.com,Food and Drink > Cooking and Recipes,1.85
32,sallysbakingaddiction.com,Food and Drink > Cooking and Recipes,3.4833333333333334
33,iamcook.ru,Food and Drink > Cooking and Recipes,1.5833333333333335
34,foodandwine.com,Food and Drink > Cooking and Recipes,1.3833333333333333
35,pysznosci.pl,Food and Drink > Cooking and Recipes,0.8666666666666667
36,sirogohan.com,Food and Drink > Cooking and Recipes,1.7833333333333332
37,tastesbetterfromscratch.com,Food and Drink > Cooking and Recipes,2.6166666666666667
38,einfachbacken.de,Food and Drink > Cooking and Recipes,2.4333333333333336
39,kwestiasmaku.com,Food and Drink > Cooking and Recipes,1.5
40,spendwithpennies.com,Food and Drink > Cooking and Recipes,2.6833333333333336
41,housedigest.com,Food and Drink > Cooking and Recipes,1.9333333333333333
42,food.ru,Food and Drink > Cooking and Recipes,6.5
43,eda.ru,Food and Drink > Cooking and Recipes,1.3833333333333333
44,kikkoman.co.jp,Food and Drink > Cooking and Recipes,1.25
45,toprecepty.cz,Food and Drink > Cooking and Recipes,2.1333333333333333
46,ricardocuisine.com,Food and Drink > Cooking and Recipes,3.033333333333333
47,natashaskitchen.com,Food and Drink > Cooking and Recipes,2.716666666666667
48,povar.ru,Food and Drink > Cooking and Recipes,1.2833333333333332
49,gastronom.ru,Food and Drink > Cooking and Recipes,0.7833333333333333
50,82cook.com,Food and Drink > Cooking and Recipes,5.283333333333333
1,trilltrill.jp,Food and Drink > Food and Drink - Other,2.3666666666666667
2,tabelog.com,Food and Drink > Food and Drink - Other,4.4
3,hotpepper.jp,Food and Drink > Food and Drink - Other,4.866666666666667
4,recruit.co.jp,Food and Drink > Food and Drink - Other,1.8166666666666667
5,dropgame.jp,Food and Drink > Food and Drink - Other,5.116666666666666
6,otzovik.com,Food and Drink > Food and Drink - Other,2.466666666666667
7,tokubai.co.jp,Food and Drink > Food and Drink - Other,2.25
8,ica.se,Food and Drink > Food and Drink - Other,5.066666666666666
9,news.ntv.co.jp,Food and Drink > Food and Drink - Other,1.4
10,starbucks.co.jp,Food and Drink > Food and Drink - Other,2.6166666666666667
11,retty.me,Food and Drink > Food and Drink - Other,2.466666666666667
12,gnavi.co.jp,Food and Drink > Food and Drink - Other,2.6333333333333333
13,wamgame.jp,Food and Drink > Food and Drink - Other,6.55
14,ah.nl,Food and Drink > Food and Drink - Other,3.3
15,ajinomoto.co.jp,Food and Drink > Food and Drink - Other,1.4166666666666667
16,directoalpaladar.com,Food and Drink > Food and Drink - Other,0.9833333333333333
17,nespresso.com,Food and Drink > Food and Drink - Other,2.65
18,meijer.com,Food and Drink > Food and Drink - Other,3.65
19,eater.com,Food and Drink > Food and Drink - Other,1.5666666666666667
20,family.co.jp,Food and Drink > Food and Drink - Other,1.35
21,wolt.com,Food and Drink > Food and Drink - Other,4.7
22,webstaurantstore.com,Food and Drink > Food and Drink - Other,3.95
23,hellofresh.com,Food and Drink > Food and Drink - Other,2.3333333333333335
24,vauva.fi,Food and Drink > Food and Drink - Other,8.083333333333334
25,championcross.jp,Food and Drink > Food and Drink - Other,4.516666666666667
26,k-ruoka.fi,Food and Drink > Food and Drink - Other,1.2333333333333334
27,factor75.com,Food and Drink > Food and Drink - Other,2.2666666666666666
28,libbyapp.com,Food and Drink > Food and Drink - Other,4.6
29,ozmall.co.jp,Food and Drink > Food and Drink - Other,2.2666666666666666
30,jp.sharp,Food and Drink > Food and Drink - Other,3.1166666666666667
31,dianping.com,Food and Drink > Food and Drink - Other,2.8
32,epark.jp,Food and Drink > Food and Drink - Other,3.3833333333333333
33,cookaround.com,Food and Drink > Food and Drink - Other,1.75
34,vkusvill.ru,Food and Drink > Food and Drink - Other,5.016666666666667
35,kfc.co.jp,Food and Drink > Food and Drink - Other,1.9
36,eway.in.ua,Food and Drink > Food and Drink - Other,3.2333333333333334
37,foodlion.com,Food and Drink > Food and Drink - Other,4.75
38,napbizblog.jp,Food and Drink > Food and Drink - Other,4.866666666666667
39,cmnw.jp,Food and Drink > Food and Drink - Other,7.25
40,survey-z.com,Food and Drink > Food and Drink - Other,2.0
41,mozaikportail.ca,Food and Drink > Food and Drink - Other,3.3333333333333335
42,morinaga.co.jp,Food and Drink > Food and Drink - Other,1.1333333333333333
43,eatbu.com,Food and Drink > Food and Drink - Other,1.0833333333333333
44,sukiya.jp,Food and Drink > Food and Drink - Other,2.216666666666667
45,aumo.jp,Food and Drink > Food and Drink - Other,0.4666666666666667
46,hottomotto.com,Food and Drink > Food and Drink - Other,2.3833333333333333
47,cotta.jp,Food and Drink > Food and Drink - Other,3.0833333333333335
48,meny.no,Food and Drink > Food and Drink - Other,2.3333333333333335
49,gorp.jp,Food and Drink > Food and Drink - Other,1.7166666666666668
50,willys.se,Food and Drink > Food and Drink - Other,3.033333333333333
1,kroger.com,Food and Drink > Groceries,4.0
2,instacart.com,Food and Drink > Groceries,5.833333333333333
3,asda.com,Food and Drink > Groceries,5.166666666666667
4,tesco.com,Food and Drink > Groceries,5.233333333333333
5,kaufland.de,Food and Drink > Groceries,2.8666666666666667
6,sainsburys.co.uk,Food and Drink > Groceries,4.883333333333333
7,carrefour.fr,Food and Drink > Groceries,3.3666666666666667
8,woolworths.com.au,Food and Drink > Groceries,4.15
9,rewe.de,Food and Drink > Groceries,2.1333333333333333
10,publix.com,Food and Drink > Groceries,3.9333333333333336
11,aldi.us,Food and Drink > Groceries,3.066666666666667
12,coles.com.au,Food and Drink > Groceries,4.483333333333333
13,lidl.fr,Food and Drink > Groceries,2.1
14,safeway.com,Food and Drink > Groceries,4.283333333333333
15,heb.com,Food and Drink > Groceries,5.816666666666666
16,kaufland.com,Food and Drink > Groceries,4.216666666666667
17,lidl.pl,Food and Drink > Groceries,2.55
18,morrisons.com,Food and Drink > Groceries,4.733333333333333
19,biedronka.pl,Food and Drink > Groceries,2.3
20,carrefour.es,Food and Drink > Groceries,3.3666666666666667
21,wholefoodsmarket.com,Food and Drink > Groceries,2.2333333333333334
22,oisix.com,Food and Drink > Groceries,2.0833333333333335
23,lidl.it,Food and Drink > Groceries,2.0166666666666666
24,ocado.com,Food and Drink > Groceries,6.05
25,lidl.nl,Food and Drink > Groceries,3.3166666666666664
26,migros.com.tr,Food and Drink > Groceries,3.75
27,roller.app,Food and Drink > Groceries,10.683333333333334
28,yemeksepeti.com,Food and Drink > Groceries,6.983333333333333
29,aldi-sued.de,Food and Drink > Groceries,2.2333333333333334
30,lidl.co.uk,Food and Drink > Groceries,2.35
31,searcheasytab.com,Food and Drink > Groceries,13.6
32,aldi.co.uk,Food and Drink > Groceries,3.55
33,kuper.ru,Food and Drink > Groceries,4.033333333333333
34,waitrose.com,Food and Drink > Groceries,3.8
35,rewe.co.at,Food and Drink > Groceries,1.25
36,edeka.de,Food and Drink > Groceries,1.35
37,inst.cr,Food and Drink > Groceries,3.35
38,iceland.co.uk,Food and Drink > Groceries,7.066666666666666
39,hy-vee.com,Food and Drink > Groceries,3.6333333333333333
40,coop.se,Food and Drink > Groceries,3.15
41,netto-online.de,Food and Drink > Groceries,2.0833333333333335
42,leclercdrive.fr,Food and Drink > Groceries,11.733333333333333
43,fasteasy.io,Food and Drink > Groceries,0.7
44,shop.rewe.de,Food and Drink > Groceries,3.4833333333333334
45,aldi-nord.de,Food and Drink > Groceries,2.183333333333333
46,intermarche.com,Food and Drink > Groceries,5.083333333333333
47,coop.co.uk,Food and Drink > Groceries,2.3666666666666667
48,samokat.ru,Food and Drink > Groceries,8.316666666666666
49,albertsons.com,Food and Drink > Groceries,3.5666666666666664
50,perekrestok.ru,Food and Drink > Groceries,2.6833333333333336
1,harimanga.me,Food and Drink > Restaurants and Delivery,21.316666666666666
2,doordash.com,Food and Drink > Restaurants and Delivery,7.066666666666666
3,toasttab.com,Food and Drink > Restaurants and Delivery,3.533333333333333
4,ubereats.com,Food and Drink > Restaurants and Delivery,6.516666666666667
5,ytmp3.la,Food and Drink > Restaurants and Delivery,4.116666666666666
6,opentable.com,Food and Drink > Restaurants and Delivery,3.2
7,invl.io,Food and Drink > Restaurants and Delivery,1.3666666666666667
8,dominos.com,Food and Drink > Restaurants and Delivery,6.65
9,ifood.com.br,Food and Drink > Restaurants and Delivery,9.133333333333333
10,square.site,Food and Drink > Restaurants and Delivery,2.3333333333333335
11,shoptastic.io,Food and Drink > Restaurants and Delivery,0.3333333333333333
12,swiggy.com,Food and Drink > Restaurants and Delivery,10.1
13,tvwiki13.com,Food and Drink > Restaurants and Delivery,6.633333333333333
14,mcdonalds.com,Food and Drink > Restaurants and Delivery,1.1833333333333333
15,starbucks.com,Food and Drink > Restaurants and Delivery,1.95
16,zomato.com,Food and Drink > Restaurants and Delivery,6.483333333333333
17,resy.com,Food and Drink > Restaurants and Delivery,3.066666666666667
18,sevenrooms.com,Food and Drink > Restaurants and Delivery,2.4833333333333334
19,order.online,Food and Drink > Restaurants and Delivery,2.8166666666666664
20,grubhub.com,Food and Drink > Restaurants and Delivery,5.85
21,bttn.io,Food and Drink > Restaurants and Delivery,0.95
22,just-eat.co.uk,Food and Drink > Restaurants and Delivery,7.833333333333333
23,mcdonalds.co.jp,Food and Drink > Restaurants and Delivery,1.65
24,pizzahut.com,Food and Drink > Restaurants and Delivery,5.1
25,wongnai.com,Food and Drink > Restaurants and Delivery,1.1
26,inline.app,Food and Drink > Restaurants and Delivery,2.0
27,tablecheck.com,Food and Drink > Restaurants and Delivery,4.166666666666667
28,sej.co.jp,Food and Drink > Restaurants and Delivery,1.8
29,papajohns.com,Food and Drink > Restaurants and Delivery,5.516666666666667
30,mitiendanube.com,Food and Drink > Restaurants and Delivery,7.25
31,skylark.co.jp,Food and Drink > Restaurants and Delivery,2.9166666666666665
32,tacobell.com,Food and Drink > Restaurants and Delivery,2.783333333333333
33,chick-fil-a.com,Food and Drink > Restaurants and Delivery,2.3833333333333333
34,panerabread.com,Food and Drink > Restaurants and Delivery,3.3166666666666664
35,subway.com,Food and Drink > Restaurants and Delivery,3.3166666666666664
36,chipotle.com,Food and Drink > Restaurants and Delivery,2.9333333333333336
37,lieferando.de,Food and Drink > Restaurants and Delivery,6.266666666666667
38,trendndaily.com,Food and Drink > Restaurants and Delivery,2.9833333333333334
39,demae-can.com,Food and Drink > Restaurants and Delivery,3.55
40,accurx.nhs.uk,Food and Drink > Restaurants and Delivery,4.383333333333334
41,crumblcookies.com,Food and Drink > Restaurants and Delivery,1.9
42,deliveroo.co.uk,Food and Drink > Restaurants and Delivery,6.433333333333334
43,olivegarden.com,Food and Drink > Restaurants and Delivery,4.25
44,dodopizza.ru,Food and Drink > Restaurants and Delivery,5.516666666666667
45,wingstop.com,Food and Drink > Restaurants and Delivery,3.5
46,littlecaesars.com,Food and Drink > Restaurants and Delivery,3.5
47,matsuyafoods.co.jp,Food and Drink > Restaurants and Delivery,1.9166666666666665
48,exploretock.com,Food and Drink > Restaurants and Delivery,2.4333333333333336
49,restaurantguru.com,Food and Drink > Restaurants and Delivery,1.1833333333333333
50,menudino.com,Food and Drink > Restaurants and Delivery,2.8333333333333335
1,twinfoo.com,Food and Drink > Vegetarian and Vegan,7.75
2,peta.org,Food and Drink > Vegetarian and Vegan,1.1666666666666667
3,itdoesnttastelikechicken.com,Food and Drink > Vegetarian and Vegan,2.5
4,elavegan.com,Food and Drink > Vegetarian and Vegan,1.75
5,happycow.net,Food and Drink > Vegetarian and Vegan,2.0
6,mediafyre.net,Food and Drink > Vegetarian and Vegan,2.0833333333333335
7,eatwithclarity.com,Food and Drink > Vegetarian and Vegan,2.35
8,theconsciousplantkitchen.com,Food and Drink > Vegetarian and Vegan,1.5833333333333335
9,zuckerjagdwurst.com,Food and Drink > Vegetarian and Vegan,2.3
10,plantbasednews.org,Food and Drink > Vegetarian and Vegan,1.15
11,frommybowl.com,Food and Drink > Vegetarian and Vegan,2.966666666666667
12,pickuplimes.com,Food and Drink > Vegetarian and Vegan,3.0166666666666666
13,thefoodietakesflight.com,Food and Drink > Vegetarian and Vegan,1.6833333333333333
14,theplantbasedschool.com,Food and Drink > Vegetarian and Vegan,4.416666666666667
15,plantyou.com,Food and Drink > Vegetarian and Vegan,2.6166666666666667
16,vegnews.com,Food and Drink > Vegetarian and Vegan,1.7833333333333332
17,lovingitvegan.com,Food and Drink > Vegetarian and Vegan,2.3666666666666667
18,veganricha.com,Food and Drink > Vegetarian and Vegan,2.9
19,eat-this.org,Food and Drink > Vegetarian and Vegan,2.4333333333333336
20,qopla.com,Food and Drink > Vegetarian and Vegan,3.85
21,plantbasedrdblog.com,Food and Drink > Vegetarian and Vegan,5.1
22,danzadefogones.com,Food and Drink > Vegetarian and Vegan,1.1166666666666667
23,thebananadiaries.com,Food and Drink > Vegetarian and Vegan,1.3333333333333333
24,wodup.com,Food and Drink > Vegetarian and Vegan,1.9333333333333333
25,planthood.co.uk,Food and Drink > Vegetarian and Vegan,12.45
26,makeitdairyfree.com,Food and Drink > Vegetarian and Vegan,2.9
27,satvicmovement.org,Food and Drink > Vegetarian and Vegan,1.0166666666666666
28,nashgogogo.tw,Food and Drink > Vegetarian and Vegan,1.9
29,sweetsimplevegan.com,Food and Drink > Vegetarian and Vegan,1.6333333333333333
30,abillion.com,Food and Drink > Vegetarian and Vegan,0.7666666666666667
31,fairment.de,Food and Drink > Vegetarian and Vegan,1.7
32,sarahsvegankitchen.com,Food and Drink > Vegetarian and Vegan,2.3333333333333335
33,rainbownourishments.com,Food and Drink > Vegetarian and Vegan,1.9
34,schoolnightvegan.com,Food and Drink > Vegetarian and Vegan,1.4833333333333334
35,plantbasedonabudget.com,Food and Drink > Vegetarian and Vegan,1.7666666666666666
36,shaneandsimple.com,Food and Drink > Vegetarian and Vegan,2.0166666666666666
37,plantbaes.com,Food and Drink > Vegetarian and Vegan,2.183333333333333
38,farmfreshtoyou.com,Food and Drink > Vegetarian and Vegan,3.5166666666666666
39,myquietkitchen.com,Food and Drink > Vegetarian and Vegan,2.0166666666666666
40,cucinabotanica.com,Food and Drink > Vegetarian and Vegan,1.3333333333333333
41,thelittleblogofvegan.com,Food and Drink > Vegetarian and Vegan,1.1833333333333333
42,namawell.com,Food and Drink > Vegetarian and Vegan,2.7333333333333334
43,onegreenplanet.org,Food and Drink > Vegetarian and Vegan,0.8333333333333334
44,beyondmeat.com,Food and Drink > Vegetarian and Vegan,0.7333333333333333
45,soupersage.com,Food and Drink > Vegetarian and Vegan,1.0666666666666667
46,addictedtodates.com,Food and Drink > Vegetarian and Vegan,2.95
47,theeburgerdude.com,Food and Drink > Vegetarian and Vegan,2.75
48,veganuary.com,Food and Drink > Vegetarian and Vegan,1.3
49,upbeetandkaleingitblog.com,Food and Drink > Vegetarian and Vegan,3.7333333333333334
50,crowdedkitchen.com,Food and Drink > Vegetarian and Vegan,1.0833333333333333
1,chess.com,Games > Board and Card Games,14.533333333333333
2,lichess.org,Games > Board and Card Games,16.533333333333335
3,solitaired.com,Games > Board and Card Games,20.116666666666667
4,cardgames.io,Games > Board and Card Games,15.616666666666667
5,boardgamegeek.com,Games > Board and Card Games,4.983333333333333
6,cardmarket.com,Games > Board and Card Games,8.933333333333334
7,playingcards.jp,Games > Board and Card Games,7.566666666666666
8,solitr.com,Games > Board and Card Games,4.9
9,worldofsolitaire.com,Games > Board and Card Games,2.45
10,scryfall.com,Games > Board and Card Games,7.7
11,moxfield.com,Games > Board and Card Games,6.3
12,free-spider-solitaire.com,Games > Board and Card Games,5.05
13,cdromance.org,Games > Board and Card Games,2.5666666666666664
14,edhrec.com,Games > Board and Card Games,6.533333333333333
15,bloxfruitsvalues.com,Games > Board and Card Games,2.783333333333333
16,warhammer.com,Games > Board and Card Games,2.9333333333333336
17,chess-results.com,Games > Board and Card Games,6.083333333333333
18,free-freecell-solitaire.com,Games > Board and Card Games,4.866666666666667
19,247solitaire.com,Games > Board and Card Games,3.2666666666666666
20,solitairebliss.com,Games > Board and Card Games,15.4
21,sanguosha.com,Games > Board and Card Games,2.95
22,yugioh-card.com,Games > Board and Card Games,4.083333333333333
23,shogi.or.jp,Games > Board and Card Games,3.4166666666666665
24,colonist.io,Games > Board and Card Games,13.65
25,jeu-du-solitaire.com,Games > Board and Card Games,2.5833333333333335
26,gamefound.com,Games > Board and Card Games,5.0
27,nothing.tech,Games > Board and Card Games,2.5833333333333335
28,deepwoken.co,Games > Board and Card Games,4.716666666666667
29,tactics.tools,Games > Board and Card Games,4.333333333333333
30,flyordie.com,Games > Board and Card Games,8.9
31,archidekt.com,Games > Board and Card Games,5.4
32,fide.com,Games > Board and Card Games,2.2
33,scryfall.io,Games > Board and Card Games,3.35
34,soritia.jp,Games > Board and Card Games,9.45
35,chessbase.com,Games > Board and Card Games,3.4333333333333336
36,cardtrader.com,Games > Board and Card Games,6.75
37,greenfelt.net,Games > Board and Card Games,5.5
38,sudokupad.app,Games > Board and Card Games,10.166666666666666
39,similarsearch.net,Games > Board and Card Games,0.7833333333333333
40,rummycircle.com,Games > Board and Card Games,3.0166666666666666
41,mahjon.gg,Games > Board and Card Games,2.283333333333333
42,247backgammon.org,Games > Board and Card Games,3.466666666666667
43,wahapedia.ru,Games > Board and Card Games,5.816666666666666
44,spider-solitaire-game.com,Games > Board and Card Games,1.8166666666666667
45,spotle.io,Games > Board and Card Games,2.4333333333333336
46,newrecruit.eu,Games > Board and Card Games,7.216666666666667
47,nextchessmove.com,Games > Board and Card Games,1.7833333333333332
48,draftsim.com,Games > Board and Card Games,2.3166666666666664
49,aide-scrabble.fr,Games > Board and Card Games,6.9
50,trickstercards.com,Games > Board and Card Games,20.816666666666666
1,truyenqqto.com,Games > Games - Other,22.483333333333334
2,5ch.net,Games > Games - Other,7.783333333333333
3,douyu.com,Games > Games - Other,7.183333333333334
4,sng.link,Games > Games - Other,0.6666666666666666
5,kemono.su,Games > Games - Other,7.283333333333333
6,huya.com,Games > Games - Other,5.466666666666667
7,atwiki.jp,Games > Games - Other,6.5
8,nga.cn,Games > Games - Other,10.983333333333333
9,platoboost.com,Games > Games - Other,2.6333333333333333
10,wcofun.net,Games > Games - Other,14.066666666666666
11,lego.com,Games > Games - Other,3.3166666666666664
12,answers.yahoo.com,Games > Games - Other,2.066666666666667
13,u.gg,Games > Games - Other,6.466666666666667
14,suruga-ya.jp,Games > Games - Other,6.016666666666667
15,pch.com,Games > Games - Other,17.9
16,boardgamearena.com,Games > Games - Other,16.383333333333333
17,tcgplayer.com,Games > Games - Other,6.75
18,mobalytics.gg,Games > Games - Other,4.033333333333333
19,tanki.su,Games > Games - Other,2.533333333333333
20,notube.si,Games > Games - Other,5.866666666666667
21,rik.vip,Games > Games - Other,1.1666666666666667
22,games.yahoo.co.jp,Games > Games - Other,4.333333333333333
23,fortnite.com,Games > Games - Other,2.55
24,point-ad-game.com,Games > Games - Other,1.1333333333333333
25,sololevelingmangafree.com,Games > Games - Other,25.7
26,kickstarter.com,Games > Games - Other,2.75
27,pokemonshowdown.com,Games > Games - Other,15.65
28,9anime.org.lv,Games > Games - Other,9.583333333333334
29,dndbeyond.com,Games > Games - Other,8.466666666666667
30,steamdb.info,Games > Games - Other,3.1166666666666667
31,devilhard.com,Games > Games - Other,0.7
32,perchance.org,Games > Games - Other,3.6166666666666667
33,freecash.com,Games > Games - Other,5.016666666666667
34,triviatoday.com,Games > Games - Other,2.283333333333333
35,worldoftanks.eu,Games > Games - Other,2.033333333333333
36,netmarble.com,Games > Games - Other,2.25
37,razlozhi.ru,Games > Games - Other,7.05
38,pricecharting.com,Games > Games - Other,5.033333333333333
39,modrinth.com,Games > Games - Other,6.283333333333333
40,fischipedia.org,Games > Games - Other,6.55
41,doodles.google,Games > Games - Other,3.5
42,granbluefantasy.jp,Games > Games - Other,32.7
43,yt1s.com.co,Games > Games - Other,4.116666666666666
44,gamebanana.com,Games > Games - Other,14.0
45,g2a.com,Games > Games - Other,3.15
46,pokemondb.net,Games > Games - Other,6.45
47,web-jong.com,Games > Games - Other,3.1666666666666665
48,wizards.com,Games > Games - Other,2.783333333333333
49,wargaming.net,Games > Games - Other,3.8
50,pockettactics.com,Games > Games - Other,1.8666666666666667
1,sudoku.com,Games > Puzzles and Brainteasers,7.55
2,games.aarp.org,Games > Puzzles and Brainteasers,14.533333333333333
3,wordplays.com,Games > Puzzles and Brainteasers,6.5
4,thejigsawpuzzles.com,Games > Puzzles and Brainteasers,10.866666666666667
5,minutecryptic.com,Games > Puzzles and Brainteasers,5.266666666666667
6,wordunscrambler.me,Games > Puzzles and Brainteasers,5.6
7,wafflegame.net,Games > Puzzles and Brainteasers,2.6333333333333333
8,danword.com,Games > Puzzles and Brainteasers,6.783333333333333
9,scrabblewordfinder.org,Games > Puzzles and Brainteasers,6.45
10,thewordfinder.com,Games > Puzzles and Brainteasers,3.65
11,crosswordsolver.com,Games > Puzzles and Brainteasers,2.95
12,websudoku.com,Games > Puzzles and Brainteasers,5.166666666666667
13,wordunscrambler.net,Games > Puzzles and Brainteasers,2.5
14,wort-suchen.de,Games > Puzzles and Brainteasers,7.733333333333333
15,jigsawexplorer.com,Games > Puzzles and Brainteasers,8.65
16,arealme.com,Games > Puzzles and Brainteasers,4.35
17,freedom.to,Games > Puzzles and Brainteasers,5.833333333333333
18,games.usatoday.com,Games > Puzzles and Brainteasers,6.416666666666667
19,sbsolver.com,Games > Puzzles and Brainteasers,2.5833333333333335
20,pie.org,Games > Puzzles and Brainteasers,1.3166666666666667
21,makeitmeme.com,Games > Puzzles and Brainteasers,8.733333333333333
22,crosswordsolver.org,Games > Puzzles and Brainteasers,3.6833333333333336
23,zistop.com,Games > Puzzles and Brainteasers,0.7333333333333333
24,sudoku.game,Games > Puzzles and Brainteasers,1.9833333333333334
25,nerdlegame.com,Games > Puzzles and Brainteasers,4.1
26,geogridgame.com,Games > Puzzles and Brainteasers,6.733333333333333
27,boatloadpuzzles.com,Games > Puzzles and Brainteasers,5.4
28,247sudoku.com,Games > Puzzles and Brainteasers,3.283333333333333
29,jigidi.com,Games > Puzzles and Brainteasers,8.333333333333334
30,kids.lego.com,Games > Puzzles and Brainteasers,2.4833333333333334
31,quordle.com,Games > Puzzles and Brainteasers,0.75
32,codycross.info,Games > Puzzles and Brainteasers,3.6
33,terrayou.com,Games > Puzzles and Brainteasers,6.15
34,lumosity.com,Games > Puzzles and Brainteasers,8.183333333333334
35,rachacuca.com.br,Games > Puzzles and Brainteasers,8.25
36,6mal5.com,Games > Puzzles and Brainteasers,5.5
37,themahjong.com,Games > Puzzles and Brainteasers,8.316666666666666
38,puzzlebaron.com,Games > Puzzles and Brainteasers,15.783333333333333
39,puzzle-nonograms.com,Games > Puzzles and Brainteasers,12.466666666666667
40,flagle-game.com,Games > Puzzles and Brainteasers,2.8
41,lovattspuzzles.com,Games > Puzzles and Brainteasers,4.5
42,si-coding.net,Games > Puzzles and Brainteasers,8.566666666666666
43,numberplace.net,Games > Puzzles and Brainteasers,8.233333333333333
44,korsordsvar.com,Games > Puzzles and Brainteasers,9.916666666666666
45,ultimatesuccesspuzzle.com,Games > Puzzles and Brainteasers,5.866666666666667
46,farmville3.com,Games > Puzzles and Brainteasers,1.0166666666666666
47,unscramble.me,Games > Puzzles and Brainteasers,1.4166666666666667
48,culturequizz.com,Games > Puzzles and Brainteasers,9.283333333333333
49,nonograms.org,Games > Puzzles and Brainteasers,10.85
50,heywise.com,Games > Puzzles and Brainteasers,3.283333333333333
1,animego.ong,Games > Roleplaying Games,7.833333333333333
2,yatv3.net,Games > Roleplaying Games,10.083333333333334
3,roll20.net,Games > Roleplaying Games,7.116666666666666
4,secondlife.com,Games > Roleplaying Games,9.483333333333333
5,igg.com,Games > Roleplaying Games,1.8333333333333335
6,lanzoup.com,Games > Roleplaying Games,1.65
7,deeplol.gg,Games > Roleplaying Games,6.4
8,5e.tools,Games > Roleplaying Games,10.216666666666667
9,fantasynamegenerators.com,Games > Roleplaying Games,2.2333333333333334
10,dnd.su,Games > Roleplaying Games,9.666666666666666
11,heroforge.com,Games > Roleplaying Games,2.7333333333333334
12,aonprd.com,Games > Roleplaying Games,8.516666666666667
13,imgchest.com,Games > Roleplaying Games,4.533333333333333
14,nxbrew.net,Games > Roleplaying Games,2.8666666666666667
15,f-list.net,Games > Roleplaying Games,12.75
16,aniwave.lv,Games > Roleplaying Games,13.083333333333334
17,mejortorrent.eu,Games > Roleplaying Games,3.033333333333333
18,rusticotvhd.com,Games > Roleplaying Games,4.466666666666667
19,giantitp.com,Games > Roleplaying Games,2.1666666666666665
20,poppyplaytime.com,Games > Roleplaying Games,1.8
21,aidedd.org,Games > Roleplaying Games,4.633333333333333
22,probuildstats.com,Games > Roleplaying Games,2.2
23,gam.onl,Games > Roleplaying Games,5.783333333333333
24,drivethrurpg.com,Games > Roleplaying Games,3.1666666666666665
25,worldanvil.com,Games > Roleplaying Games,3.033333333333333
26,movies.7xtream.com,Games > Roleplaying Games,3.183333333333333
27,swudb.com,Games > Roleplaying Games,7.1
28,rpgbot.net,Games > Roleplaying Games,5.9
29,owlbear.rodeo,Games > Roleplaying Games,5.383333333333334
30,eveonline.com,Games > Roleplaying Games,3.0
31,fallenlondon.com,Games > Roleplaying Games,4.766666666666667
32,inkarnate.com,Games > Roleplaying Games,4.966666666666667
33,uniteapi.dev,Games > Roleplaying Games,4.75
34,marketplace.dndbeyond.com,Games > Roleplaying Games,2.4333333333333336
35,sabbat.su,Games > Roleplaying Games,0.7333333333333333
36,7fz7efcr.click,Games > Roleplaying Games,1.65
37,anichin.fun,Games > Roleplaying Games,9.6
38,enworld.org,Games > Roleplaying Games,2.7
39,acgyyg.ru,Games > Roleplaying Games,4.3
40,tribalwars.net,Games > Roleplaying Games,9.833333333333334
41,wfwf367.com,Games > Roleplaying Games,9.15
42,url-advertisement.org,Games > Roleplaying Games,0.5166666666666667
43,123912.com,Games > Roleplaying Games,1.2333333333333334
44,archero2.com,Games > Roleplaying Games,1.45
45,gmbinder.com,Games > Roleplaying Games,1.5666666666666667
46,forge-vtt.com,Games > Roleplaying Games,5.45
47,vaycasino279.com,Games > Roleplaying Games,6.65
48,rpg.net,Games > Roleplaying Games,4.0
49,beacon.tv,Games > Roleplaying Games,3.033333333333333
50,torrent911.lol,Games > Roleplaying Games,1.4666666666666668
1,twitch.tv,Games > Video Games Consoles and Accessories,8.7
2,roblox.com,Games > Video Games Consoles and Accessories,10.266666666666667
3,asuracomic.net,Games > Video Games Consoles and Accessories,12.6
4,steampowered.com,Games > Video Games Consoles and Accessories,2.716666666666667
5,steamcommunity.com,Games > Video Games Consoles and Accessories,3.783333333333333
6,poki.com,Games > Video Games Consoles and Accessories,9.05
7,ign.com,Games > Video Games Consoles and Accessories,1.7666666666666666
8,game8.jp,Games > Video Games Consoles and Accessories,4.633333333333333
9,gamewith.jp,Games > Video Games Consoles and Accessories,4.733333333333333
10,gamer.com.tw,Games > Video Games Consoles and Accessories,6.083333333333333
11,epicgames.com,Games > Video Games Consoles and Accessories,3.0166666666666666
12,crazygames.com,Games > Video Games Consoles and Accessories,8.266666666666667
13,gamerant.com,Games > Video Games Consoles and Accessories,0.85
14,nexusmods.com,Games > Video Games Consoles and Accessories,10.7
15,playstation.com,Games > Video Games Consoles and Accessories,2.9333333333333336
16,ea.com,Games > Video Games Consoles and Accessories,3.033333333333333
17,jeuxvideo.com,Games > Video Games Consoles and Accessories,5.266666666666667
18,xbox.com,Games > Video Games Consoles and Accessories,3.7666666666666666
19,kahoot.it,Games > Video Games Consoles and Accessories,9.116666666666667
20,hltv.org,Games > Video Games Consoles and Accessories,6.266666666666667
21,op.gg,Games > Video Games Consoles and Accessories,6.5
22,sooplive.co.kr,Games > Video Games Consoles and Accessories,14.7
23,gamespot.com,Games > Video Games Consoles and Accessories,3.033333333333333
24,inven.co.kr,Games > Video Games Consoles and Accessories,11.483333333333333
25,3dmgame.com,Games > Video Games Consoles and Accessories,3.066666666666667
26,ruliweb.com,Games > Video Games Consoles and Accessories,16.966666666666665
27,nintendo.com,Games > Video Games Consoles and Accessories,3.6
28,otnolatrnup.com,Games > Video Games Consoles and Accessories,2.5666666666666664
29,g123.jp,Games > Video Games Consoles and Accessories,1.4833333333333334
30,arca.live,Games > Video Games Consoles and Accessories,10.233333333333333
31,itch.io,Games > Video Games Consoles and Accessories,3.9333333333333336
32,gutefrage.net,Games > Video Games Consoles and Accessories,1.8833333333333333
33,futbin.com,Games > Video Games Consoles and Accessories,7.133333333333334
34,nexon.com,Games > Video Games Consoles and Accessories,5.383333333333334
35,spicychat.ai,Games > Video Games Consoles and Accessories,13.333333333333334
36,mediago.io,Games > Video Games Consoles and Accessories,0.9666666666666667
37,gamesradar.com,Games > Video Games Consoles and Accessories,0.95
38,gamersky.com,Games > Video Games Consoles and Accessories,4.283333333333333
39,faceit.com,Games > Video Games Consoles and Accessories,8.783333333333333
40,liquipedia.net,Games > Video Games Consoles and Accessories,3.15
41,pathofexile.com,Games > Video Games Consoles and Accessories,15.15
42,fanbox.cc,Games > Video Games Consoles and Accessories,2.533333333333333
43,supercell.com,Games > Video Games Consoles and Accessories,1.5
44,vtubermatomerevival.com,Games > Video Games Consoles and Accessories,9.2
45,kamigame.jp,Games > Video Games Consoles and Accessories,4.65
46,riotgames.com,Games > Video Games Consoles and Accessories,2.3
47,aternos.org,Games > Video Games Consoles and Accessories,7.116666666666666
48,pcgamer.com,Games > Video Games Consoles and Accessories,1.0166666666666666
49,hoyolab.com,Games > Video Games Consoles and Accessories,3.15
50,curseforge.com,Games > Video Games Consoles and Accessories,6.55
1,blocksite.co,Health > Addictions,1.5666666666666667
2,trulieve.com,Health > Addictions,5.65
3,kipuworks.com,Health > Addictions,25.383333333333333
4,nofap.com,Health > Addictions,2.9833333333333334
5,curaleaf.com,Health > Addictions,4.533333333333333
6,kipu-11004.s3.amazonaws.com,Health > Addictions,3.55
7,notdrink.ru,Health > Addictions,35.266666666666666
8,0x3.com,Health > Addictions,2.8333333333333335
9,americanaddictioncenters.org,Health > Addictions,0.8
10,dea.gov,Health > Addictions,0.8
11,iheartjane.com,Health > Addictions,3.35
12,advmd.co,Health > Addictions,0.5333333333333333
13,zamnesia.com,Health > Addictions,3.0833333333333335
14,aa.org,Health > Addictions,1.45
15,allbud.com,Health > Addictions,1.8833333333333333
16,rehabfamily.com,Health > Addictions,0.45
17,zenleafdispensaries.com,Health > Addictions,2.5666666666666664
18,joyous.team,Health > Addictions,3.5833333333333335
19,localplan.co,Health > Addictions,1.2833333333333332
20,grower.ch,Health > Addictions,9.0
21,addictioncenter.com,Health > Addictions,0.5833333333333334
22,therecoveryvillage.com,Health > Addictions,0.7166666666666667
23,jftna.org,Health > Addictions,1.6833333333333333
24,behavioralhealth-centers.com,Health > Addictions,1.7
25,psychonautwiki.org,Health > Addictions,3.55
26,shroomery.org,Health > Addictions,3.2
27,erowid.org,Health > Addictions,4.6
28,well-net.org,Health > Addictions,5.483333333333333
29,watchasia.is,Health > Addictions,3.716666666666667
30,hapvidandi.com.br,Health > Addictions,1.3333333333333333
31,laakeinfo.fi,Health > Addictions,0.8666666666666667
32,adf.org.au,Health > Addictions,0.55
33,growdiaries.com,Health > Addictions,3.783333333333333
34,kinoscan.com,Health > Addictions,0.8
35,cerebellumacademy.com,Health > Addictions,7.383333333333334
36,saa-recovery.org,Health > Addictions,2.183333333333333
37,beyond-hello.com,Health > Addictions,3.966666666666667
38,liki.uz,Health > Addictions,0.6166666666666667
39,samsa.org.in,Health > Addictions,1.4833333333333334
40,zinniahealth.com,Health > Addictions,0.6333333333333333
41,internetaddictsanonymous.org,Health > Addictions,4.5
42,employersolutions.com,Health > Addictions,5.383333333333334
43,jomo.so,Health > Addictions,6.966666666666667
44,icmag.com,Health > Addictions,3.65
45,ggplus.pro,Health > Addictions,54.35
46,dmed.uz,Health > Addictions,26.916666666666668
47,hazeldenbettyford.org,Health > Addictions,0.6666666666666666
48,jellinek.nl,Health > Addictions,0.8
49,calmark.io,Health > Addictions,2.85
50,verimed.ru,Health > Addictions,0.5
1,iherb.com,Health > Alternative and Natural Medicine,3.966666666666667
2,ga.de,Health > Alternative and Natural Medicine,2.1333333333333333
3,racunn.com,Health > Alternative and Natural Medicine,0.7666666666666667
4,mercola.com,Health > Alternative and Natural Medicine,2.0
5,news.hidoc.co.kr,Health > Alternative and Natural Medicine,0.4666666666666667
6,massagebook.com,Health > Alternative and Natural Medicine,5.3
7,liebscher-bracht.com,Health > Alternative and Natural Medicine,2.033333333333333
8,functionhealth.com,Health > Alternative and Natural Medicine,5.216666666666667
9,bananam.co.kr,Health > Alternative and Natural Medicine,1.3333333333333333
10,zanducare.com,Health > Alternative and Natural Medicine,0.75
11,aklamator.com,Health > Alternative and Natural Medicine,4.15
12,news24portal.info,Health > Alternative and Natural Medicine,1.1
13,moneple.com,Health > Alternative and Natural Medicine,0.6333333333333333
14,naturheilkompass.de,Health > Alternative and Natural Medicine,0.5333333333333333
15,benu.rs,Health > Alternative and Natural Medicine,1.8166666666666667
16,himalayawellness.in,Health > Alternative and Natural Medicine,1.0833333333333333
17,younity.com,Health > Alternative and Natural Medicine,2.966666666666667
18,punarjanayurveda.com,Health > Alternative and Natural Medicine,1.9
19,apotekajankovic.rs,Health > Alternative and Natural Medicine,11.5
20,childrenshealthdefense.org,Health > Alternative and Natural Medicine,1.6166666666666667
21,annatsu.at,Health > Alternative and Natural Medicine,2.95
22,dijeta.in.rs,Health > Alternative and Natural Medicine,0.5333333333333333
23,wisey.app,Health > Alternative and Natural Medicine,3.533333333333333
24,drjoedispenza.com,Health > Alternative and Natural Medicine,3.2666666666666666
25,resalib.fr,Health > Alternative and Natural Medicine,1.55
26,clinicsense.com,Health > Alternative and Natural Medicine,4.166666666666667
27,mercolamarket.com,Health > Alternative and Natural Medicine,1.2
28,chirotouch.com,Health > Alternative and Natural Medicine,19.4
29,centreofexcellence.com,Health > Alternative and Natural Medicine,3.15
30,narayana-verlag.de,Health > Alternative and Natural Medicine,3.783333333333333
31,biogena.com,Health > Alternative and Natural Medicine,2.0166666666666666
32,ksamata.ru,Health > Alternative and Natural Medicine,5.966666666666667
33,vitakruid.nl,Health > Alternative and Natural Medicine,2.183333333333333
34,simplero.com,Health > Alternative and Natural Medicine,3.1333333333333333
35,drhomeo.com,Health > Alternative and Natural Medicine,1.55
36,love.janeapp.com,Health > Alternative and Natural Medicine,0.016666666666666666
37,alchimiaweb.com,Health > Alternative and Natural Medicine,2.4
38,sante-nutrition.org,Health > Alternative and Natural Medicine,1.8
39,meditree.kr,Health > Alternative and Natural Medicine,4.333333333333333
40,meinmed.at,Health > Alternative and Natural Medicine,0.9333333333333333
41,optimantra.com,Health > Alternative and Natural Medicine,12.983333333333333
42,decouvertes-sante.com,Health > Alternative and Natural Medicine,1.0166666666666666
43,korenovsk-rc.ru,Health > Alternative and Natural Medicine,0.1
44,tkp.at,Health > Alternative and Natural Medicine,1.2666666666666666
45,shop.benu.rs,Health > Alternative and Natural Medicine,0.016666666666666666
46,midwesterndoctor.com,Health > Alternative and Natural Medicine,3.2666666666666666
47,cureveda.com,Health > Alternative and Natural Medicine,1.1166666666666667
48,eusemfronteiras.com.br,Health > Alternative and Natural Medicine,0.45
49,inspirerendleven.nl,Health > Alternative and Natural Medicine,1.6
50,therapia.gr,Health > Alternative and Natural Medicine,1.3333333333333333
1,mevosaude.com.br,Health > Biotechnology and Pharmaceuticals,0.5833333333333334
2,daiichisankyo-hc.co.jp,Health > Biotechnology and Pharmaceuticals,1.2333333333333334
3,veevavault.com,Health > Biotechnology and Pharmaceuticals,14.35
4,oracleindustry.com,Health > Biotechnology and Pharmaceuticals,10.666666666666666
5,cytamins.ru,Health > Biotechnology and Pharmaceuticals,1.1666666666666667
6,sawai.co.jp,Health > Biotechnology and Pharmaceuticals,0.5166666666666667
7,farmazon.com.tr,Health > Biotechnology and Pharmaceuticals,12.166666666666666
8,drmax.pl,Health > Biotechnology and Pharmaceuticals,0.9333333333333333
9,9meters.com,Health > Biotechnology and Pharmaceuticals,0.85
10,pfizerforall.com,Health > Biotechnology and Pharmaceuticals,1.1166666666666667
11,rohto.com,Health > Biotechnology and Pharmaceuticals,1.2
12,pfizer.com,Health > Biotechnology and Pharmaceuticals,2.4333333333333336
13,kenei-pharm.com,Health > Biotechnology and Pharmaceuticals,0.4166666666666667
14,medical-care.net,Health > Biotechnology and Pharmaceuticals,11.75
15,alinamin-kenko.jp,Health > Biotechnology and Pharmaceuticals,0.5833333333333334
16,roche.com,Health > Biotechnology and Pharmaceuticals,3.183333333333333
17,mt-pharma.co.jp,Health > Biotechnology and Pharmaceuticals,0.6333333333333333
18,abbvie.com,Health > Biotechnology and Pharmaceuticals,3.9
19,taisho-kenko.com,Health > Biotechnology and Pharmaceuticals,0.8666666666666667
20,otsuka.co.jp,Health > Biotechnology and Pharmaceuticals,1.25
21,iqvia.com,Health > Biotechnology and Pharmaceuticals,4.666666666666667
22,webdiet.com.br,Health > Biotechnology and Pharmaceuticals,20.083333333333332
23,ryukakusan.co.jp,Health > Biotechnology and Pharmaceuticals,1.0666666666666667
24,prevnar20.com,Health > Biotechnology and Pharmaceuticals,0.95
25,zutool.jp,Health > Biotechnology and Pharmaceuticals,1.6
26,novartis.com,Health > Biotechnology and Pharmaceuticals,1.7666666666666666
27,bayer.com,Health > Biotechnology and Pharmaceuticals,1.55
28,chahwa.com.tw,Health > Biotechnology and Pharmaceuticals,8.633333333333333
29,kamimutsukawa.com,Health > Biotechnology and Pharmaceuticals,0.5666666666666667
30,imedidata.com,Health > Biotechnology and Pharmaceuticals,12.0
31,otelixio.com,Health > Biotechnology and Pharmaceuticals,0.06666666666666667
32,merck.com,Health > Biotechnology and Pharmaceuticals,5.05
33,ratiopharm.de,Health > Biotechnology and Pharmaceuticals,0.5833333333333334
34,sberhealth.ru,Health > Biotechnology and Pharmaceuticals,2.8
35,merckgroup.com,Health > Biotechnology and Pharmaceuticals,3.466666666666667
36,kowa.co.jp,Health > Biotechnology and Pharmaceuticals,1.0333333333333334
37,fiercebiotech.com,Health > Biotechnology and Pharmaceuticals,1.35
38,rohto.co.jp,Health > Biotechnology and Pharmaceuticals,1.2666666666666666
39,astrazeneca.com,Health > Biotechnology and Pharmaceuticals,2.4833333333333334
40,redcare-apotheke.ch,Health > Biotechnology and Pharmaceuticals,3.6166666666666667
41,endpts.com,Health > Biotechnology and Pharmaceuticals,2.4
42,news.popyard.space,Health > Biotechnology and Pharmaceuticals,10.716666666666667
43,fit.clinic,Health > Biotechnology and Pharmaceuticals,0.4166666666666667
44,takeda.com,Health > Biotechnology and Pharmaceuticals,1.3833333333333333
45,careers.lilly.com,Health > Biotechnology and Pharmaceuticals,3.283333333333333
46,eurofarma.com.br,Health > Biotechnology and Pharmaceuticals,1.05
47,symbion.com.au,Health > Biotechnology and Pharmaceuticals,9.066666666666666
48,center-dental-clinic.com,Health > Biotechnology and Pharmaceuticals,2.0
49,amgen.com,Health > Biotechnology and Pharmaceuticals,1.5666666666666667
50,prescriberpoint.com,Health > Biotechnology and Pharmaceuticals,1.1333333333333333
1,babycenter.com,Health > Childrens Health,1.5833333333333335
2,babyblog.ru,Health > Childrens Health,4.2
3,parenting.pl,Health > Childrens Health,0.8
4,parents.com,Health > Childrens Health,1.05
5,kidshealth.org,Health > Childrens Health,1.0
6,baby.ru,Health > Childrens Health,4.566666666666666
7,u-mama.ru,Health > Childrens Health,7.166666666666667
8,sibmama.ru,Health > Childrens Health,2.5
9,guiainfantil.com,Health > Childrens Health,2.033333333333333
10,7ya.ru,Health > Childrens Health,5.533333333333333
11,stanfordchildrens.org,Health > Childrens Health,2.4
12,littleone.ru,Health > Childrens Health,9.983333333333333
13,mom.life,Health > Childrens Health,1.6666666666666665
14,party.pl,Health > Childrens Health,0.8833333333333333
15,happiestbaby.com,Health > Childrens Health,1.6166666666666667
16,huckleberrycare.com,Health > Childrens Health,1.35
17,raisingchildren.net.au,Health > Childrens Health,1.0166666666666666
18,gdemoideti.ru,Health > Childrens Health,1.1166666666666667
19,childmind.org,Health > Childrens Health,1.0666666666666667
20,perfactive.fr,Health > Childrens Health,4.7
21,bebemamae.com,Health > Childrens Health,0.9166666666666666
22,attractivenesstest.com,Health > Childrens Health,5.55
23,madeformums.com,Health > Childrens Health,1.0166666666666666
24,babyhome.com.tw,Health > Childrens Health,2.0833333333333335
25,healthify.nz,Health > Childrens Health,1.4333333333333333
26,parents.ru,Health > Childrens Health,1.2166666666666668
27,serpadres.es,Health > Childrens Health,1.2
28,kinderaerzte-im-netz.de,Health > Childrens Health,0.8333333333333334
29,dodot.es,Health > Childrens Health,0.6
30,medela.com,Health > Childrens Health,1.1333333333333333
31,clinics-app.com,Health > Childrens Health,1.2666666666666666
32,huggies.ru,Health > Childrens Health,0.7
33,ilkadimlarim.com,Health > Childrens Health,0.6833333333333333
34,pinmed.co,Health > Childrens Health,0.9
35,materinstvo.ru,Health > Childrens Health,3.6833333333333336
36,mamotoja.pl,Health > Childrens Health,1.2
37,kindergesundheit-info.de,Health > Childrens Health,0.8166666666666667
38,mjakmama24.pl,Health > Childrens Health,0.8333333333333334
39,period-calendar.com,Health > Childrens Health,1.7166666666666668
40,wosp.org.pl,Health > Childrens Health,1.4333333333333333
41,kimbino.hu,Health > Childrens Health,4.5
42,bebesymas.com,Health > Childrens Health,1.3166666666666667
43,cps.ca,Health > Childrens Health,1.0666666666666667
44,sickkids.ca,Health > Childrens Health,2.8666666666666667
45,intelite.com.br,Health > Childrens Health,71.88333333333334
46,childcare.co.uk,Health > Childrens Health,3.9
47,kita.de,Health > Childrens Health,1.2333333333333334
48,llli.org,Health > Childrens Health,1.0166666666666666
49,mamanoko.jp,Health > Childrens Health,1.5
50,todopapas.com,Health > Childrens Health,1.4833333333333334
1,invisalign.com,Health > Dentist and Dental Services,6.683333333333334
2,colgate.com,Health > Dentist and Dental Services,0.7666666666666667
3,intakeq.com,Health > Dentist and Dental Services,7.216666666666667
4,haisha-yoyaku.jp,Health > Dentist and Dental Services,4.216666666666667
5,medicaldoc.jp,Health > Dentist and Dental Services,1.8166666666666667
6,denticon.com,Health > Dentist and Dental Services,34.25
7,aligntech.com,Health > Dentist and Dental Services,14.616666666666667
8,simplesdental.com,Health > Dentist and Dental Services,42.666666666666664
9,dentalofficetoolkit.com,Health > Dentist and Dental Services,6.666666666666667
10,visitqatar.com,Health > Dentist and Dental Services,1.1666666666666667
11,modento.io,Health > Dentist and Dental Services,5.066666666666666
12,mydentalhub.online,Health > Dentist and Dental Services,3.283333333333333
13,stransa.co.jp,Health > Dentist and Dental Services,7.45
14,dentrixascend.com,Health > Dentist and Dental Services,27.116666666666667
15,dentalxchange.com,Health > Dentist and Dental Services,7.15
16,poponveneers.com,Health > Dentist and Dental Services,5.116666666666666
17,dentally.co,Health > Dentist and Dental Services,70.33333333333333
18,aspendental.com,Health > Dentist and Dental Services,2.45
19,solutionreach.com,Health > Dentist and Dental Services,6.55
20,vynetrellis.com,Health > Dentist and Dental Services,6.45
21,simples-saude.com,Health > Dentist and Dental Services,0.016666666666666666
22,myitero.com,Health > Dentist and Dental Services,8.4
23,cloud.myitero.com,Health > Dentist and Dental Services,8.616666666666667
24,ada.org,Health > Dentist and Dental Services,2.0166666666666666
25,operadds.com,Health > Dentist and Dental Services,4.466666666666667
26,rectanglehealth.com,Health > Dentist and Dental Services,7.266666666666667
27,chatmix.com.br,Health > Dentist and Dental Services,89.78333333333333
28,dentalhub.com,Health > Dentist and Dental Services,9.483333333333333
29,myoryx.com,Health > Dentist and Dental Services,16.566666666666666
30,curvehero.com,Health > Dentist and Dental Services,57.35
31,etabletka.sk,Health > Dentist and Dental Services,2.6
32,fnanen.com,Health > Dentist and Dental Services,1.6333333333333333
33,codental.com.br,Health > Dentist and Dental Services,22.1
34,sensodyne.com,Health > Dentist and Dental Services,0.6166666666666667
35,emedny.org,Health > Dentist and Dental Services,13.8
36,24stoma.ru,Health > Dentist and Dental Services,0.75
37,colgate.com.br,Health > Dentist and Dental Services,0.4166666666666667
38,getweave.com,Health > Dentist and Dental Services,3.4833333333333334
39,judenedds.com,Health > Dentist and Dental Services,3.1666666666666665
40,clearchoice.com,Health > Dentist and Dental Services,1.15
41,oralb.com,Health > Dentist and Dental Services,1.3833333333333333
42,americareadysupply.com,Health > Dentist and Dental Services,2.1
43,invisalign.com.br,Health > Dentist and Dental Services,1.2166666666666668
44,3shape.com,Health > Dentist and Dental Services,7.083333333333333
45,patientconnect365.com,Health > Dentist and Dental Services,1.9166666666666665
46,dentamap.jp,Health > Dentist and Dental Services,6.3
47,enguard.com,Health > Dentist and Dental Services,10.95
48,curvegro.com,Health > Dentist and Dental Services,2.7666666666666666
49,dentalkart.com,Health > Dentist and Dental Services,1.2833333333333332
50,vevidental.com,Health > Dentist and Dental Services,11.266666666666667
1,litalico.jp,Health > Developmental and Physical Disabilities,1.3833333333333333
2,thementornetwork.com,Health > Developmental and Physical Disabilities,3.0833333333333335
3,mznn.ru,Health > Developmental and Physical Disabilities,3.3333333333333335
4,benefitsandwork.co.uk,Health > Developmental and Physical Disabilities,2.066666666666667
5,autism.org.uk,Health > Developmental and Physical Disabilities,1.6333333333333333
6,cnsa.fr,Health > Developmental and Physical Disabilities,3.45
7,vdk.de,Health > Developmental and Physical Disabilities,2.25
8,set-works.com,Health > Developmental and Physical Disabilities,7.983333333333333
9,goodwill.org,Health > Developmental and Physical Disabilities,1.0333333333333334
10,statres.com,Health > Developmental and Physical Disabilities,13.9
11,oref.org.il,Health > Developmental and Physical Disabilities,0.38333333333333336
12,monparcourshandicap.gouv.fr,Health > Developmental and Physical Disabilities,1.7166666666666668
13,dcig-forum.de,Health > Developmental and Physical Disabilities,2.75
14,carecollabo.jp,Health > Developmental and Physical Disabilities,13.066666666666666
15,care-wing.jp,Health > Developmental and Physical Disabilities,22.966666666666665
16,sevitahealth.com,Health > Developmental and Physical Disabilities,2.55
17,guardner.jp,Health > Developmental and Physical Disabilities,0.6666666666666666
18,onsagenda.nl,Health > Developmental and Physical Disabilities,7.566666666666666
19,handicap.fr,Health > Developmental and Physical Disabilities,0.9666666666666667
20,shohgaisha.com,Health > Developmental and Physical Disabilities,1.15
21,enableme.de,Health > Developmental and Physical Disabilities,1.7
22,curaleafclinic.com,Health > Developmental and Physical Disabilities,2.4166666666666665
23,axapa.fr,Health > Developmental and Physical Disabilities,10.15
24,disabili.com,Health > Developmental and Physical Disabilities,1.1333333333333333
25,servimedia.es,Health > Developmental and Physical Disabilities,1.35
26,seikatsuhogo.biz,Health > Developmental and Physical Disabilities,1.8166666666666667
27,rakuraku.or.jp,Health > Developmental and Physical Disabilities,3.066666666666667
28,granfarma.it,Health > Developmental and Physical Disabilities,2.5166666666666666
29,pflegecampus.de,Health > Developmental and Physical Disabilities,31.416666666666668
30,ashdodonline.co.il,Health > Developmental and Physical Disabilities,1.15
31,sovd-sh.de,Health > Developmental and Physical Disabilities,1.6166666666666667
32,niepelnosprawni.pl,Health > Developmental and Physical Disabilities,1.0666666666666667
33,mobilityworks.com,Health > Developmental and Physical Disabilities,2.1
34,dredf.org,Health > Developmental and Physical Disabilities,1.1666666666666667
35,abilitynet.org.uk,Health > Developmental and Physical Disabilities,0.6
36,hdsunflower.com,Health > Developmental and Physical Disabilities,1.6166666666666667
37,mymodivcare.com,Health > Developmental and Physical Disabilities,1.9
38,lebenshilfe.de,Health > Developmental and Physical Disabilities,1.0166666666666666
39,disabilityrightsuk.org,Health > Developmental and Physical Disabilities,1.0
40,doorinworld.ru,Health > Developmental and Physical Disabilities,1.6
41,disabilityscoop.com,Health > Developmental and Physical Disabilities,1.15
42,rh-dt.de,Health > Developmental and Physical Disabilities,3.3166666666666664
43,korian.it,Health > Developmental and Physical Disabilities,1.4666666666666668
44,elo-forum.org,Health > Developmental and Physical Disabilities,2.7
45,shuro-shien.or.jp,Health > Developmental and Physical Disabilities,1.35
46,invalidnost.com,Health > Developmental and Physical Disabilities,1.15
47,rehakids.de,Health > Developmental and Physical Disabilities,2.1166666666666667
48,handylex.org,Health > Developmental and Physical Disabilities,1.3666666666666667
49,bloghoptoys.fr,Health > Developmental and Physical Disabilities,0.6666666666666666
50,eyleahd.com,Health > Developmental and Physical Disabilities,0.2
1,reliaslearning.com,Health > Geriatric and Aging Care,14.016666666666667
2,fox13seattle.com,Health > Geriatric and Aging Care,1.8166666666666667
3,clearcareonline.com,Health > Geriatric and Aging Care,20.583333333333332
4,tyojyu.or.jp,Health > Geriatric and Aging Care,1.1833333333333333
5,aplaceformom.com,Health > Geriatric and Aging Care,1.9333333333333333
6,matrixcare.com,Health > Geriatric and Aging Care,25.466666666666665
7,agingcare.com,Health > Geriatric and Aging Care,1.45
8,checkanswers.co,Health > Geriatric and Aging Care,0.7666666666666667
9,alayacare.com,Health > Geriatric and Aging Care,4.716666666666667
10,mindfuladvantage.com,Health > Geriatric and Aging Care,2.3
11,ncoa.org,Health > Geriatric and Aging Care,0.7833333333333333
12,seniorliving.org,Health > Geriatric and Aging Care,1.35
13,monetise.com,Health > Geriatric and Aging Care,2.05
14,axxessweb.com,Health > Geriatric and Aging Care,6.816666666666666
15,wellsky.com,Health > Geriatric and Aging Care,23.6
16,capretraite.fr,Health > Geriatric and Aging Care,1.7
17,onlinefabricstore.com,Health > Geriatric and Aging Care,1.9166666666666665
18,reversephone.com,Health > Geriatric and Aging Care,3.3666666666666667
19,axiscare.com,Health > Geriatric and Aging Care,18.566666666666666
20,truelinkfinancial.com,Health > Geriatric and Aging Care,1.4333333333333333
21,modivcare.com,Health > Geriatric and Aging Care,4.366666666666666
22,jabraenhance.com,Health > Geriatric and Aging Care,6.733333333333333
23,pour-les-personnes-agees.gouv.fr,Health > Geriatric and Aging Care,3.3333333333333335
24,sante-ra.fr,Health > Geriatric and Aging Care,6.116666666666666
25,ryokorouter.com,Health > Geriatric and Aging Care,1.55
26,brightstarcare.com,Health > Geriatric and Aging Care,17.383333333333333
27,caring.com,Health > Geriatric and Aging Care,1.9166666666666665
28,extendedcare.com,Health > Geriatric and Aging Care,60.36666666666667
29,lifelinesupport.org,Health > Geriatric and Aging Care,1.9666666666666668
30,myagedcare.gov.au,Health > Geriatric and Aging Care,4.633333333333333
31,hublo.com,Health > Geriatric and Aging Care,3.4333333333333336
32,action-sociale.org,Health > Geriatric and Aging Care,2.3666666666666667
33,freedomcare.com,Health > Geriatric and Aging Care,1.2666666666666666
34,sanitaire-social.com,Health > Geriatric and Aging Care,1.4333333333333333
35,encompasshealth.com,Health > Geriatric and Aging Care,5.316666666666666
36,aloraplus.com,Health > Geriatric and Aging Care,22.4
37,residentapps.com,Health > Geriatric and Aging Care,2.8
38,ultrahhc.com,Health > Geriatric and Aging Care,26.583333333333332
39,flmedicaidmanagedcare.com,Health > Geriatric and Aging Care,4.75
40,theseniorlist.com,Health > Geriatric and Aging Care,1.45
41,mymaxview.com,Health > Geriatric and Aging Care,4.6
42,tels.net,Health > Geriatric and Aging Care,7.066666666666666
43,aeroflowurology.com,Health > Geriatric and Aging Care,0.9166666666666666
44,homeinstead.com,Health > Geriatric and Aging Care,1.8
45,sunriseseniorliving.com,Health > Geriatric and Aging Care,1.35
46,seniorly.com,Health > Geriatric and Aging Care,2.6333333333333333
47,gogograndparent.com,Health > Geriatric and Aging Care,10.783333333333333
48,networkofcare.org,Health > Geriatric and Aging Care,1.3
49,aarpfoundation.org,Health > Geriatric and Aging Care,2.0
50,brookdale.com,Health > Geriatric and Aging Care,1.7666666666666666
1,webmd.com,Health > Health Conditions and Concerns,1.2833333333333332
2,analdin.xxx,Health > Health Conditions and Concerns,3.3166666666666664
3,verywellhealth.com,Health > Health Conditions and Concerns,1.1666666666666667
4,health.clevelandclinic.org,Health > Health Conditions and Concerns,0.7666666666666667
5,mobcup.com.co,Health > Health Conditions and Concerns,1.9
6,cancer.gov,Health > Health Conditions and Concerns,1.4666666666666668
7,healthdirect.gov.au,Health > Health Conditions and Concerns,0.9666666666666667
8,sleepfoundation.org,Health > Health Conditions and Concerns,0.7833333333333333
9,cancer.org,Health > Health Conditions and Concerns,1.75
10,nhsinform.scot,Health > Health Conditions and Concerns,1.1
11,news-medical.net,Health > Health Conditions and Concerns,0.9666666666666667
12,mdanderson.org,Health > Health Conditions and Concerns,2.0
13,cancerresearchuk.org,Health > Health Conditions and Concerns,1.5833333333333335
14,freestyle.abbott,Health > Health Conditions and Concerns,1.5666666666666667
15,bhf.org.uk,Health > Health Conditions and Concerns,1.75
16,dermnetnz.org,Health > Health Conditions and Concerns,1.4666666666666668
17,cancer.ca,Health > Health Conditions and Concerns,1.1833333333333333
18,merckmanuals.com,Health > Health Conditions and Concerns,1.8666666666666667
19,getsmartinsights.com,Health > Health Conditions and Concerns,2.3833333333333333
20,dexcom.com,Health > Health Conditions and Concerns,1.9166666666666665
21,kidney.org,Health > Health Conditions and Concerns,1.1833333333333333
22,healthmatch.io,Health > Health Conditions and Concerns,3.1166666666666667
23,kff.org,Health > Health Conditions and Concerns,1.5166666666666666
24,lung.org,Health > Health Conditions and Concerns,0.9
25,herzstiftung.de,Health > Health Conditions and Concerns,1.4166666666666667
26,cdc.gov.tw,Health > Health Conditions and Concerns,1.8333333333333335
27,spine-health.com,Health > Health Conditions and Concerns,1.4333333333333333
28,answers.mawdoo3.com,Health > Health Conditions and Concerns,1.0
29,sanego.de,Health > Health Conditions and Concerns,1.2166666666666668
30,usenourish.com,Health > Health Conditions and Concerns,3.9166666666666665
31,diabetes.org,Health > Health Conditions and Concerns,1.55
32,lakartidningen.se,Health > Health Conditions and Concerns,2.8166666666666664
33,kohi.or.kr,Health > Health Conditions and Concerns,20.5
34,orpha.net,Health > Health Conditions and Concerns,0.8666666666666667
35,diabetes.org.uk,Health > Health Conditions and Concerns,1.8833333333333333
36,farmasiet.no,Health > Health Conditions and Concerns,3.283333333333333
37,libreview.com,Health > Health Conditions and Concerns,3.0833333333333335
38,omnipod.com,Health > Health Conditions and Concerns,2.6333333333333333
39,alz.org,Health > Health Conditions and Concerns,1.4166666666666667
40,nanbyou.or.jp,Health > Health Conditions and Concerns,1.9666666666666668
41,arthritis.org,Health > Health Conditions and Concerns,0.7333333333333333
42,mohw.go.kr,Health > Health Conditions and Concerns,3.95
43,duodecimlehti.fi,Health > Health Conditions and Concerns,1.1333333333333333
44,macmillan.org.uk,Health > Health Conditions and Concerns,1.6333333333333333
45,alzheimers.org.uk,Health > Health Conditions and Concerns,1.9
46,amsterdamumc.nl,Health > Health Conditions and Concerns,3.7333333333333334
47,hug.ch,Health > Health Conditions and Concerns,1.25
48,davita.com,Health > Health Conditions and Concerns,3.183333333333333
49,felleskatalogen.no,Health > Health Conditions and Concerns,2.7666666666666666
50,ourfuturehealth.org.uk,Health > Health Conditions and Concerns,7.95
1,nih.gov,Health > Health - Other,4.566666666666666
2,healthline.com,Health > Health - Other,1.9666666666666668
3,walgreens.com,Health > Health - Other,3.65
4,1mg.com,Health > Health - Other,2.5
5,medicalnewstoday.com,Health > Health - Other,1.3
6,nhs.uk,Health > Health - Other,1.7
7,aarp.org,Health > Health - Other,8.116666666666667
8,doctolib.fr,Health > Health - Other,5.433333333333334
9,nhathuoclongchau.com.vn,Health > Health - Other,3.6333333333333333
10,alodokter.com,Health > Health - Other,1.6166666666666667
11,athenahealth.com,Health > Health - Other,5.15
12,altibbi.com,Health > Health - Other,1.2333333333333334
13,tuasaude.com,Health > Health - Other,1.4666666666666668
14,v2i8b.com,Health > Health - Other,0.5833333333333334
15,cdc.gov,Health > Health - Other,2.0833333333333335
16,medlineplus.gov,Health > Health - Other,0.9166666666666666
17,prodoctorov.ru,Health > Health - Other,3.1666666666666665
18,janeapp.com,Health > Health - Other,9.633333333333333
19,abczdrowie.pl,Health > Health - Other,0.9666666666666667
20,webteb.com,Health > Health - Other,1.0333333333333334
21,athena.io,Health > Health - Other,1.7166666666666668
22,doctoralia.com.br,Health > Health - Other,3.3
23,halodoc.com,Health > Health - Other,1.6833333333333333
24,phreesia.net,Health > Health - Other,3.283333333333333
25,sprosivracha.com,Health > Health - Other,1.2833333333333332
26,vinmec.com,Health > Health - Other,1.8333333333333335
27,memorial.com.tr,Health > Health - Other,1.4833333333333334
28,imss.gob.mx,Health > Health - Other,6.983333333333333
29,medonet.pl,Health > Health - Other,0.6833333333333333
30,health.mail.ru,Health > Health - Other,2.2666666666666666
31,uworld.com,Health > Health - Other,8.4
32,suckhoedoisong.vn,Health > Health - Other,0.3333333333333333
33,uteka.ru,Health > Health - Other,3.3166666666666664
34,chemistwarehouse.com.au,Health > Health - Other,3.45
35,shop-apotheke.com,Health > Health - Other,3.2
36,ecwcloud.com,Health > Health - Other,13.666666666666666
37,questdiagnostics.com,Health > Health - Other,5.666666666666667
38,rxinform.org,Health > Health - Other,1.6666666666666665
39,who.int,Health > Health - Other,2.4
40,labcorp.com,Health > Health - Other,4.416666666666667
41,wlgrn.com,Health > Health - Other,0.9833333333333333
42,practo.com,Health > Health - Other,2.3666666666666667
43,hesaplama.net,Health > Health - Other,1.9833333333333334
44,doctolib.de,Health > Health - Other,3.9
45,memed.com.br,Health > Health - Other,1.2833333333333332
46,gemotest.ru,Health > Health - Other,1.7666666666666666
47,doctoralia.com.mx,Health > Health - Other,2.6166666666666667
48,gsuplementos.com.br,Health > Health - Other,2.9
49,healthgrades.com,Health > Health - Other,1.9833333333333334
50,uptodate.com,Health > Health - Other,5.166666666666667
1,mayoclinic.org,Health > Medicine,1.0166666666666666
2,clevelandclinic.org,Health > Medicine,1.3166666666666667
3,msdmanuals.com,Health > Medicine,1.75
4,vidal.ru,Health > Medicine,1.3833333333333333
5,invitro.ru,Health > Medicine,4.066666666666666
6,hopkinsmedicine.org,Health > Medicine,1.5166666666666666
7,rlsnet.ru,Health > Medicine,1.65
8,znanylekarz.pl,Health > Medicine,3.05
9,mp.pl,Health > Medicine,1.3833333333333333
10,medscape.com,Health > Medicine,2.2
11,doccheck.com,Health > Medicine,3.1166666666666667
12,lww.com,Health > Medicine,2.8666666666666667
13,amboss.com,Health > Medicine,15.0
14,103.by,Health > Medicine,3.1166666666666667
15,humanitas.it,Health > Medicine,1.0166666666666666
16,providence.org,Health > Medicine,5.25
17,health.usnews.com,Health > Medicine,1.6
18,bmj.com,Health > Medicine,2.0833333333333335
19,kp.org,Health > Medicine,5.583333333333333
20,m3.com,Health > Medicine,5.483333333333333
21,acibadem.com.tr,Health > Medicine,1.1833333333333333
22,doximity.com,Health > Medicine,3.9
23,jamanetwork.com,Health > Medicine,1.7166666666666668
24,libvio.fun,Health > Medicine,6.3
25,adventhealth.com,Health > Medicine,5.216666666666667
26,sutterhealth.org,Health > Medicine,6.75
27,uclahealth.org,Health > Medicine,3.4166666666666665
28,emias.info,Health > Medicine,4.55
29,mailsuite.com,Health > Medicine,3.8833333333333333
30,aamc.org,Health > Medicine,5.4
31,massgeneralbrigham.org,Health > Medicine,5.766666666666667
32,passmedicine.com,Health > Medicine,8.783333333333333
33,iqhealth.com,Health > Medicine,4.116666666666666
34,upmc.com,Health > Medicine,3.216666666666667
35,physio-pedia.com,Health > Medicine,2.0166666666666666
36,health.kr,Health > Medicine,2.05
37,thewom.it,Health > Medicine,1.9666666666666668
38,kenhub.com,Health > Medicine,2.9333333333333336
39,med.or.jp,Health > Medicine,2.283333333333333
40,amc.seoul.kr,Health > Medicine,0.8333333333333334
41,uchealth.org,Health > Medicine,4.833333333333333
42,doctornow.co.kr,Health > Medicine,1.15
43,nm.org,Health > Medicine,4.033333333333333
44,nrmp.org,Health > Medicine,3.6833333333333336
45,uhhospitals.org,Health > Medicine,3.05
46,apollohospitals.com,Health > Medicine,2.283333333333333
47,mskcc.org,Health > Medicine,3.783333333333333
48,studentdoctor.net,Health > Medicine,2.9
49,cedars-sinai.org,Health > Medicine,1.85
50,aafp.org,Health > Medicine,1.7
1,clinikally.com,Health > Mens Health,2.9166666666666665
2,harrys.com,Health > Mens Health,1.8
3,okusurinavi.shop,Health > Mens Health,2.3833333333333333
4,dollarshaveclub.com,Health > Mens Health,1.5833333333333335
5,mobizio.com,Health > Mens Health,26.016666666666666
6,adaptiveems.com,Health > Mens Health,4.733333333333333
7,gillette.com,Health > Mens Health,0.7666666666666667
8,organicsocean.com,Health > Mens Health,2.0833333333333335
9,cos-rd.com,Health > Mens Health,0.3
10,betterconsult.com,Health > Mens Health,2.216666666666667
11,calcsd.info,Health > Mens Health,2.5666666666666664
12,rocketrx.com,Health > Mens Health,2.7666666666666666
13,d-clinicgroup.jp,Health > Mens Health,0.4
14,healthadvicetoday.com,Health > Mens Health,0.9333333333333333
15,bigdickguide.com,Health > Mens Health,1.7666666666666666
16,mycarecorner.net,Health > Mens Health,4.15
17,careers.health.qld.gov.au,Health > Mens Health,2.25
18,looksmaxxing.com,Health > Mens Health,4.216666666666667
19,thunders.place,Health > Mens Health,5.6
20,issm.info,Health > Mens Health,0.2
21,airmedscrubs.com.au,Health > Mens Health,3.716666666666667
22,mynucleus.com,Health > Mens Health,3.1
23,newyorkurologyspecialists.com,Health > Mens Health,0.75
24,shop.drinkag1.com,Health > Mens Health,3.066666666666667
25,mitoredlight.com,Health > Mens Health,2.7666666666666666
26,movember.com,Health > Mens Health,0.48333333333333334
27,citycave.com.au,Health > Mens Health,2.75
28,unidru.com,Health > Mens Health,3.183333333333333
29,franktalk.org,Health > Mens Health,8.966666666666667
30,phallosan.com,Health > Mens Health,6.7
31,healthsea.com,Health > Mens Health,2.1333333333333333
32,maennergesundheit.info,Health > Mens Health,1.2166666666666668
33,agacare.clinic,Health > Mens Health,0.4666666666666667
34,penuma.com,Health > Mens Health,1.3166666666666667
35,growplex.co,Health > Mens Health,3.4
36,e-aga.jp,Health > Mens Health,0.03333333333333333
37,drakner.ru,Health > Mens Health,0.45
38,zdorovnik.com,Health > Mens Health,0.2
39,sbc-aga.jp,Health > Mens Health,1.5166666666666666
40,hers.com,Health > Mens Health,0.8
41,will-agaclinic.com,Health > Mens Health,0.43333333333333335
42,barsclassaction.com,Health > Mens Health,1.9
43,themenshealthclinic.co.uk,Health > Mens Health,1.85
44,kato-aga-clinic.com,Health > Mens Health,0.6166666666666667
45,aventusclinic.com,Health > Mens Health,0.7
46,prostata.de,Health > Mens Health,1.5
47,meindirektlabor.de,Health > Mens Health,1.3166666666666667
48,dirxhealth.com,Health > Mens Health,1.95
49,lilli.ch,Health > Mens Health,1.3666666666666667
50,forestbell.jp,Health > Mens Health,0.5166666666666667
1,psychologytoday.com,Health > Mental Health,2.35
2,simplepractice.com,Health > Mental Health,9.816666666666666
3,doxy.me,Health > Mental Health,3.716666666666667
4,verywellmind.com,Health > Mental Health,1.3333333333333333
5,betterhelp.com,Health > Mental Health,2.7666666666666666
6,clientsecure.me,Health > Mental Health,5.4
7,therapynotes.com,Health > Mental Health,14.483333333333333
8,psychcentral.com,Health > Mental Health,1.6166666666666667
9,growtherapy.com,Health > Mental Health,5.416666666666667
10,therapyportal.com,Health > Mental Health,3.8333333333333335
11,psychologies.ru,Health > Mental Health,1.0166666666666666
12,additudemag.com,Health > Mental Health,1.65
13,calm.com,Health > Mental Health,1.05
14,headway.co,Health > Mental Health,4.05
15,loopearplugs.com,Health > Mental Health,3.066666666666667
16,h-navi.jp,Health > Mental Health,4.083333333333333
17,psicoadvisor.com,Health > Mental Health,0.31666666666666665
18,helloalma.com,Health > Mental Health,5.783333333333333
19,talkspace.com,Health > Mental Health,5.483333333333333
20,lifestance.com,Health > Mental Health,1.2833333333333332
21,theranest.com,Health > Mental Health,13.383333333333333
22,guidapsicologi.it,Health > Mental Health,1.7
23,focusmate.com,Health > Mental Health,9.883333333333333
24,headspace.com,Health > Mental Health,1.6333333333333333
25,trendyol-milla.com,Health > Mental Health,3.6
26,positivepsychology.com,Health > Mental Health,1.2333333333333334
27,halaxy.com,Health > Mental Health,10.0
28,attachmentproject.com,Health > Mental Health,4.333333333333333
29,zandahealth.com,Health > Mental Health,7.6
30,mind.org.uk,Health > Mental Health,2.033333333333333
31,anahana.com,Health > Mental Health,1.5666666666666667
32,treatmyocd.com,Health > Mental Health,3.15
33,breeze-wellbeing.com,Health > Mental Health,2.783333333333333
34,embrace-autism.com,Health > Mental Health,4.283333333333333
35,choosingtherapy.com,Health > Mental Health,1.8333333333333335
36,charliehealth.com,Health > Mental Health,2.283333333333333
37,helpguide.org,Health > Mental Health,0.9333333333333333
38,psychologue.net,Health > Mental Health,1.75
39,netsmartcloud.com,Health > Mental Health,13.433333333333334
40,therapyappointment.com,Health > Mental Health,9.766666666666667
41,appt.to,Health > Mental Health,0.9333333333333333
42,samhsa.gov,Health > Mental Health,1.6166666666666667
43,clinical-partners.co.uk,Health > Mental Health,1.8666666666666667
44,mhanational.org,Health > Mental Health,1.45
45,talkiatry.com,Health > Mental Health,2.9166666666666665
46,serenis.it,Health > Mental Health,2.55
47,7cups.com,Health > Mental Health,4.683333333333334
48,crediblebh.com,Health > Mental Health,13.8
49,insighttimer.com,Health > Mental Health,2.066666666666667
50,aisaver.io,Health > Mental Health,1.9666666666666668
1,my-personaltrainer.it,Health > Nutrition Diets and Fitness,1.8
2,menshealth.com,Health > Nutrition Diets and Fitness,0.8666666666666667
3,myfitnesspal.com,Health > Nutrition Diets and Fitness,4.15
4,health.com,Health > Nutrition Diets and Fitness,0.8833333333333333
5,prevention.com,Health > Nutrition Diets and Fitness,1.2166666666666668
6,eatthis.com,Health > Nutrition Diets and Fitness,0.8666666666666667
7,gympass.com,Health > Nutrition Diets and Fitness,9.033333333333333
8,alfemminile.com,Health > Nutrition Diets and Fitness,2.9
9,planetfitness.com,Health > Nutrition Diets and Fitness,2.5833333333333335
10,unimeal.com,Health > Nutrition Diets and Fitness,1.4666666666666668
11,myprotein.com,Health > Nutrition Diets and Fitness,2.533333333333333
12,nutritionix.com,Health > Nutrition Diets and Fitness,1.4833333333333334
13,classpass.com,Health > Nutrition Diets and Fitness,3.183333333333333
14,basic-fit.com,Health > Nutrition Diets and Fitness,1.85
15,framar.bg,Health > Nutrition Diets and Fitness,1.5
16,weightwatchers.com,Health > Nutrition Diets and Fitness,2.1
17,w12app.com.br,Health > Nutrition Diets and Fitness,29.1
18,verywellfit.com,Health > Nutrition Diets and Fitness,0.9166666666666666
19,self.com,Health > Nutrition Diets and Fitness,0.9833333333333333
20,stips.co.il,Health > Nutrition Diets and Fitness,4.55
21,totalpass.com,Health > Nutrition Diets and Fitness,9.05
22,smartfit.com.br,Health > Nutrition Diets and Fitness,2.7666666666666666
23,muscleandstrength.com,Health > Nutrition Diets and Fitness,2.7333333333333334
24,livestrong.com,Health > Nutrition Diets and Fitness,0.9833333333333333
25,trans-returnsummarycard-images-na.s3.amazonaws.com,Health > Nutrition Diets and Fitness,1.9
26,tutorplace.ru,Health > Nutrition Diets and Fitness,1.9166666666666665
27,ouraring.com,Health > Nutrition Diets and Fitness,2.066666666666667
28,sopharmacy.bg,Health > Nutrition Diets and Fitness,1.9166666666666665
29,bulk.com,Health > Nutrition Diets and Fitness,4.583333333333333
30,puregym.com,Health > Nutrition Diets and Fitness,2.75
31,healthy.thewom.it,Health > Nutrition Diets and Fitness,1.9833333333333334
32,cronometer.com,Health > Nutrition Diets and Fitness,3.2
33,vitaminshoppe.com,Health > Nutrition Diets and Fitness,2.783333333333333
34,gnc.com,Health > Nutrition Diets and Fitness,2.45
35,roguefitness.com,Health > Nutrition Diets and Fitness,2.4333333333333336
36,yoga-lava.com,Health > Nutrition Diets and Fitness,7.183333333333334
37,wellnessliving.com,Health > Nutrition Diets and Fitness,4.683333333333334
38,lafitness.com,Health > Nutrition Diets and Fitness,2.7333333333333334
39,lifetime.life,Health > Nutrition Diets and Fitness,2.6166666666666667
40,eatthismuch.com,Health > Nutrition Diets and Fitness,1.2
41,voedingscentrum.nl,Health > Nutrition Diets and Fitness,1.8833333333333333
42,tdeecalculator.net,Health > Nutrition Diets and Fitness,1.6
43,nativepath.com,Health > Nutrition Diets and Fitness,1.85
44,bryanjohnson.com,Health > Nutrition Diets and Fitness,4.2
45,mfitpersonal.com.br,Health > Nutrition Diets and Fitness,8.833333333333334
46,crunch.com,Health > Nutrition Diets and Fitness,2.033333333333333
47,calorizator.ru,Health > Nutrition Diets and Fitness,1.7
48,athleanx.com,Health > Nutrition Diets and Fitness,3.0166666666666666
49,muscleblaze.com,Health > Nutrition Diets and Fitness,1.7666666666666666
50,mynetdiary.com,Health > Nutrition Diets and Fitness,1.3666666666666667
1,cvs.com,Health > Pharmacy,3.1166666666666667
2,apteka.ru,Health > Pharmacy,3.8333333333333335
3,drugs.com,Health > Pharmacy,1.5666666666666667
4,tabletki.ua,Health > Pharmacy,3.1166666666666667
5,goodrx.com,Health > Pharmacy,1.95
6,eapteka.ru,Health > Pharmacy,1.55
7,drogasil.com.br,Health > Pharmacy,2.5166666666666666
8,apollopharmacy.in,Health > Pharmacy,1.05
9,drogaraia.com.br,Health > Pharmacy,2.066666666666667
10,consultaremedios.com.br,Health > Pharmacy,1.3833333333333333
11,doz.pl,Health > Pharmacy,1.5833333333333335
12,fda.gov,Health > Pharmacy,2.0166666666666666
13,paguemenos.com.br,Health > Pharmacy,2.3166666666666664
14,fahorro.com,Health > Pharmacy,1.8333333333333335
15,drogariasaopaulo.com.br,Health > Pharmacy,2.35
16,netmeds.com,Health > Pharmacy,1.5
17,asna.ru,Health > Pharmacy,1.0
18,apotea.se,Health > Pharmacy,4.966666666666667
19,planetazdorovo.ru,Health > Pharmacy,3.75
20,pharmeasy.in,Health > Pharmacy,1.5166666666666666
21,gorzdrav.org,Health > Pharmacy,1.7166666666666668
22,stolichki.ru,Health > Pharmacy,2.8333333333333335
23,farmaciasguadalajara.com,Health > Pharmacy,1.85
24,zdravcity.ru,Health > Pharmacy,2.35
25,kusurinomadoguchi.com,Health > Pharmacy,1.7333333333333334
26,shoppersdrugmart.ca,Health > Pharmacy,3.2666666666666666
27,apteka911.ua,Health > Pharmacy,2.8833333333333333
28,apteka-april.ru,Health > Pharmacy,2.85
29,selcukecza.com.tr,Health > Pharmacy,7.066666666666666
30,medex.com.bd,Health > Pharmacy,3.0833333333333335
31,drogariaspacheco.com.br,Health > Pharmacy,2.716666666666667
32,apoteket.se,Health > Pharmacy,3.1666666666666665
33,secom-owel.jp,Health > Pharmacy,9.383333333333333
34,kegg.jp,Health > Pharmacy,1.8166666666666667
35,redcare.it,Health > Pharmacy,4.233333333333333
36,mintmanga.one,Health > Pharmacy,24.516666666666666
37,apotekhjartat.se,Health > Pharmacy,3.7666666666666666
38,366.ru,Health > Pharmacy,1.1
39,panvel.com,Health > Pharmacy,1.8666666666666667
40,cruzverde.cl,Health > Pharmacy,2.0833333333333335
41,farmaciasdesimilares.com,Health > Pharmacy,2.216666666666667
42,salcobrand.cl,Health > Pharmacy,2.6166666666666667
43,apteka.net.ua,Health > Pharmacy,2.8666666666666667
44,gelbe-liste.de,Health > Pharmacy,1.3666666666666667
45,erx.com.au,Health > Pharmacy,3.55
46,riteaid.com,Health > Pharmacy,1.8333333333333335
47,singlecare.com,Health > Pharmacy,1.4666666666666668
48,farmaciasanpablo.com.mx,Health > Pharmacy,1.9666666666666668
49,helsi.me,Health > Pharmacy,3.033333333333333
50,kronansapotek.se,Health > Pharmacy,2.9
1,rynekzdrowia.pl,Health > Public Health and Safety,0.8833333333333333
2,helsenorge.no,Health > Public Health and Safety,5.233333333333333
3,mp3juice.ninja,Health > Public Health and Safety,2.95
4,esosuite.net,Health > Public Health and Safety,8.183333333333334
5,jrc.or.jp,Health > Public Health and Safety,2.066666666666667
6,aladtec.com,Health > Public Health and Safety,3.7333333333333334
7,nfz.gov.pl,Health > Public Health and Safety,2.75
8,rivm.nl,Health > Public Health and Safety,1.3333333333333333
9,leki.pl,Health > Public Health and Safety,1.4
10,health.state.mn.us,Health > Public Health and Safety,2.5166666666666666
11,hvzeeland.nl,Health > Public Health and Safety,3.0166666666666666
12,ortecapps.com,Health > Public Health and Safety,1.1666666666666667
13,myeyedr.com,Health > Public Health and Safety,3.2333333333333334
14,vghtpe.gov.tw,Health > Public Health and Safety,3.1666666666666665
15,wam.go.jp,Health > Public Health and Safety,3.7
16,traumasoft.com,Health > Public Health and Safety,11.616666666666667
17,medfile.pl,Health > Public Health and Safety,17.55
18,ezdrowie.gov.pl,Health > Public Health and Safety,5.116666666666666
19,johanniter.de,Health > Public Health and Safety,2.8333333333333335
20,swiatzdrowia.pl,Health > Public Health and Safety,1.35
21,ndmctsgh.edu.tw,Health > Public Health and Safety,2.6833333333333336
22,ons-ehr.nl,Health > Public Health and Safety,4.216666666666667
23,nremt.org,Health > Public Health and Safety,5.05
24,saintfrancis.com,Health > Public Health and Safety,4.716666666666667
25,imagetrendelite.com,Health > Public Health and Safety,7.983333333333333
26,gabinet.gov.pl,Health > Public Health and Safety,5.483333333333333
27,pzh.gov.pl,Health > Public Health and Safety,1.8833333333333333
28,inspq.qc.ca,Health > Public Health and Safety,1.1
29,cri.it,Health > Public Health and Safety,6.55
30,lshtm.ac.uk,Health > Public Health and Safety,3.5
31,112meldingen.nl,Health > Public Health and Safety,1.6166666666666667
32,besoeglaegen.dk,Health > Public Health and Safety,4.066666666666666
33,sygeforsikring.dk,Health > Public Health and Safety,3.2
34,santepubliquefrance.fr,Health > Public Health and Safety,1.1333333333333333
35,remedium.md,Health > Public Health and Safety,4.9
36,dlrg.de,Health > Public Health and Safety,3.0
37,healthdata.org,Health > Public Health and Safety,2.0166666666666666
38,receptomat.pl,Health > Public Health and Safety,2.3
39,easypractice.net,Health > Public Health and Safety,5.75
40,mijnafspraakmaken.nl,Health > Public Health and Safety,2.25
41,whentohelp.com,Health > Public Health and Safety,4.016666666666667
42,meretusa.com,Health > Public Health and Safety,0.18333333333333332
43,ezdrav.si,Health > Public Health and Safety,4.9
44,inrs.fr,Health > Public Health and Safety,2.95
45,rm.dk,Health > Public Health and Safety,2.4166666666666665
46,cowzdrowiu.pl,Health > Public Health and Safety,5.7
47,firehouse.com,Health > Public Health and Safety,1.25
48,regionh.dk,Health > Public Health and Safety,2.066666666666667
49,healthaffairs.org,Health > Public Health and Safety,1.2833333333333332
50,gelsenkirchen.de,Health > Public Health and Safety,2.716666666666667
1,womenshealthmag.com,Health > Womens Health,0.7333333333333333
2,aufeminin.com,Health > Womens Health,1.5833333333333335
3,flo.health,Health > Womens Health,1.6
4,urbia.de,Health > Womens Health,4.016666666666667
5,netmums.com,Health > Womens Health,2.1333333333333333
6,plannedparenthood.org,Health > Womens Health,1.3666666666666667
7,parents.fr,Health > Womens Health,1.1333333333333333
8,santagostino.it,Health > Womens Health,2.0
9,mamari.jp,Health > Womens Health,1.35
10,24baby.nl,Health > Womens Health,2.5
11,llsdzktnxwnnr.com,Health > Womens Health,0.4166666666666667
12,eltern.de,Health > Womens Health,1.15
13,magicmaman.com,Health > Womens Health,0.9833333333333333
14,cartaodetodos.com.br,Health > Womens Health,3.6
15,dcurbanmom.com,Health > Womens Health,6.283333333333333
16,happylifetherapy.fr,Health > Womens Health,1.7166666666666668
17,rund-ums-baby.de,Health > Womens Health,1.4833333333333334
18,reproduccionasistida.org,Health > Womens Health,1.55
19,clearblue.com,Health > Womens Health,0.8833333333333333
20,babycentre.co.uk,Health > Womens Health,1.25
21,helloclue.com,Health > Womens Health,0.55
22,acog.org,Health > Womens Health,1.3
23,zwangerschapspagina.nl,Health > Womens Health,3.45
24,pigeon.info,Health > Womens Health,0.55
25,nostrofiglio.it,Health > Womens Health,1.9
26,tommys.org,Health > Womens Health,1.2333333333333334
27,uppa.it,Health > Womens Health,1.05
28,natalben.com,Health > Womens Health,1.15
29,volleyballworld.com,Health > Womens Health,6.916666666666667
30,natera.com,Health > Womens Health,5.016666666666667
31,unclinic.ru,Health > Womens Health,1.25
32,americanpregnancy.org,Health > Womens Health,0.9166666666666666
33,pregnancybirthbaby.org.au,Health > Womens Health,0.8166666666666667
34,myplannedparenthoodchart.org,Health > Womens Health,6.516666666666667
35,annelertoplandik.com,Health > Womens Health,4.066666666666666
36,ng112.gov.tr,Health > Womens Health,12.233333333333333
37,peanut-app.io,Health > Womens Health,0.7833333333333333
38,mamanatural.com,Health > Womens Health,0.9833333333333333
39,babycenter.ca,Health > Womens Health,0.95
40,babycenter.com.au,Health > Womens Health,0.9833333333333333
41,womenshealth.gov,Health > Womens Health,0.6333333333333333
42,sistematodos.com.br,Health > Womens Health,33.666666666666664
43,marchofdimes.org,Health > Womens Health,0.85
44,mylofamily.com,Health > Womens Health,0.48333333333333334
45,joinmidi.com,Health > Womens Health,1.1666666666666667
46,frauenaerzte-im-netz.de,Health > Womens Health,0.8333333333333334
47,ovufriend.pl,Health > Womens Health,5.6
48,rcog.org.uk,Health > Womens Health,3.9
49,docasap.com,Health > Womens Health,4.333333333333333
50,thewomens.org.au,Health > Womens Health,0.9666666666666667
1,ancestry.com,Hobbies and Leisure > Ancestry and Genealogy,13.966666666666667
2,familysearch.org,Hobbies and Leisure > Ancestry and Genealogy,13.083333333333334
3,myheritage.com,Hobbies and Leisure > Ancestry and Genealogy,5.416666666666667
4,geneanet.org,Hobbies and Leisure > Ancestry and Genealogy,11.75
5,23andme.com,Hobbies and Leisure > Ancestry and Genealogy,4.1
6,ancestry.co.uk,Hobbies and Leisure > Ancestry and Genealogy,17.633333333333333
7,geni.com,Hobbies and Leisure > Ancestry and Genealogy,7.466666666666667
8,wikitree.com,Hobbies and Leisure > Ancestry and Genealogy,7.883333333333333
9,ancestry.ca,Hobbies and Leisure > Ancestry and Genealogy,14.733333333333333
10,ancestry.com.au,Hobbies and Leisure > Ancestry and Genealogy,13.95
11,findmypast.co.uk,Hobbies and Leisure > Ancestry and Genealogy,11.683333333333334
12,myheritage.fr,Hobbies and Leisure > Ancestry and Genealogy,6.866666666666667
13,myheritage.de,Hobbies and Leisure > Ancestry and Genealogy,8.266666666666667
14,filae.com,Hobbies and Leisure > Ancestry and Genealogy,9.816666666666666
15,myheritage.es,Hobbies and Leisure > Ancestry and Genealogy,4.083333333333333
16,familytreedna.com,Hobbies and Leisure > Ancestry and Genealogy,4.8
17,ancestry.de,Hobbies and Leisure > Ancestry and Genealogy,10.716666666666667
18,vgd.ru,Hobbies and Leisure > Ancestry and Genealogy,6.2
19,houseofnames.com,Hobbies and Leisure > Ancestry and Genealogy,1.1666666666666667
20,rootsweb.com,Hobbies and Leisure > Ancestry and Genealogy,1.9166666666666665
21,genealodzy.pl,Hobbies and Leisure > Ancestry and Genealogy,10.116666666666667
22,familytreex.com,Hobbies and Leisure > Ancestry and Genealogy,0.25
23,chatbotgpt.fr,Hobbies and Leisure > Ancestry and Genealogy,1.1
24,grobonet.com,Hobbies and Leisure > Ancestry and Genealogy,4.233333333333333
25,genomelink.io,Hobbies and Leisure > Ancestry and Genealogy,2.1
26,genealogybank.com,Hobbies and Leisure > Ancestry and Genealogy,3.8666666666666667
27,historicengland.org.uk,Hobbies and Leisure > Ancestry and Genealogy,2.216666666666667
28,myheritage.se,Hobbies and Leisure > Ancestry and Genealogy,5.683333333333334
29,myheritage.pl,Hobbies and Leisure > Ancestry and Genealogy,6.833333333333333
30,findmypast.com,Hobbies and Leisure > Ancestry and Genealogy,2.9
31,myheritage.nl,Hobbies and Leisure > Ancestry and Genealogy,6.216666666666667
32,cognomix.it,Hobbies and Leisure > Ancestry and Genealogy,1.6666666666666665
33,arkivdigital.se,Hobbies and Leisure > Ancestry and Genealogy,37.733333333333334
34,genealogy.net,Hobbies and Leisure > Ancestry and Genealogy,5.55
35,digitalarkivet.no,Hobbies and Leisure > Ancestry and Genealogy,9.983333333333333
36,familyecho.com,Hobbies and Leisure > Ancestry and Genealogy,3.1
37,afdoede.dk,Hobbies and Leisure > Ancestry and Genealogy,2.6333333333333333
38,archives.com,Hobbies and Leisure > Ancestry and Genealogy,2.6166666666666667
39,myheritage.com.br,Hobbies and Leisure > Ancestry and Genealogy,3.9
40,nam.ac.uk,Hobbies and Leisure > Ancestry and Genealogy,0.8833333333333333
41,freebmd.org.uk,Hobbies and Leisure > Ancestry and Genealogy,10.716666666666667
42,deces-en-france.fr,Hobbies and Leisure > Ancestry and Genealogy,2.85
43,myheritage.dk,Hobbies and Leisure > Ancestry and Genealogy,8.1
44,newspaperarchive.com,Hobbies and Leisure > Ancestry and Genealogy,3.3166666666666664
45,fold3.com,Hobbies and Leisure > Ancestry and Genealogy,4.483333333333333
46,smartholidayshopping.com,Hobbies and Leisure > Ancestry and Genealogy,2.033333333333333
47,szukajwarchiwach.gov.pl,Hobbies and Leisure > Ancestry and Genealogy,7.4
48,spokt.com,Hobbies and Leisure > Ancestry and Genealogy,5.983333333333333
49,myheritage.it,Hobbies and Leisure > Ancestry and Genealogy,6.233333333333333
50,hmdb.org,Hobbies and Leisure > Ancestry and Genealogy,1.8666666666666667
1,todocoleccion.net,Hobbies and Leisure > Antiques and Collectibles,7.85
2,apmex.com,Hobbies and Leisure > Antiques and Collectibles,2.9
3,worthpoint.com,Hobbies and Leisure > Antiques and Collectibles,1.7666666666666666
4,psacard.com,Hobbies and Leisure > Antiques and Collectibles,3.3333333333333335
5,jmbullion.com,Hobbies and Leisure > Antiques and Collectibles,2.55
6,brickset.com,Hobbies and Leisure > Antiques and Collectibles,3.0
7,ucoin.net,Hobbies and Leisure > Antiques and Collectibles,6.333333333333333
8,sdbullion.com,Hobbies and Leisure > Antiques and Collectibles,3.6666666666666665
9,bradfordexchange.com,Hobbies and Leisure > Antiques and Collectibles,1.8333333333333335
10,comc.com,Hobbies and Leisure > Antiques and Collectibles,9.983333333333333
11,numista.com,Hobbies and Leisure > Antiques and Collectibles,5.583333333333333
12,usmint.gov,Hobbies and Leisure > Antiques and Collectibles,2.1666666666666665
13,royalmint.com,Hobbies and Leisure > Antiques and Collectibles,2.8666666666666667
14,mutualart.com,Hobbies and Leisure > Antiques and Collectibles,1.5833333333333335
15,pcgs.com,Hobbies and Leisure > Antiques and Collectibles,5.25
16,ngccoin.com,Hobbies and Leisure > Antiques and Collectibles,3.9166666666666665
17,postcrossing.com,Hobbies and Leisure > Antiques and Collectibles,13.0
18,collectors.com,Hobbies and Leisure > Antiques and Collectibles,3.25
19,monetnik.ru,Hobbies and Leisure > Antiques and Collectibles,2.8333333333333335
20,tcdb.com,Hobbies and Leisure > Antiques and Collectibles,7.283333333333333
21,bidspirit.com,Hobbies and Leisure > Antiques and Collectibles,7.216666666666667
22,coinvaluechecker.com,Hobbies and Leisure > Antiques and Collectibles,3.1666666666666665
23,radiomuseum.org,Hobbies and Leisure > Antiques and Collectibles,1.85
24,rubylane.com,Hobbies and Leisure > Antiques and Collectibles,2.8833333333333333
25,colnect.com,Hobbies and Leisure > Antiques and Collectibles,8.816666666666666
26,kettner-edelmetalle.de,Hobbies and Leisure > Antiques and Collectibles,2.2
27,littletoncoin.com,Hobbies and Leisure > Antiques and Collectibles,2.3666666666666667
28,westminstercollection.com,Hobbies and Leisure > Antiques and Collectibles,3.183333333333333
29,horlogeforum.nl,Hobbies and Leisure > Antiques and Collectibles,3.9833333333333334
30,paniniamerica.net,Hobbies and Leisure > Antiques and Collectibles,2.75
31,lofty.com,Hobbies and Leisure > Antiques and Collectibles,6.35
32,mennica.com.pl,Hobbies and Leisure > Antiques and Collectibles,1.5166666666666666
33,watchprosite.com,Hobbies and Leisure > Antiques and Collectibles,7.066666666666666
34,mdm.de,Hobbies and Leisure > Antiques and Collectibles,1.6333333333333333
35,picryl.com,Hobbies and Leisure > Antiques and Collectibles,1.6333333333333333
36,stampworld.com,Hobbies and Leisure > Antiques and Collectibles,15.9
37,fnmt.es,Hobbies and Leisure > Antiques and Collectibles,3.466666666666667
38,bullionbypost.eu,Hobbies and Leisure > Antiques and Collectibles,1.7166666666666668
39,heubach-edelmetalle.de,Hobbies and Leisure > Antiques and Collectibles,3.783333333333333
40,bullionexchanges.com,Hobbies and Leisure > Antiques and Collectibles,2.066666666666667
41,onebid.pl,Hobbies and Leisure > Antiques and Collectibles,3.1333333333333333
42,yy11.com,Hobbies and Leisure > Antiques and Collectibles,2.466666666666667
43,hobbydb.com,Hobbies and Leisure > Antiques and Collectibles,2.2333333333333334
44,govmint.com,Hobbies and Leisure > Antiques and Collectibles,1.8
45,usacoinbook.com,Hobbies and Leisure > Antiques and Collectibles,3.3333333333333335
46,messicks.com,Hobbies and Leisure > Antiques and Collectibles,3.9833333333333334
47,mp-edelmetalle.de,Hobbies and Leisure > Antiques and Collectibles,3.4166666666666665
48,coinapps.com,Hobbies and Leisure > Antiques and Collectibles,2.15
49,5ktoys.com,Hobbies and Leisure > Antiques and Collectibles,2.3333333333333335
50,muenzeoesterreich.at,Hobbies and Leisure > Antiques and Collectibles,1.95
1,ravelry.com,Hobbies and Leisure > Crafts,6.716666666666667
2,hobbylobby.com,Hobbies and Leisure > Crafts,2.966666666666667
3,lu.ma,Hobbies and Leisure > Crafts,3.966666666666667
4,dzeninfra.ru,Hobbies and Leisure > Crafts,1.1666666666666667
5,parentfromheart.com,Hobbies and Leisure > Crafts,1.6666666666666665
6,katiaribeiro.com.br,Hobbies and Leisure > Crafts,0.48333333333333334
7,mondaymandala.com,Hobbies and Leisure > Crafts,3.033333333333333
8,lovecrafts.com,Hobbies and Leisure > Crafts,3.6333333333333333
9,postila.ru,Hobbies and Leisure > Crafts,1.4333333333333333
10,stranamam.ru,Hobbies and Leisure > Crafts,3.9166666666666665
11,missouriquiltco.com,Hobbies and Leisure > Crafts,4.583333333333333
12,strana.today,Hobbies and Leisure > Crafts,7.083333333333333
13,thesprucecrafts.com,Hobbies and Leisure > Crafts,1.15
14,hobbii.com,Hobbies and Leisure > Crafts,3.25
15,entertainment.ie,Hobbies and Leisure > Crafts,0.9
16,crayola.com,Hobbies and Leisure > Crafts,1.5666666666666667
17,babiki.ru,Hobbies and Leisure > Crafts,4.166666666666667
18,electricdaisycarnival.com,Hobbies and Leisure > Crafts,1.1666666666666667
19,lionbrand.com,Hobbies and Leisure > Crafts,2.9333333333333336
20,musely.com,Hobbies and Leisure > Crafts,1.55
21,mondialtissus.fr,Hobbies and Leisure > Crafts,4.566666666666666
22,craftsy.com,Hobbies and Leisure > Crafts,1.9
23,homemade-gifts-made-easy.com,Hobbies and Leisure > Crafts,1.8666666666666667
24,pindiy.com,Hobbies and Leisure > Crafts,5.783333333333333
25,braceletbook.com,Hobbies and Leisure > Crafts,4.766666666666667
26,celebrations.com,Hobbies and Leisure > Crafts,0.9666666666666667
27,talentsy.ru,Hobbies and Leisure > Crafts,2.1166666666666667
28,scrapbook.com,Hobbies and Leisure > Crafts,5.283333333333333
29,knitpicks.com,Hobbies and Leisure > Crafts,3.1333333333333333
30,crazypatterns.net,Hobbies and Leisure > Crafts,3.966666666666667
31,wanderprints.com,Hobbies and Leisure > Crafts,2.283333333333333
32,lumberjocks.com,Hobbies and Leisure > Crafts,0.9833333333333333
33,patternreview.com,Hobbies and Leisure > Crafts,2.8
34,finewoodworking.com,Hobbies and Leisure > Crafts,1.45
35,stitchfiddle.com,Hobbies and Leisure > Crafts,5.166666666666667
36,piletilevi.ee,Hobbies and Leisure > Crafts,3.8833333333333333
37,chicagoautoshow.com,Hobbies and Leisure > Crafts,4.316666666666666
38,iheartcraftythings.com,Hobbies and Leisure > Crafts,1.0
39,ribblr.com,Hobbies and Leisure > Crafts,3.4
40,uvrazh.ru,Hobbies and Leisure > Crafts,3.7333333333333334
41,irinely.art,Hobbies and Leisure > Crafts,3.283333333333333
42,printabulls.com,Hobbies and Leisure > Crafts,1.6833333333333333
43,gosyo.co.jp,Hobbies and Leisure > Crafts,1.8833333333333333
44,li.ru,Hobbies and Leisure > Crafts,1.85
45,corjl.com,Hobbies and Leisure > Crafts,7.8
46,allfreecrochet.com,Hobbies and Leisure > Crafts,2.3833333333333333
47,makeanddocrew.com,Hobbies and Leisure > Crafts,1.4333333333333333
48,daisyfarmcrafts.com,Hobbies and Leisure > Crafts,1.6
49,justcolor.net,Hobbies and Leisure > Crafts,1.25
50,easycrochet.com,Hobbies and Leisure > Crafts,1.15
1,janitorai.com,Hobbies and Leisure > Photography,16.983333333333334
2,shutterstock.com,Hobbies and Leisure > Photography,3.783333333333333
3,tigris.dev,Hobbies and Leisure > Photography,2.3666666666666667
4,flickr.com,Hobbies and Leisure > Photography,4.783333333333333
5,istockphoto.com,Hobbies and Leisure > Photography,2.9166666666666665
6,pixabay.com,Hobbies and Leisure > Photography,4.6
7,pexels.com,Hobbies and Leisure > Photography,4.816666666666666
8,unsplash.com,Hobbies and Leisure > Photography,4.066666666666666
9,gettyimages.com,Hobbies and Leisure > Photography,3.3166666666666664
10,dreamstime.com,Hobbies and Leisure > Photography,1.9166666666666665
11,alamy.com,Hobbies and Leisure > Photography,1.4333333333333333
12,furaffinity.net,Hobbies and Leisure > Photography,7.7
13,mrf.io,Hobbies and Leisure > Photography,1.4333333333333333
14,fotor.com,Hobbies and Leisure > Photography,2.716666666666667
15,pixieset.com,Hobbies and Leisure > Photography,4.85
16,picsart.com,Hobbies and Leisure > Photography,2.6
17,huaban.com,Hobbies and Leisure > Photography,13.75
18,chance-for-bigwin.com,Hobbies and Leisure > Photography,0.5333333333333333
19,depositphotos.com,Hobbies and Leisure > Photography,2.6166666666666667
20,123rf.com,Hobbies and Leisure > Photography,2.4166666666666665
21,desi-porn.tube,Hobbies and Leisure > Photography,3.45
22,imagetwist.com,Hobbies and Leisure > Photography,4.683333333333334
23,yupoo.com,Hobbies and Leisure > Photography,7.616666666666667
24,imgsrc.ru,Hobbies and Leisure > Photography,11.133333333333333
25,postermywall.com,Hobbies and Leisure > Photography,6.8
26,fujifilm.com,Hobbies and Leisure > Photography,4.766666666666667
27,etsystatic.com,Hobbies and Leisure > Photography,2.65
28,workupload.com,Hobbies and Leisure > Photography,2.5166666666666666
29,smugmug.com,Hobbies and Leisure > Photography,5.366666666666666
30,dpreview.com,Hobbies and Leisure > Photography,2.5
31,peakpx.com,Hobbies and Leisure > Photography,0.9833333333333333
32,canon.com,Hobbies and Leisure > Photography,3.3833333333333333
33,gettyimages.in,Hobbies and Leisure > Photography,1.9666666666666668
34,wfolio.pro,Hobbies and Leisure > Photography,3.0833333333333335
35,gettyimages.co.uk,Hobbies and Leisure > Photography,4.933333333333334
36,skillshare.com,Hobbies and Leisure > Photography,2.9166666666666665
37,mpb.com,Hobbies and Leisure > Photography,3.8
38,bt.com.ve,Hobbies and Leisure > Photography,4.166666666666667
39,hs-sales-engage.com,Hobbies and Leisure > Photography,1.55
40,squarespace-cdn.com,Hobbies and Leisure > Photography,1.1333333333333333
41,petapixel.com,Hobbies and Leisure > Photography,0.7833333333333333
42,kittl.com,Hobbies and Leisure > Photography,5.35
43,kgnow.com,Hobbies and Leisure > Photography,0.6666666666666666
44,gettyimages.es,Hobbies and Leisure > Photography,2.6333333333333333
45,befunky.com,Hobbies and Leisure > Photography,2.2666666666666666
46,artnet.com,Hobbies and Leisure > Photography,1.35
47,gld.nl,Hobbies and Leisure > Photography,1.9166666666666665
48,500px.com,Hobbies and Leisure > Photography,3.033333333333333
49,pixta.jp,Hobbies and Leisure > Photography,4.133333333333334
50,vlasta.cz,Hobbies and Leisure > Photography,0.7666666666666667
1,ikea.com,Home and Garden > Furniture,4.8
2,nitori-net.jp,Home and Garden > Furniture,3.65
3,ashleyfurniture.com,Home and Garden > Furniture,3.6166666666666667
4,homedepot.com.mx,Home and Garden > Furniture,3.216666666666667
5,crateandbarrel.com,Home and Garden > Furniture,3.45
6,wayfair.co.uk,Home and Garden > Furniture,4.166666666666667
7,xxxlutz.de,Home and Garden > Furniture,3.95
8,sklum.com,Home and Garden > Furniture,4.0
9,mybobs.com,Home and Garden > Furniture,3.9166666666666665
10,mattressfirm.com,Home and Garden > Furniture,3.183333333333333
11,templeandwebster.com.au,Home and Garden > Furniture,4.7
12,article.com,Home and Garden > Furniture,3.3666666666666667
13,roomstogo.com,Home and Garden > Furniture,4.816666666666666
14,cb2.com,Home and Garden > Furniture,2.9833333333333334
15,livingspaces.com,Home and Garden > Furniture,3.8333333333333335
16,elmueble.com,Home and Garden > Furniture,1.4666666666666668
17,castlery.com,Home and Garden > Furniture,2.8
18,allmodern.com,Home and Garden > Furniture,3.4166666666666665
19,perigold.com,Home and Garden > Furniture,3.533333333333333
20,dfs.co.uk,Home and Garden > Furniture,3.8833333333333333
21,sleepnumber.com,Home and Garden > Furniture,2.6
22,dispatchtrack.com,Home and Garden > Furniture,7.833333333333333
23,homary.com,Home and Garden > Furniture,2.1666666666666665
24,hoeffner.de,Home and Garden > Furniture,3.8333333333333335
25,birchlane.com,Home and Garden > Furniture,3.066666666666667
26,nectarsleep.com,Home and Garden > Furniture,2.4166666666666665
27,xxxlutz.at,Home and Garden > Furniture,4.05
28,la-z-boy.com,Home and Garden > Furniture,4.116666666666666
29,pepperfry.com,Home and Garden > Furniture,3.8166666666666664
30,moebel.de,Home and Garden > Furniture,2.283333333333333
31,westwing.de,Home and Garden > Furniture,3.15
32,obramat.es,Home and Garden > Furniture,4.983333333333333
33,moemax.de,Home and Garden > Furniture,3.216666666666667
34,homecentre.com,Home and Garden > Furniture,3.183333333333333
35,divan.ru,Home and Garden > Furniture,2.4333333333333336
36,fantasticfurniture.com.au,Home and Garden > Furniture,4.0
37,roller.de,Home and Garden > Furniture,3.5833333333333335
38,wakefit.co,Home and Garden > Furniture,2.5166666666666666
39,nonton.ru,Home and Garden > Furniture,3.8666666666666667
40,rh.com,Home and Garden > Furniture,3.05
41,rentacenter.com,Home and Garden > Furniture,3.5833333333333335
42,daals.co.uk,Home and Garden > Furniture,2.3666666666666667
43,habitat.co.uk,Home and Garden > Furniture,3.1333333333333333
44,structube.com,Home and Garden > Furniture,3.75
45,saatva.com,Home and Garden > Furniture,2.15
46,arhaus.com,Home and Garden > Furniture,3.9166666666666665
47,roomandboard.com,Home and Garden > Furniture,4.083333333333333
48,mobly.com.br,Home and Garden > Furniture,3.216666666666667
49,thebrick.com,Home and Garden > Furniture,4.066666666666666
50,low-ya.com,Home and Garden > Furniture,3.6333333333333333
1,mein-schoener-garten.de,Home and Garden > Gardening,1.4333333333333333
2,shuminoengei.jp,Home and Garden > Gardening,2.2333333333333334
3,kaercher.com,Home and Garden > Gardening,2.8
4,rhs.org.uk,Home and Garden > Gardening,2.8
5,gardeningknowhow.com,Home and Garden > Gardening,1.15
6,picturethisai.com,Home and Garden > Gardening,1.05
7,gardenersworld.com,Home and Garden > Gardening,2.0833333333333335
8,chez-vous.info,Home and Garden > Gardening,1.3333333333333333
9,7dach.ru,Home and Garden > Gardening,1.2
10,plantura.garden,Home and Garden > Gardening,1.0833333333333333
11,intratuin.nl,Home and Garden > Gardening,3.4833333333333334
12,ogorod.ru,Home and Garden > Gardening,1.85
13,greg.app,Home and Garden > Gardening,1.3166666666666667
14,promessedefleurs.com,Home and Garden > Gardening,9.933333333333334
15,greensnap.co.jp,Home and Garden > Gardening,1.2166666666666668
16,epicgardening.com,Home and Garden > Gardening,1.4833333333333334
17,rustica.fr,Home and Garden > Gardening,0.9833333333333333
18,jardiland.com,Home and Garden > Gardening,2.1333333333333333
19,blomsterlandet.se,Home and Garden > Gardening,2.95
20,botanichka.ru,Home and Garden > Gardening,2.033333333333333
21,agro-market.net,Home and Garden > Gardening,3.65
22,games.chez-vous.info,Home and Garden > Gardening,0.6333333333333333
23,sad-i-ogorod.ru,Home and Garden > Gardening,4.283333333333333
24,greenculturesg.com,Home and Garden > Gardening,5.266666666666667
25,dachnyuchastok.ru,Home and Garden > Gardening,1.1666666666666667
26,semena74.com,Home and Garden > Gardening,4.016666666666667
27,greensnap.jp,Home and Garden > Gardening,1.5666666666666667
28,urvann.com,Home and Garden > Gardening,3.8
29,orton.ru,Home and Garden > Gardening,1.1166666666666667
30,lubera.com,Home and Garden > Gardening,1.5333333333333332
31,baumschule-horstmann.de,Home and Garden > Gardening,3.25
32,poradnikogrodniczy.pl,Home and Garden > Gardening,0.9666666666666667
33,antonovsad.ru,Home and Garden > Gardening,0.75
34,ruralsprout.com,Home and Garden > Gardening,1.0
35,agro-market24.ru,Home and Garden > Gardening,1.85
36,garden.org,Home and Garden > Gardening,1.6
37,gerbeaud.com,Home and Garden > Gardening,1.2166666666666668
38,diyeverywhere.com,Home and Garden > Gardening,2.183333333333333
39,ugaoo.com,Home and Garden > Gardening,2.1166666666666667
40,infojardin.com,Home and Garden > Gardening,1.5666666666666667
41,willemsefrance.fr,Home and Garden > Gardening,2.6
42,lovegreen.net,Home and Garden > Gardening,1.7333333333333334
43,florium.ua,Home and Garden > Gardening,4.05
44,semena.ru,Home and Garden > Gardening,3.3833333333333333
45,garshinka.ru,Home and Garden > Gardening,2.5166666666666666
46,gardenmart24.ru,Home and Garden > Gardening,2.35
47,birdsandblooms.com,Home and Garden > Gardening,1.2166666666666668
48,hitohana.tokyo,Home and Garden > Gardening,2.6333333333333333
49,semena-zakaz.ru,Home and Garden > Gardening,5.85
50,gardena.com,Home and Garden > Gardening,2.6166666666666667
1,homedepot.com,Home and Garden > Home and Garden - Other,4.883333333333333
2,vseinstrumenti.ru,Home and Garden > Home and Garden - Other,5.716666666666667
3,harborfreight.com,Home and Garden > Home and Garden - Other,3.4833333333333334
4,leroymerlin.fr,Home and Garden > Home and Garden - Other,4.5
5,lemanapro.ru,Home and Garden > Home and Garden - Other,4.9
6,diy.com,Home and Garden > Home and Garden - Other,4.216666666666667
7,bunnings.com.au,Home and Garden > Home and Garden - Other,3.8666666666666667
8,screwfix.com,Home and Garden > Home and Garden - Other,4.45
9,menards.com,Home and Garden > Home and Garden - Other,4.866666666666667
10,dunelm.com,Home and Garden > Home and Garden - Other,5.083333333333333
11,homedepot.ca,Home and Garden > Home and Garden - Other,4.366666666666666
12,leroymerlin.es,Home and Garden > Home and Garden - Other,4.116666666666666
13,acehardware.com,Home and Garden > Home and Garden - Other,3.5166666666666666
14,wink.ru,Home and Garden > Home and Garden - Other,3.5833333333333335
15,joann.com,Home and Garden > Home and Garden - Other,4.516666666666667
16,uhaul.com,Home and Garden > Home and Garden - Other,5.216666666666667
17,potterybarn.com,Home and Garden > Home and Garden - Other,3.7333333333333334
18,leroymerlin.com.br,Home and Garden > Home and Garden - Other,3.0
19,leroymerlin.it,Home and Garden > Home and Garden - Other,3.4833333333333334
20,wayfair.ca,Home and Garden > Home and Garden - Other,4.9
21,maisonsdumonde.com,Home and Garden > Home and Garden - Other,4.216666666666667
22,aquareader.net,Home and Garden > Home and Garden - Other,21.983333333333334
23,bhg.com,Home and Garden > Home and Garden - Other,1.4166666666666667
24,madeiramadeira.com.br,Home and Garden > Home and Garden - Other,3.8166666666666664
25,paragonrels.com,Home and Garden > Home and Garden - Other,5.95
26,manomano.fr,Home and Garden > Home and Garden - Other,3.033333333333333
27,therange.co.uk,Home and Garden > Home and Garden - Other,4.033333333333333
28,lixil.co.jp,Home and Garden > Home and Garden - Other,6.116666666666666
29,homesandgardens.com,Home and Garden > Home and Garden - Other,1.1166666666666667
30,leroymerlin.pl,Home and Garden > Home and Garden - Other,2.75
31,toolstation.com,Home and Garden > Home and Garden - Other,4.266666666666667
32,spareroom.co.uk,Home and Garden > Home and Garden - Other,6.633333333333333
33,buyersguide.org,Home and Garden > Home and Garden - Other,1.8166666666666667
34,dedeman.ro,Home and Garden > Home and Garden - Other,3.783333333333333
35,castorama.fr,Home and Garden > Home and Garden - Other,3.3833333333333333
36,wickes.co.uk,Home and Garden > Home and Garden - Other,4.133333333333334
37,hoff.ru,Home and Garden > Home and Garden - Other,4.533333333333333
38,build.com,Home and Garden > Home and Garden - Other,5.183333333333334
39,gls-group.com,Home and Garden > Home and Garden - Other,2.066666666666667
40,but.fr,Home and Garden > Home and Garden - Other,3.3333333333333335
41,sodimac.cl,Home and Garden > Home and Garden - Other,5.466666666666667
42,zarahome.com,Home and Garden > Home and Garden - Other,3.7666666666666666
43,freecycle.org,Home and Garden > Home and Garden - Other,5.866666666666667
44,conforama.fr,Home and Garden > Home and Garden - Other,3.4166666666666665
45,litfad.com,Home and Garden > Home and Garden - Other,2.05
46,praxis.nl,Home and Garden > Home and Garden - Other,3.7666666666666666
47,gamma.nl,Home and Garden > Home and Garden - Other,3.45
48,afamily.vn,Home and Garden > Home and Garden - Other,1.9333333333333333
49,thumbtack.com,Home and Garden > Home and Garden - Other,3.4333333333333336
50,flooranddecor.com,Home and Garden > Home and Garden - Other,4.533333333333333
1,lowes.com,Home and Garden > Home Improvement and Maintenance,4.35
2,goodhousekeeping.com,Home and Garden > Home Improvement and Maintenance,1.2166666666666668
3,sikayetvar.com,Home and Garden > Home Improvement and Maintenance,2.2333333333333334
4,hgtv.com,Home and Garden > Home Improvement and Maintenance,1.7166666666666668
5,clients.site,Home and Garden > Home Improvement and Maintenance,1.8833333333333333
6,marthastewart.com,Home and Garden > Home Improvement and Maintenance,1.4666666666666668
7,consumerreports.org,Home and Garden > Home Improvement and Maintenance,3.2333333333333334
8,bbb.org,Home and Garden > Home Improvement and Maintenance,1.95
9,apartmenttherapy.com,Home and Garden > Home Improvement and Maintenance,1.3333333333333333
10,obi.de,Home and Garden > Home Improvement and Maintenance,3.183333333333333
11,houzz.com,Home and Garden > Home Improvement and Maintenance,2.6
12,hometalk.com,Home and Garden > Home Improvement and Maintenance,1.8
13,hornbach.de,Home and Garden > Home Improvement and Maintenance,4.116666666666666
14,bauhaus.info,Home and Garden > Home Improvement and Maintenance,3.8
15,familyhandyman.com,Home and Garden > Home Improvement and Maintenance,1.3166666666666667
16,quechoisir.org,Home and Garden > Home Improvement and Maintenance,1.7833333333333332
17,sherwin-williams.com,Home and Garden > Home Improvement and Maintenance,3.95
18,petrovich.ru,Home and Garden > Home Improvement and Maintenance,4.483333333333333
19,housebeautiful.com,Home and Garden > Home Improvement and Maintenance,1.15
20,jdpower.com,Home and Garden > Home Improvement and Maintenance,1.8666666666666667
21,verivox.de,Home and Garden > Home Improvement and Maintenance,3.7666666666666666
22,billiger.de,Home and Garden > Home Improvement and Maintenance,1.4166666666666667
23,citizensadvice.org.uk,Home and Garden > Home Improvement and Maintenance,2.15
24,altroconsumo.it,Home and Garden > Home Improvement and Maintenance,1.9333333333333333
25,consumeraffairs.com,Home and Garden > Home Improvement and Maintenance,2.0
26,ocu.org,Home and Garden > Home Improvement and Maintenance,1.5666666666666667
27,globus-baumarkt.de,Home and Garden > Home Improvement and Maintenance,3.533333333333333
28,ivd.ru,Home and Garden > Home Improvement and Maintenance,1.6
29,nyheder24.dk,Home and Garden > Home Improvement and Maintenance,2.8166666666666664
30,pissedconsumer.com,Home and Garden > Home Improvement and Maintenance,1.5
31,byggahus.se,Home and Garden > Home Improvement and Maintenance,4.283333333333333
32,bobvila.com,Home and Garden > Home Improvement and Maintenance,1.05
33,diynot.com,Home and Garden > Home Improvement and Maintenance,2.3
34,teltarif.de,Home and Garden > Home Improvement and Maintenance,0.9
35,bestereviews.de,Home and Garden > Home Improvement and Maintenance,1.6833333333333333
36,backyardchickens.com,Home and Garden > Home Improvement and Maintenance,5.283333333333333
37,kainos.lt,Home and Garden > Home Improvement and Maintenance,2.716666666666667
38,jfmid.dk,Home and Garden > Home Improvement and Maintenance,2.4333333333333336
39,elcats.ru,Home and Garden > Home Improvement and Maintenance,34.63333333333333
40,thisoldhouse.com,Home and Garden > Home Improvement and Maintenance,1.3666666666666667
41,deutschlandcard.de,Home and Garden > Home Improvement and Maintenance,2.05
42,doityourself.com,Home and Garden > Home Improvement and Maintenance,1.1
43,hornbach.ro,Home and Garden > Home Improvement and Maintenance,2.35
44,homegoods.com,Home and Garden > Home Improvement and Maintenance,1.1166666666666667
45,diychatroom.com,Home and Garden > Home Improvement and Maintenance,0.9
46,screwfix.ie,Home and Garden > Home Improvement and Maintenance,3.1666666666666665
47,telefonino.net,Home and Garden > Home Improvement and Maintenance,0.36666666666666664
48,medizinfuchs.de,Home and Garden > Home Improvement and Maintenance,3.783333333333333
49,proff.dk,Home and Garden > Home Improvement and Maintenance,2.1666666666666665
50,foodtalkdaily.com,Home and Garden > Home Improvement and Maintenance,2.1166666666666667
1,countryliving.com,Home and Garden > Interior Design,1.25
2,inmyroom.ru,Home and Garden > Interior Design,2.6
3,roomclip.jp,Home and Garden > Interior Design,2.4166666666666665
4,hubpages.com,Home and Garden > Interior Design,0.7666666666666667
5,asianpaints.com,Home and Garden > Interior Design,2.2333333333333334
6,jaquar.com,Home and Garden > Interior Design,1.3833333333333333
7,homestyler.com,Home and Garden > Interior Design,17.016666666666666
8,praktiker.gr,Home and Garden > Interior Design,2.9
9,by.me,Home and Garden > Interior Design,2.3166666666666664
10,ikea.gr,Home and Garden > Interior Design,4.666666666666667
11,livspace.com,Home and Garden > Interior Design,1.4333333333333333
12,casaefesta.com,Home and Garden > Interior Design,1.6333333333333333
13,jysk.gr,Home and Garden > Interior Design,3.8
14,westwing.pl,Home and Garden > Interior Design,2.65
15,dulux.co.uk,Home and Garden > Interior Design,3.2
16,houzz.ru,Home and Garden > Interior Design,2.6166666666666667
17,dogtas.com,Home and Garden > Interior Design,2.65
18,remplanner.ru,Home and Garden > Interior Design,5.433333333333334
19,enzahome.com.tr,Home and Garden > Interior Design,2.5166666666666666
20,godrejinterio.com,Home and Garden > Interior Design,1.55
21,roomsketcher.com,Home and Garden > Interior Design,2.0
22,limia.jp,Home and Garden > Interior Design,0.25
23,vivadecora.com.br,Home and Garden > Interior Design,1.2666666666666666
24,floorplancreator.net,Home and Garden > Interior Design,1.5166666666666666
25,grahambrown.com,Home and Garden > Interior Design,2.0833333333333335
26,kelebek.com,Home and Garden > Interior Design,2.55
27,deco.fr,Home and Garden > Interior Design,1.1
28,ideabrasil.com.br,Home and Garden > Interior Design,0.5166666666666667
29,colorprofi.ru,Home and Garden > Interior Design,0.85
30,cotemaison.fr,Home and Garden > Interior Design,7.3
31,homelane.com,Home and Garden > Interior Design,1.55
32,bergerpaints.com,Home and Garden > Interior Design,1.7333333333333334
33,roomstyler.com,Home and Garden > Interior Design,1.6
34,4murs.com,Home and Garden > Interior Design,4.583333333333333
35,polihome.gr,Home and Garden > Interior Design,3.3833333333333333
36,1stbreath.ru,Home and Garden > Interior Design,
37,faberindia.com,Home and Garden > Interior Design,2.3333333333333335
38,planyourroom.com,Home and Garden > Interior Design,1.2833333333333332
39,houzz.com.au,Home and Garden > Interior Design,2.0
40,orientbell.com,Home and Garden > Interior Design,0.6666666666666666
41,roomtodo.com,Home and Garden > Interior Design,4.75
42,pufikhomes.com,Home and Garden > Interior Design,1.3333333333333333
43,kajariaceramics.com,Home and Garden > Interior Design,1.8166666666666667
44,ruheindia.com,Home and Garden > Interior Design,1.7666666666666666
45,designcafe.com,Home and Garden > Interior Design,0.8666666666666667
46,makemyhouse.com,Home and Garden > Interior Design,1.8833333333333333
47,alessi.com,Home and Garden > Interior Design,1.75
48,idei.club,Home and Garden > Interior Design,0.4
49,nerolac.com,Home and Garden > Interior Design,0.7833333333333333
50,kredits.su,Home and Garden > Interior Design,0.05
1,moonshot.cn,Jobs and Career > Human Resources,4.05
2,animesugetv.to,Jobs and Career > Human Resources,9.0
3,16personalities.com,Jobs and Career > Human Resources,5.016666666666667
4,yts-official.mx,Jobs and Career > Human Resources,3.95
5,bunkr.ph,Jobs and Career > Human Resources,3.5666666666666664
6,gusto.com,Jobs and Career > Human Resources,4.566666666666666
7,ashbyhq.com,Jobs and Career > Human Resources,3.2666666666666666
8,pm61qtrk.com,Jobs and Career > Human Resources,1.65
9,omzal.com,Jobs and Career > Human Resources,1.2666666666666666
10,jobs.ashbyhq.com,Jobs and Career > Human Resources,3.0
11,luacomic.org,Jobs and Career > Human Resources,5.533333333333333
12,shopping.bookoff.co.jp,Jobs and Career > Human Resources,4.3
13,tosspayments.com,Jobs and Career > Human Resources,2.533333333333333
14,dol.gov,Jobs and Career > Human Resources,2.3833333333333333
15,ukg.net,Jobs and Career > Human Resources,4.433333333333334
16,startuppedia.in,Jobs and Career > Human Resources,1.6
17,myid.gov.au,Jobs and Career > Human Resources,2.9333333333333336
18,playdesi.net,Jobs and Career > Human Resources,3.8166666666666664
19,privatter.me,Jobs and Career > Human Resources,5.8
20,cokcoktv4.com,Jobs and Career > Human Resources,8.35
21,mojposao.hr,Jobs and Career > Human Resources,3.1666666666666665
22,kdelo.ru,Jobs and Career > Human Resources,1.8166666666666667
23,abfrl.in,Jobs and Career > Human Resources,3.5666666666666664
24,mycareersfuture.gov.sg,Jobs and Career > Human Resources,5.366666666666666
25,streamlit.app,Jobs and Career > Human Resources,3.7333333333333334
26,theforage.com,Jobs and Career > Human Resources,4.266666666666667
27,pinpointhq.com,Jobs and Career > Human Resources,2.55
28,jss.com.cn,Jobs and Career > Human Resources,1.9666666666666668
29,monad.xyz,Jobs and Career > Human Resources,4.833333333333333
30,meritzpartners.com,Jobs and Career > Human Resources,0.43333333333333335
31,leadermune.com,Jobs and Career > Human Resources,2.65
32,prosple.com,Jobs and Career > Human Resources,2.716666666666667
33,finn-app.com,Jobs and Career > Human Resources,2.1333333333333333
34,wageworks.com,Jobs and Career > Human Resources,6.566666666666666
35,trinet.com,Jobs and Career > Human Resources,1.9666666666666668
36,recruitingbypaycor.com,Jobs and Career > Human Resources,3.05
37,peopleadmin.com,Jobs and Career > Human Resources,6.75
38,internet.in,Jobs and Career > Human Resources,2.6833333333333336
39,shrm.org,Jobs and Career > Human Resources,2.1
40,stremio-addons.com,Jobs and Career > Human Resources,2.6666666666666665
41,careers.adobe.com,Jobs and Career > Human Resources,4.683333333333334
42,sparkdriverapp.com,Jobs and Career > Human Resources,2.1333333333333333
43,hirevue.com,Jobs and Career > Human Resources,3.15
44,gamatotv.info,Jobs and Career > Human Resources,3.183333333333333
45,search-redir.com,Jobs and Career > Human Resources,5.166666666666667
46,super.money,Jobs and Career > Human Resources,1.1
47,cloud.tkc.co.jp,Jobs and Career > Human Resources,23.416666666666668
48,wrkstrm.us,Jobs and Career > Human Resources,1.4166666666666667
49,1tamilblasters.ink,Jobs and Career > Human Resources,0.7833333333333333
50,1337x.pics,Jobs and Career > Human Resources,1.8666666666666667
1,unstop.com,Jobs and Career > Jobs and Career - Other,3.8
2,paradox.ai,Jobs and Career > Jobs and Career - Other,3.1333333333333333
3,district.in,Jobs and Career > Jobs and Career - Other,1.8333333333333335
4,brassring.com,Jobs and Career > Jobs and Career - Other,4.85
5,kusuguru.co.jp,Jobs and Career > Jobs and Career - Other,2.5833333333333335
6,inforcloudsuite.com,Jobs and Career > Jobs and Career - Other,13.816666666666666
7,workday.com,Jobs and Career > Jobs and Career - Other,7.116666666666666
8,crowdgen.com,Jobs and Career > Jobs and Career - Other,4.6
9,builtin.com,Jobs and Career > Jobs and Career - Other,1.9666666666666668
10,parcoursup.gouv.fr,Jobs and Career > Jobs and Career - Other,2.466666666666667
11,italent.cn,Jobs and Career > Jobs and Career - Other,37.083333333333336
12,shl.com,Jobs and Career > Jobs and Career - Other,8.5
13,charlotte.edu,Jobs and Career > Jobs and Career - Other,6.666666666666667
14,talentd.in,Jobs and Career > Jobs and Career - Other,2.65
15,jobright.ai,Jobs and Career > Jobs and Career - Other,9.116666666666667
16,jobs.flybreeze.com,Jobs and Career > Jobs and Career - Other,
17,spp-indonesia.com,Jobs and Career > Jobs and Career - Other,5.883333333333333
18,modernhire.com,Jobs and Career > Jobs and Career - Other,10.2
19,proson.gr,Jobs and Career > Jobs and Career - Other,0.38333333333333336
20,jobfind.gr,Jobs and Career > Jobs and Career - Other,4.4
21,hint.app,Jobs and Career > Jobs and Career - Other,2.033333333333333
22,krogerfamilycareers.com,Jobs and Career > Jobs and Career - Other,5.3
23,simplify.jobs,Jobs and Career > Jobs and Career - Other,5.8
24,hiring.cafe,Jobs and Career > Jobs and Career - Other,4.416666666666667
25,glassdoor.sg,Jobs and Career > Jobs and Career - Other,2.5833333333333335
26,pkpics.site,Jobs and Career > Jobs and Career - Other,3.55
27,schooljobs.com,Jobs and Career > Jobs and Career - Other,4.916666666666667
28,cloud.italent.cn,Jobs and Career > Jobs and Career - Other,29.4
29,bollyflix.biz,Jobs and Career > Jobs and Career - Other,0.8333333333333334
30,zhiye.com,Jobs and Career > Jobs and Career - Other,5.283333333333333
31,brightnetwork.co.uk,Jobs and Career > Jobs and Career - Other,4.133333333333334
32,careers.airbnb.com,Jobs and Career > Jobs and Career - Other,1.7666666666666666
33,hirevue-app.com,Jobs and Career > Jobs and Career - Other,19.316666666666666
34,personio.com,Jobs and Career > Jobs and Career - Other,1.5
35,navan.com,Jobs and Career > Jobs and Career - Other,7.516666666666667
36,oli.vi,Jobs and Career > Jobs and Career - Other,2.1
37,yello.co,Jobs and Career > Jobs and Career - Other,3.216666666666667
38,hirequotient.com,Jobs and Career > Jobs and Career - Other,0.9
39,careers.mastercard.com,Jobs and Career > Jobs and Career - Other,4.633333333333333
40,jobs.ubs.com,Jobs and Career > Jobs and Career - Other,3.6333333333333333
41,jobly.fi,Jobs and Career > Jobs and Career - Other,4.766666666666667
42,hotjob.cn,Jobs and Career > Jobs and Career - Other,5.233333333333333
43,careers.jpmorgan.com,Jobs and Career > Jobs and Career - Other,1.25
44,chnenergy.com.cn,Jobs and Career > Jobs and Career - Other,6.8
45,cgpa2percentage.com,Jobs and Career > Jobs and Career - Other,2.183333333333333
46,aicteinternship.in,Jobs and Career > Jobs and Career - Other,2.35
47,newaiming.com,Jobs and Career > Jobs and Career - Other,2.6833333333333336
48,recruitcrm.io,Jobs and Career > Jobs and Career - Other,3.783333333333333
49,careers.blackrock.com,Jobs and Career > Jobs and Career - Other,1.35
50,m12333.cn,Jobs and Career > Jobs and Career - Other,1.2
1,indeed.com,Jobs and Career > Jobs and Employment,7.65
2,myworkdayjobs.com,Jobs and Career > Jobs and Employment,5.466666666666667
3,hh.ru,Jobs and Career > Jobs and Employment,7.6
4,computrabajo.com,Jobs and Career > Jobs and Employment,6.4
5,glassdoor.com,Jobs and Career > Jobs and Employment,3.25
6,jooble.org,Jobs and Career > Jobs and Employment,4.8
7,seek.com.au,Jobs and Career > Jobs and Employment,6.316666666666666
8,appcast.io,Jobs and Career > Jobs and Employment,1.3
9,greenhouse.io,Jobs and Career > Jobs and Employment,4.316666666666666
10,ziprecruiter.com,Jobs and Career > Jobs and Employment,4.133333333333334
11,naukri.com,Jobs and Career > Jobs and Employment,7.333333333333333
12,francetravail.fr,Jobs and Career > Jobs and Employment,6.05
13,ultipro.com,Jobs and Career > Jobs and Employment,4.433333333333334
14,successfactors.eu,Jobs and Career > Jobs and Employment,4.566666666666666
15,arbeitsagentur.de,Jobs and Career > Jobs and Employment,6.25
16,jobstreet.com,Jobs and Career > Jobs and Employment,5.3
17,gupy.io,Jobs and Career > Jobs and Employment,5.733333333333333
18,taleo.net,Jobs and Career > Jobs and Employment,5.266666666666667
19,dayforcehcm.com,Jobs and Career > Jobs and Employment,3.5833333333333335
20,joongang.co.kr,Jobs and Career > Jobs and Employment,2.9166666666666665
21,104.com.tw,Jobs and Career > Jobs and Employment,8.083333333333334
22,saramin.co.kr,Jobs and Career > Jobs and Employment,6.833333333333333
23,csod.com,Jobs and Career > Jobs and Employment,6.783333333333333
24,doda.jp,Jobs and Career > Jobs and Employment,5.916666666666667
25,infojobs.com.br,Jobs and Career > Jobs and Employment,4.783333333333333
26,governmentjobs.com,Jobs and Career > Jobs and Employment,6.683333333333334
27,smartrecruiters.com,Jobs and Career > Jobs and Employment,4.0
28,careerpower.in,Jobs and Career > Jobs and Employment,2.1
29,talent.com,Jobs and Career > Jobs and Employment,2.0
30,lever.co,Jobs and Career > Jobs and Employment,3.85
31,amazon.jobs,Jobs and Career > Jobs and Employment,3.6166666666666667
32,stepstone.de,Jobs and Career > Jobs and Employment,4.25
33,bamboohr.com,Jobs and Career > Jobs and Employment,3.0
34,jobkorea.co.kr,Jobs and Career > Jobs and Employment,6.633333333333333
35,zhipin.com,Jobs and Career > Jobs and Employment,8.966666666666667
36,jobs.lever.co,Jobs and Career > Jobs and Employment,3.3666666666666667
37,bio.site,Jobs and Career > Jobs and Employment,2.2666666666666666
38,books.ms,Jobs and Career > Jobs and Employment,4.6
39,pracuj.pl,Jobs and Career > Jobs and Employment,5.316666666666666
40,求人ボックス.com,Jobs and Career > Jobs and Employment,3.3166666666666664
41,jobs.smartrecruiters.com,Jobs and Career > Jobs and Employment,3.7333333333333334
42,infojobs.net,Jobs and Career > Jobs and Employment,4.95
43,coxautoinc.com,Jobs and Career > Jobs and Employment,22.016666666666666
44,jobcase.com,Jobs and Career > Jobs and Employment,2.5833333333333335
45,glassdoor.co.in,Jobs and Career > Jobs and Employment,2.5833333333333335
46,74.ru,Jobs and Career > Jobs and Employment,4.233333333333333
47,ambitionbox.com,Jobs and Career > Jobs and Employment,2.4166666666666665
48,hellowork.com,Jobs and Career > Jobs and Employment,2.75
49,kariyer.net,Jobs and Career > Jobs and Employment,5.05
50,lidl.com,Jobs and Career > Jobs and Employment,1.5166666666666666
1,sephora.com,Lifestyle > Beauty and Cosmetics,3.5666666666666664
2,beauty.hotpepper.jp,Lifestyle > Beauty and Cosmetics,6.033333333333333
3,fragrantica.com,Lifestyle > Beauty and Cosmetics,4.916666666666667
4,ulta.com,Lifestyle > Beauty and Cosmetics,3.75
5,cosme.net,Lifestyle > Beauty and Cosmetics,4.016666666666667
6,hpplus.jp,Lifestyle > Beauty and Cosmetics,1.8833333333333333
7,bathandbodyworks.com,Lifestyle > Beauty and Cosmetics,3.75
8,natura.com.br,Lifestyle > Beauty and Cosmetics,3.283333333333333
9,boticario.com.br,Lifestyle > Beauty and Cosmetics,2.65
10,dm.de,Lifestyle > Beauty and Cosmetics,2.4333333333333336
11,nykaa.com,Lifestyle > Beauty and Cosmetics,2.8333333333333335
12,fresha.com,Lifestyle > Beauty and Cosmetics,4.4
13,lemon8-app.com,Lifestyle > Beauty and Cosmetics,1.0
14,goldapple.ru,Lifestyle > Beauty and Cosmetics,3.5166666666666666
15,fragrancenet.com,Lifestyle > Beauty and Cosmetics,3.7333333333333334
16,fragrantica.ru,Lifestyle > Beauty and Cosmetics,6.316666666666666
17,ilmakiage.com,Lifestyle > Beauty and Cosmetics,2.9
18,yesstyle.com,Lifestyle > Beauty and Cosmetics,5.216666666666667
19,vagaro.com,Lifestyle > Beauty and Cosmetics,3.2
20,fragrantica.es,Lifestyle > Beauty and Cosmetics,5.5
21,lipscosme.com,Lifestyle > Beauty and Cosmetics,2.5166666666666666
22,lafoy.ru,Lifestyle > Beauty and Cosmetics,1.05
23,letu.ru,Lifestyle > Beauty and Cosmetics,2.8666666666666667
24,makeup.com.ua,Lifestyle > Beauty and Cosmetics,5.1
25,primor.eu,Lifestyle > Beauty and Cosmetics,4.633333333333333
26,shiseido.co.jp,Lifestyle > Beauty and Cosmetics,2.25
27,douglas.de,Lifestyle > Beauty and Cosmetics,2.533333333333333
28,salonboard.com,Lifestyle > Beauty and Cosmetics,11.583333333333334
29,randewoo.ru,Lifestyle > Beauty and Cosmetics,4.7
30,nahdionline.com,Lifestyle > Beauty and Cosmetics,1.9
31,byrdie.com,Lifestyle > Beauty and Cosmetics,1.25
32,al-dawaa.com,Lifestyle > Beauty and Cosmetics,0.9333333333333333
33,eudora.com.br,Lifestyle > Beauty and Cosmetics,2.9
34,planity.com,Lifestyle > Beauty and Cosmetics,3.0833333333333335
35,stylevana.com,Lifestyle > Beauty and Cosmetics,4.783333333333333
36,eva.ua,Lifestyle > Beauty and Cosmetics,4.15
37,greatclips.com,Lifestyle > Beauty and Cosmetics,4.766666666666667
38,lookfantastic.com,Lifestyle > Beauty and Cosmetics,3.3666666666666667
39,faberlic.com,Lifestyle > Beauty and Cosmetics,12.016666666666667
40,druni.es,Lifestyle > Beauty and Cosmetics,4.0
41,notino.pl,Lifestyle > Beauty and Cosmetics,2.4166666666666665
42,belezanaweb.com.br,Lifestyle > Beauty and Cosmetics,3.1333333333333333
43,hebe.pl,Lifestyle > Beauty and Cosmetics,2.6166666666666667
44,rossmann.pl,Lifestyle > Beauty and Cosmetics,1.3833333333333333
45,parfumo.de,Lifestyle > Beauty and Cosmetics,9.283333333333333
46,spoiledchild.com,Lifestyle > Beauty and Cosmetics,2.5
47,meevo.com,Lifestyle > Beauty and Cosmetics,5.066666666666666
48,glossgenius.com,Lifestyle > Beauty and Cosmetics,2.3666666666666667
49,oggi.jp,Lifestyle > Beauty and Cosmetics,0.9833333333333333
50,rituals.com,Lifestyle > Beauty and Cosmetics,2.4833333333333334
1,babylist.com,Lifestyle > Childcare,3.8
2,firstcry.com,Lifestyle > Childcare,2.6833333333333336
3,carters.com,Lifestyle > Childcare,4.333333333333333
4,haibunda.com,Lifestyle > Childcare,1.3833333333333333
5,kidstaff.com.ua,Lifestyle > Childcare,8.166666666666666
6,detmir.ru,Lifestyle > Childcare,4.833333333333333
7,mattel.com,Lifestyle > Childcare,1.8666666666666667
8,jellycat.com,Lifestyle > Childcare,2.533333333333333
9,disneystore.com,Lifestyle > Childcare,2.2333333333333334
10,potterybarnkids.com,Lifestyle > Childcare,3.466666666666667
11,buildabear.com,Lifestyle > Childcare,3.3333333333333335
12,kasta.ua,Lifestyle > Childcare,3.183333333333333
13,derma-express.com,Lifestyle > Childcare,25.65
14,vertbaudet.fr,Lifestyle > Childcare,5.166666666666667
15,tonies.com,Lifestyle > Childcare,2.0833333333333335
16,popmama.com,Lifestyle > Childcare,0.9833333333333333
17,theasianparent.com,Lifestyle > Childcare,1.0666666666666667
18,nikulya.ru,Lifestyle > Childcare,1.0833333333333333
19,babybunting.com.au,Lifestyle > Childcare,3.7333333333333334
20,intertop.ua,Lifestyle > Childcare,2.966666666666667
21,yapokupayu.ru,Lifestyle > Childcare,1.1666666666666667
22,akachan.jp,Lifestyle > Childcare,2.05
23,next.ua,Lifestyle > Childcare,2.4333333333333336
24,chikiriki.ru,Lifestyle > Childcare,3.533333333333333
25,mamasandpapas.com,Lifestyle > Childcare,2.4833333333333334
26,king-jouet.com,Lifestyle > Childcare,3.066666666666667
27,lovevery.com,Lifestyle > Childcare,2.1166666666666667
28,intertoys.nl,Lifestyle > Childcare,3.05
29,takingcarababies.com,Lifestyle > Childcare,2.8833333333333333
30,cartersoshkosh.ca,Lifestyle > Childcare,7.35
31,bebetei.ro,Lifestyle > Childcare,2.3666666666666667
32,toysrus.ca,Lifestyle > Childcare,2.0833333333333335
33,littlesleepies.com,Lifestyle > Childcare,1.8
34,americangirl.com,Lifestyle > Childcare,2.1666666666666665
35,aeroflowbreastpumps.com,Lifestyle > Childcare,3.8
36,star-tex.ru,Lifestyle > Childcare,2.6833333333333336
37,prenatal.nl,Lifestyle > Childcare,3.033333333333333
38,baby-walz.de,Lifestyle > Childcare,3.2
39,thetoyshop.com,Lifestyle > Childcare,2.3166666666666664
40,followish.io,Lifestyle > Childcare,2.6833333333333336
41,wildberries.am,Lifestyle > Childcare,2.8166666666666664
42,civilim.com,Lifestyle > Childcare,3.6666666666666665
43,mobz.click,Lifestyle > Childcare,0.15
44,joueclub.fr,Lifestyle > Childcare,3.05
45,mesenvies.fr,Lifestyle > Childcare,4.666666666666667
46,tipotv.com,Lifestyle > Childcare,1.4833333333333334
47,rebelstork.com,Lifestyle > Childcare,3.0166666666666666
48,momcozy.com,Lifestyle > Childcare,33.8
49,littlespoon.com,Lifestyle > Childcare,0.8833333333333333
50,harpersbazaar.fr,Lifestyle > Childcare,1.0166666666666666
1,shein.com,Lifestyle > Fashion and Apparel,5.8
2,nike.com,Lifestyle > Fashion and Apparel,2.85
3,zara.com,Lifestyle > Fashion and Apparel,5.433333333333334
4,hm.com,Lifestyle > Fashion and Apparel,3.85
5,myntra.com,Lifestyle > Fashion and Apparel,3.5666666666666664
6,uniqlo.com,Lifestyle > Fashion and Apparel,2.75
7,macys.com,Lifestyle > Fashion and Apparel,4.766666666666667
8,asos.com,Lifestyle > Fashion and Apparel,3.9
9,gap.com,Lifestyle > Fashion and Apparel,4.916666666666667
10,zozo.jp,Lifestyle > Fashion and Apparel,7.016666666666667
11,nordstrom.com,Lifestyle > Fashion and Apparel,3.5833333333333335
12,elle.com,Lifestyle > Fashion and Apparel,0.9666666666666667
13,mango.com,Lifestyle > Fashion and Apparel,3.6166666666666667
14,shop.mango.com,Lifestyle > Fashion and Apparel,3.65
15,vinted.fr,Lifestyle > Fashion and Apparel,13.533333333333333
16,stockx.com,Lifestyle > Fashion and Apparel,2.216666666666667
17,musinsa.com,Lifestyle > Fashion and Apparel,3.0833333333333335
18,jeomsin.co.kr,Lifestyle > Fashion and Apparel,1.55
19,marksandspencer.com,Lifestyle > Fashion and Apparel,4.3
20,next.co.uk,Lifestyle > Fashion and Apparel,5.416666666666667
21,puma.com,Lifestyle > Fashion and Apparel,2.8166666666666664
22,victoriassecret.com,Lifestyle > Fashion and Apparel,4.466666666666667
23,quince.com,Lifestyle > Fashion and Apparel,4.233333333333333
24,jcpenney.com,Lifestyle > Fashion and Apparel,4.45
25,fashionnova.com,Lifestyle > Fashion and Apparel,6.8
26,lululemon.com,Lifestyle > Fashion and Apparel,3.0833333333333335
27,anthropologie.com,Lifestyle > Fashion and Apparel,4.566666666666666
28,zalando.de,Lifestyle > Fashion and Apparel,4.316666666666666
29,nordstromrack.com,Lifestyle > Fashion and Apparel,5.183333333333334
30,shop.lululemon.com,Lifestyle > Fashion and Apparel,3.066666666666667
31,farfetch.com,Lifestyle > Fashion and Apparel,2.15
32,vinted.co.uk,Lifestyle > Fashion and Apparel,8.15
33,ajio.com,Lifestyle > Fashion and Apparel,3.4333333333333336
34,shein.co.uk,Lifestyle > Fashion and Apparel,3.9333333333333336
35,depop.com,Lifestyle > Fashion and Apparel,4.583333333333333
36,adidas.com,Lifestyle > Fashion and Apparel,2.35
37,hollisterco.com,Lifestyle > Fashion and Apparel,4.283333333333333
38,louisvuitton.com,Lifestyle > Fashion and Apparel,2.8333333333333335
39,ae.com,Lifestyle > Fashion and Apparel,3.7666666666666666
40,sportsdirect.com,Lifestyle > Fashion and Apparel,4.05
41,klclick1.com,Lifestyle > Fashion and Apparel,0.4666666666666667
42,abercrombie.com,Lifestyle > Fashion and Apparel,4.133333333333334
43,urbanoutfitters.com,Lifestyle > Fashion and Apparel,3.2333333333333334
44,lamoda.ru,Lifestyle > Fashion and Apparel,5.35
45,dsw.com,Lifestyle > Fashion and Apparel,3.8833333333333333
46,yeezy.com,Lifestyle > Fashion and Apparel,0.75
47,revolve.com,Lifestyle > Fashion and Apparel,4.083333333333333
48,sinsay.com,Lifestyle > Fashion and Apparel,5.1
49,reserved.com,Lifestyle > Fashion and Apparel,3.8666666666666667
50,coachoutlet.com,Lifestyle > Fashion and Apparel,4.3
1,partnermatic.com,Lifestyle > Gifts and Flowers,0.21666666666666667
2,ciceksepeti.com,Lifestyle > Gifts and Flowers,4.683333333333334
3,paperlesspost.com,Lifestyle > Gifts and Flowers,2.966666666666667
4,livemaster.ru,Lifestyle > Gifts and Flowers,3.75
5,1800flowers.com,Lifestyle > Gifts and Flowers,4.833333333333333
6,e-gift.co,Lifestyle > Gifts and Flowers,1.45
7,rewardcodes.com,Lifestyle > Gifts and Flowers,0.9
8,sfmc-content.com,Lifestyle > Gifts and Flowers,0.45
9,fnp.com,Lifestyle > Gifts and Flowers,2.85
10,flowwow.com,Lifestyle > Gifts and Flowers,3.7
11,giftmall.co.jp,Lifestyle > Gifts and Flowers,3.3333333333333335
12,moonpig.com,Lifestyle > Gifts and Flowers,6.25
13,fromyouflowers.com,Lifestyle > Gifts and Flowers,5.45
14,cenreader.com,Lifestyle > Gifts and Flowers,13.366666666666667
15,festalab.com.br,Lifestyle > Gifts and Flowers,2.0833333333333335
16,punchbowl.com,Lifestyle > Gifts and Flowers,2.45
17,jacquielawson.com,Lifestyle > Gifts and Flowers,4.066666666666666
18,smartbox.com,Lifestyle > Gifts and Flowers,8.233333333333333
19,giftcards.com,Lifestyle > Gifts and Flowers,2.3
20,lijstje.nl,Lifestyle > Gifts and Flowers,3.8333333333333335
21,igp.com,Lifestyle > Gifts and Flowers,3.0833333333333335
22,notonthehighstreet.com,Lifestyle > Gifts and Flowers,2.8333333333333335
23,ringbell.co.jp,Lifestyle > Gifts and Flowers,3.6666666666666665
24,refoorest.com,Lifestyle > Gifts and Flowers,2.4
25,virginexperiencedays.co.uk,Lifestyle > Gifts and Flowers,3.1666666666666665
26,flair.nl,Lifestyle > Gifts and Flowers,0.9
27,myregistry.com,Lifestyle > Gifts and Flowers,3.1
28,hema.com,Lifestyle > Gifts and Flowers,3.4833333333333334
29,floweraura.com,Lifestyle > Gifts and Flowers,4.166666666666667
30,bloomandwild.com,Lifestyle > Gifts and Flowers,2.8
31,prestigeflowers.co.uk,Lifestyle > Gifts and Flowers,2.0166666666666666
32,ftd.com,Lifestyle > Gifts and Flowers,3.3166666666666664
33,teleflora.com,Lifestyle > Gifts and Flowers,4.416666666666667
34,interflora.fr,Lifestyle > Gifts and Flowers,4.25
35,personalizationmall.com,Lifestyle > Gifts and Flowers,3.466666666666667
36,greetz.nl,Lifestyle > Gifts and Flowers,5.5
37,avasflowers.net,Lifestyle > Gifts and Flowers,4.216666666666667
38,bouqs.com,Lifestyle > Gifts and Flowers,2.05
39,callie.com,Lifestyle > Gifts and Flowers,2.05
40,parnassys.net,Lifestyle > Gifts and Flowers,4.733333333333333
41,thortful.com,Lifestyle > Gifts and Flowers,3.7666666666666666
42,bestpresent.jp,Lifestyle > Gifts and Flowers,1.9166666666666665
43,interflora.co.uk,Lifestyle > Gifts and Flowers,3.4166666666666665
44,tanp.jp,Lifestyle > Gifts and Flowers,2.8333333333333335
45,123greetings.com,Lifestyle > Gifts and Flowers,2.9833333333333334
46,hediyesepeti.com,Lifestyle > Gifts and Flowers,2.1666666666666665
47,cardcash.com,Lifestyle > Gifts and Flowers,2.65
48,mangomint.com,Lifestyle > Gifts and Flowers,2.966666666666667
49,eflorist.co.uk,Lifestyle > Gifts and Flowers,3.2666666666666666
50,kaartje2go.nl,Lifestyle > Gifts and Flowers,7.066666666666666
1,pandora.net,Lifestyle > Jewelry and Luxury Products,3.3666666666666667
2,familhao.com,Lifestyle > Jewelry and Luxury Products,1.85
3,jomashop.com,Lifestyle > Jewelry and Luxury Products,3.85
4,kay.com,Lifestyle > Jewelry and Luxury Products,3.45
5,swarovski.com,Lifestyle > Jewelry and Luxury Products,2.966666666666667
6,cartier.com,Lifestyle > Jewelry and Luxury Products,1.5666666666666667
7,bluestone.com,Lifestyle > Jewelry and Luxury Products,1.0666666666666667
8,pnj.com.vn,Lifestyle > Jewelry and Luxury Products,1.8333333333333335
9,sunlight.net,Lifestyle > Jewelry and Luxury Products,2.95
10,tanishq.co.in,Lifestyle > Jewelry and Luxury Products,2.716666666666667
11,rolex.com,Lifestyle > Jewelry and Luxury Products,2.5666666666666664
12,titan.co.in,Lifestyle > Jewelry and Luxury Products,2.4333333333333336
13,brilliantearth.com,Lifestyle > Jewelry and Luxury Products,2.0833333333333335
14,zales.com,Lifestyle > Jewelry and Luxury Products,2.95
15,vivara.com.br,Lifestyle > Jewelry and Luxury Products,2.5166666666666666
16,sokolov.ru,Lifestyle > Jewelry and Luxury Products,3.533333333333333
17,giva.co,Lifestyle > Jewelry and Luxury Products,2.7
18,alltime.ru,Lifestyle > Jewelry and Luxury Products,2.5166666666666666
19,chrono24.com,Lifestyle > Jewelry and Luxury Products,3.9833333333333334
20,caratlane.com,Lifestyle > Jewelry and Luxury Products,1.7666666666666666
21,monkeyd.com.vn,Lifestyle > Jewelry and Luxury Products,7.45
22,tiffany.com,Lifestyle > Jewelry and Luxury Products,2.05
23,jared.com,Lifestyle > Jewelry and Luxury Products,2.466666666666667
24,jtv.com,Lifestyle > Jewelry and Luxury Products,5.533333333333333
25,seikowatches.com,Lifestyle > Jewelry and Luxury Products,2.2333333333333334
26,malabargoldanddiamonds.com,Lifestyle > Jewelry and Luxury Products,1.75
27,shop.paireyewear.com,Lifestyle > Jewelry and Luxury Products,2.283333333333333
28,fossil.com,Lifestyle > Jewelry and Luxury Products,2.533333333333333
29,tissotwatches.com,Lifestyle > Jewelry and Luxury Products,2.466666666666667
30,swatch.com,Lifestyle > Jewelry and Luxury Products,2.55
31,vancleefarpels.com,Lifestyle > Jewelry and Luxury Products,1.7
32,histoiredor.com,Lifestyle > Jewelry and Luxury Products,3.1666666666666665
33,omegawatches.com,Lifestyle > Jewelry and Luxury Products,2.4
34,apart.pl,Lifestyle > Jewelry and Luxury Products,5.05
35,watchuseek.com,Lifestyle > Jewelry and Luxury Products,2.7333333333333334
36,tous.com,Lifestyle > Jewelry and Luxury Products,2.4333333333333336
37,btmc.vn,Lifestyle > Jewelry and Luxury Products,1.2666666666666666
38,kendrascott.com,Lifestyle > Jewelry and Luxury Products,2.7666666666666666
39,lvsl.ru,Lifestyle > Jewelry and Luxury Products,0.16666666666666666
40,bluenile.com,Lifestyle > Jewelry and Luxury Products,2.6
41,niwaka.com,Lifestyle > Jewelry and Luxury Products,1.85
42,perfdrive.com,Lifestyle > Jewelry and Luxury Products,0.7333333333333333
43,rarecarat.com,Lifestyle > Jewelry and Luxury Products,3.9
44,hodinkee.com,Lifestyle > Jewelry and Luxury Products,1.4833333333333334
45,bulgari.com,Lifestyle > Jewelry and Luxury Products,1.5666666666666667
46,candere.com,Lifestyle > Jewelry and Luxury Products,1.1166666666666667
47,vnvc.vn,Lifestyle > Jewelry and Luxury Products,1.7833333333333332
48,zenpirlanta.com,Lifestyle > Jewelry and Luxury Products,1.9166666666666665
49,fastrackeyewear.com,Lifestyle > Jewelry and Luxury Products,2.65
50,grtjewels.com,Lifestyle > Jewelry and Luxury Products,2.183333333333333
1,yahoo.com,News & Media Publishers,7.716666666666667
2,yahoo.co.jp,News & Media Publishers,8.9
3,naver.com,News & Media Publishers,16.066666666666666
4,news.yahoo.co.jp,News & Media Publishers,6.816666666666666
5,globo.com,News & Media Publishers,3.4833333333333334
6,nytimes.com,News & Media Publishers,4.283333333333333
7,bbc.co.uk,News & Media Publishers,4.85
8,msn.com,News & Media Publishers,5.483333333333333
9,cnn.com,News & Media Publishers,2.966666666666667
10,bbc.com,News & Media Publishers,2.6666666666666665
11,qq.com,News & Media Publishers,4.616666666666667
12,news.google.com,News & Media Publishers,5.816666666666666
13,uol.com.br,News & Media Publishers,6.166666666666667
14,theguardian.com,News & Media Publishers,3.4333333333333336
15,foxnews.com,News & Media Publishers,5.966666666666667
16,infobae.com,News & Media Publishers,3.6333333333333333
17,douyin.com,News & Media Publishers,9.25
18,dailymail.co.uk,News & Media Publishers,4.016666666666667
19,onet.pl,News & Media Publishers,5.25
20,wp.pl,News & Media Publishers,6.383333333333334
21,finance.yahoo.com,News & Media Publishers,5.266666666666667
22,news.naver.com,News & Media Publishers,6.266666666666667
23,auone.jp,News & Media Publishers,3.1666666666666665
24,people.com,News & Media Publishers,2.033333333333333
25,livedoor.jp,News & Media Publishers,6.083333333333333
26,bild.de,News & Media Publishers,5.133333333333334
27,detik.com,News & Media Publishers,3.4
28,news.yahoo.com,News & Media Publishers,3.1
29,news18.com,News & Media Publishers,1.75
30,indiatimes.com,News & Media Publishers,2.8166666666666664
31,t-online.de,News & Media Publishers,7.7
32,usatoday.com,News & Media Publishers,1.95
33,india.com,News & Media Publishers,1.7166666666666668
34,163.com,News & Media Publishers,3.1333333333333333
35,apnews.com,News & Media Publishers,1.9166666666666665
36,aajtak.in,News & Media Publishers,3.6
37,interia.pl,News & Media Publishers,4.683333333333334
38,forbes.com,News & Media Publishers,0.9666666666666667
39,nypost.com,News & Media Publishers,2.75
40,n-tv.de,News & Media Publishers,4.466666666666667
41,vnexpress.net,News & Media Publishers,4.716666666666667
42,ndtv.com,News & Media Publishers,2.3666666666666667
43,hindustantimes.com,News & Media Publishers,1.85
44,substack.com,News & Media Publishers,3.15
45,rbc.ru,News & Media Publishers,3.4833333333333334
46,reuters.com,News & Media Publishers,1.4666666666666668
47,indianexpress.com,News & Media Publishers,2.5
48,cnbc.com,News & Media Publishers,2.7666666666666666
49,corriere.it,News & Media Publishers,6.283333333333333
50,elpais.com,News & Media Publishers,3.6166666666666667
1,wikipedia.org,Reference Materials > Dictionaries and Encyclopedias,3.3
2,quora.com,Reference Materials > Dictionaries and Encyclopedias,1.7833333333333332
3,deepl.com,Reference Materials > Dictionaries and Encyclopedias,10.033333333333333
4,perplexity.ai,Reference Materials > Dictionaries and Encyclopedias,6.483333333333333
5,sciencedirect.com,Reference Materials > Dictionaries and Encyclopedias,4.833333333333333
6,eksisozluk.com,Reference Materials > Dictionaries and Encyclopedias,4.383333333333334
7,merriam-webster.com,Reference Materials > Dictionaries and Encyclopedias,2.5
8,reverso.net,Reference Materials > Dictionaries and Encyclopedias,5.016666666666667
9,dictionary.cambridge.org,Reference Materials > Dictionaries and Encyclopedias,4.866666666666667
10,britannica.com,Reference Materials > Dictionaries and Encyclopedias,2.4166666666666665
11,wiktionary.org,Reference Materials > Dictionaries and Encyclopedias,2.5666666666666664
12,wordreference.com,Reference Materials > Dictionaries and Encyclopedias,5.983333333333333
13,word.tips,Reference Materials > Dictionaries and Encyclopedias,5.8
14,weblio.jp,Reference Materials > Dictionaries and Encyclopedias,2.9166666666666665
15,thesaurus.com,Reference Materials > Dictionaries and Encyclopedias,3.8666666666666667
16,urbandictionary.com,Reference Materials > Dictionaries and Encyclopedias,0.7666666666666667
17,idos.cz,Reference Materials > Dictionaries and Encyclopedias,2.75
18,email.cz,Reference Materials > Dictionaries and Encyclopedias,4.75
19,gov.cz,Reference Materials > Dictionaries and Encyclopedias,4.516666666666667
20,dictionary.com,Reference Materials > Dictionaries and Encyclopedias,2.05
21,co.cz,Reference Materials > Dictionaries and Encyclopedias,4.516666666666667
22,treccani.it,Reference Materials > Dictionaries and Encyclopedias,1.5333333333333332
23,dictionary.goo.ne.jp,Reference Materials > Dictionaries and Encyclopedias,2.15
24,pons.com,Reference Materials > Dictionaries and Encyclopedias,4.233333333333333
25,kotobank.jp,Reference Materials > Dictionaries and Encyclopedias,1.5166666666666666
26,glosbe.com,Reference Materials > Dictionaries and Encyclopedias,3.5833333333333335
27,wordhippo.com,Reference Materials > Dictionaries and Encyclopedias,3.1
28,collinsdictionary.com,Reference Materials > Dictionaries and Encyclopedias,1.9833333333333334
29,wikisource.org,Reference Materials > Dictionaries and Encyclopedias,2.4
30,almaany.com,Reference Materials > Dictionaries and Encyclopedias,2.6166666666666667
31,spanishdict.com,Reference Materials > Dictionaries and Encyclopedias,6.983333333333333
32,leo.org,Reference Materials > Dictionaries and Encyclopedias,6.333333333333333
33,bab.la,Reference Materials > Dictionaries and Encyclopedias,1.5
34,oxfordlearnersdictionaries.com,Reference Materials > Dictionaries and Encyclopedias,5.683333333333334
35,kartaslov.ru,Reference Materials > Dictionaries and Encyclopedias,2.15
36,imagetotext.info,Reference Materials > Dictionaries and Encyclopedias,2.45
37,alc.co.jp,Reference Materials > Dictionaries and Encyclopedias,5.45
38,larousse.fr,Reference Materials > Dictionaries and Encyclopedias,1.7666666666666666
39,yourdictionary.com,Reference Materials > Dictionaries and Encyclopedias,5.133333333333334
40,scielo.br,Reference Materials > Dictionaries and Encyclopedias,3.05
41,dict.cc,Reference Materials > Dictionaries and Encyclopedias,6.066666666666666
42,rekhta.org,Reference Materials > Dictionaries and Encyclopedias,1.6833333333333333
43,firmy.cz,Reference Materials > Dictionaries and Encyclopedias,2.15
44,tureng.com,Reference Materials > Dictionaries and Encyclopedias,5.533333333333333
45,dexonline.ro,Reference Materials > Dictionaries and Encyclopedias,2.2333333333333334
46,1xlite-032472.top,Reference Materials > Dictionaries and Encyclopedias,2.5666666666666664
47,rhymezone.com,Reference Materials > Dictionaries and Encyclopedias,6.083333333333333
48,shabdkosh.com,Reference Materials > Dictionaries and Encyclopedias,1.3833333333333333
49,squaredle.app,Reference Materials > Dictionaries and Encyclopedias,9.866666666666667
50,thefreedictionary.com,Reference Materials > Dictionaries and Encyclopedias,2.466666666666667
1,wikimedia.org,Reference Materials > Reference Materials - Other,1.9
2,wikihow.com,Reference Materials > Reference Materials - Other,1.1
3,wikiwiki.jp,Reference Materials > Reference Materials - Other,6.283333333333333
4,gramedia.com,Reference Materials > Reference Materials - Other,1.15
5,pagesjaunes.fr,Reference Materials > Reference Materials - Other,1.8666666666666667
6,laposte.net,Reference Materials > Reference Materials - Other,7.916666666666667
7,proquest.com,Reference Materials > Reference Materials - Other,7.483333333333333
8,noor-book.com,Reference Materials > Reference Materials - Other,2.55
9,time.is,Reference Materials > Reference Materials - Other,5.516666666666667
10,amalgama-lab.com,Reference Materials > Reference Materials - Other,1.4666666666666668
11,manualslib.com,Reference Materials > Reference Materials - Other,3.05
12,rapidtables.com,Reference Materials > Reference Materials - Other,2.9
13,azet.sk,Reference Materials > Reference Materials - Other,12.1
14,kompasiana.com,Reference Materials > Reference Materials - Other,2.9833333333333334
15,sinonim.org,Reference Materials > Reference Materials - Other,3.0166666666666666
16,meteored.mx,Reference Materials > Reference Materials - Other,1.2166666666666668
17,worldcat.org,Reference Materials > Reference Materials - Other,3.9833333333333334
18,xo.gr,Reference Materials > Reference Materials - Other,1.55
19,ukrlib.com.ua,Reference Materials > Reference Materials - Other,3.2333333333333334
20,worldometers.info,Reference Materials > Reference Materials - Other,1.1
21,libguides.com,Reference Materials > Reference Materials - Other,1.9166666666666665
22,wikidata.org,Reference Materials > Reference Materials - Other,1.5166666666666666
23,lexilogos.com,Reference Materials > Reference Materials - Other,2.033333333333333
24,yabiladi.com,Reference Materials > Reference Materials - Other,5.0
25,brainyquote.com,Reference Materials > Reference Materials - Other,1.65
26,ebscohost.com,Reference Materials > Reference Materials - Other,4.483333333333333
27,wikiquote.org,Reference Materials > Reference Materials - Other,1.25
28,shamela.ws,Reference Materials > Reference Materials - Other,2.6666666666666665
29,pkup.fr,Reference Materials > Reference Materials - Other,2.1666666666666665
30,azquotes.com,Reference Materials > Reference Materials - Other,2.15
31,menetrendek.hu,Reference Materials > Reference Materials - Other,3.0
32,alukah.net,Reference Materials > Reference Materials - Other,1.75
33,mensagemaniversario.com.br,Reference Materials > Reference Materials - Other,1.0
34,aldiwan.net,Reference Materials > Reference Materials - Other,1.8666666666666667
35,toolforge.org,Reference Materials > Reference Materials - Other,1.4166666666666667
36,1xlite-646451.top,Reference Materials > Reference Materials - Other,2.466666666666667
37,inwi.ma,Reference Materials > Reference Materials - Other,2.95
38,foulabook.com,Reference Materials > Reference Materials - Other,1.6833333333333333
39,spellbee.org,Reference Materials > Reference Materials - Other,5.533333333333333
40,senjo-pianist.jp,Reference Materials > Reference Materials - Other,0.65
41,negisoku.com,Reference Materials > Reference Materials - Other,1.8333333333333335
42,lifeder.com,Reference Materials > Reference Materials - Other,2.0166666666666666
43,famikura-store.jp,Reference Materials > Reference Materials - Other,4.016666666666667
44,jitenon.jp,Reference Materials > Reference Materials - Other,3.9166666666666665
45,mots-croises-solutions.com,Reference Materials > Reference Materials - Other,2.35
46,login.gov.az,Reference Materials > Reference Materials - Other,6.3
47,guinnessworldrecords.com,Reference Materials > Reference Materials - Other,0.7833333333333333
48,2net.co.il,Reference Materials > Reference Materials - Other,9.45
49,lovetoknow.com,Reference Materials > Reference Materials - Other,1.0333333333333334
50,citaty.net,Reference Materials > Reference Materials - Other,1.45
1,timeanddate.com,Science and Education > Astronomy,1.5
2,printables.com,Science and Education > Astronomy,5.0
3,space.com,Science and Education > Astronomy,1.0166666666666666
4,dailygalaxy.com,Science and Education > Astronomy,0.9166666666666666
5,spaceweatherlive.com,Science and Education > Astronomy,1.0833333333333333
6,shiid4u.com,Science and Education > Astronomy,2.6333333333333333
7,cloudynights.com,Science and Education > Astronomy,5.0
8,zeiss.com,Science and Education > Astronomy,4.133333333333334
9,myflixer.is,Science and Education > Astronomy,7.366666666666666
10,earthsky.org,Science and Education > Astronomy,0.8166666666666667
11,moongiant.com,Science and Education > Astronomy,0.9333333333333333
12,astronomy.com,Science and Education > Astronomy,1.0333333333333334
13,spaceweather.com,Science and Education > Astronomy,1.1333333333333333
14,skyatnightmagazine.com,Science and Education > Astronomy,0.75
15,sab.gov.co,Science and Education > Astronomy,3.5666666666666664
16,highpointscientific.com,Science and Education > Astronomy,3.0
17,clearoutside.com,Science and Education > Astronomy,2.466666666666667
18,skyandtelescope.org,Science and Education > Astronomy,0.75
19,nasaspaceflight.com,Science and Education > Astronomy,3.466666666666667
20,inaf.it,Science and Education > Astronomy,2.3666666666666667
21,eso.org,Science and Education > Astronomy,1.9833333333333334
22,astrobin.com,Science and Education > Astronomy,4.016666666666667
23,celestron.com,Science and Education > Astronomy,2.1666666666666665
24,planetary.org,Science and Education > Astronomy,0.7666666666666667
25,heavens-above.com,Science and Education > Astronomy,2.3
26,jhuapl.edu,Science and Education > Astronomy,3.4833333333333334
27,aanda.org,Science and Education > Astronomy,2.05
28,usra.edu,Science and Education > Astronomy,4.7
29,webbtelescope.org,Science and Education > Astronomy,1.4833333333333334
30,hubblesite.org,Science and Education > Astronomy,1.3
31,nextspaceflight.com,Science and Education > Astronomy,0.95
32,astroarts.co.jp,Science and Education > Astronomy,2.45
33,astrogeo.va.it,Science and Education > Astronomy,0.26666666666666666
34,agenaastro.com,Science and Education > Astronomy,1.5333333333333332
35,stsci.edu,Science and Education > Astronomy,21.75
36,astronomy.ru,Science and Education > Astronomy,5.716666666666667
37,aas.org,Science and Education > Astronomy,1.4666666666666668
38,in-the-sky.org,Science and Education > Astronomy,1.0333333333333334
39,griffithobservatory.org,Science and Education > Astronomy,1.1
40,firstlightoptics.com,Science and Education > Astronomy,2.3666666666666667
41,clockfaceonline.co.uk,Science and Education > Astronomy,1.1166666666666667
42,astronomie.de,Science and Education > Astronomy,6.233333333333333
43,nineplanets.org,Science and Education > Astronomy,0.48333333333333334
44,solarsystemscope.com,Science and Education > Astronomy,0.8333333333333334
45,astronet.ru,Science and Education > Astronomy,1.1166666666666667
46,obspm.fr,Science and Education > Astronomy,3.65
47,stelvision.com,Science and Education > Astronomy,0.8833333333333333
48,newscientist.nl,Science and Education > Astronomy,1.7333333333333334
49,kasi.re.kr,Science and Education > Astronomy,1.3333333333333333
50,vinayuppal.com,Science and Education > Astronomy,7.016666666666667
1,nature.com,Science and Education > Biology,3.25
2,oup.com,Science and Education > Biology,2.7
3,frontiersin.org,Science and Education > Biology,2.5666666666666664
4,biomedcentral.com,Science and Education > Biology,2.1666666666666665
5,doodle.com,Science and Education > Biology,2.7
6,doi.org,Science and Education > Biology,1.6666666666666665
7,springernature.com,Science and Education > Biology,3.1666666666666665
8,cell.com,Science and Education > Biology,2.716666666666667
9,inaturalist.org,Science and Education > Biology,5.516666666666667
10,z-lib.id,Science and Education > Biology,2.5166666666666666
11,silverchair.com,Science and Education > Biology,1.7666666666666666
12,biorxiv.org,Science and Education > Biology,2.2333333333333334
13,letpub.com.cn,Science and Education > Biology,3.8333333333333335
14,aspca.org,Science and Education > Biology,0.9666666666666667
15,biorender.com,Science and Education > Biology,5.516666666666667
16,a-z-animals.com,Science and Education > Biology,0.85
17,iris.go.kr,Science and Education > Biology,5.3
18,benchling.com,Science and Education > Biology,8.033333333333333
19,charite.de,Science and Education > Biology,4.983333333333333
20,sciquest.com,Science and Education > Biology,9.7
21,cmu.edu.tw,Science and Education > Biology,2.5666666666666664
22,nycu.edu.tw,Science and Education > Biology,6.333333333333333
23,ut.ee,Science and Education > Biology,7.966666666666667
24,hubermanlab.com,Science and Education > Biology,3.283333333333333
25,pebblego.com,Science and Education > Biology,6.616666666666667
26,asm.org,Science and Education > Biology,2.1166666666666667
27,ebi.ac.uk,Science and Education > Biology,5.116666666666666
28,volgistics.com,Science and Education > Biology,4.433333333333334
29,atyponrex.com,Science and Education > Biology,5.433333333333334
30,europepmc.org,Science and Education > Biology,1.4833333333333334
31,bio-faq.ru,Science and Education > Biology,2.5833333333333335
32,rcsb.org,Science and Education > Biology,3.8666666666666667
33,researchsquare.com,Science and Education > Biology,1.1333333333333333
34,endnote.com,Science and Education > Biology,3.183333333333333
35,amrita.edu,Science and Education > Biology,3.6333333333333333
36,kew.org,Science and Education > Biology,3.45
37,i-egybest.com,Science and Education > Biology,1.5666666666666667
38,genome.gov,Science and Education > Biology,1.3166666666666667
39,paperpile.com,Science and Education > Biology,7.183333333333334
40,royalsocietypublishing.org,Science and Education > Biology,1.4
41,sci-hub.pub,Science and Education > Biology,1.15
42,ablesci.com,Science and Education > Biology,4.666666666666667
43,sandiegozoo.org,Science and Education > Biology,2.95
44,biospace.com,Science and Education > Biology,1.3166666666666667
45,physiology.org,Science and Education > Biology,1.95
46,cabidigitallibrary.org,Science and Education > Biology,1.3166666666666667
47,int-res.com,Science and Education > Biology,0.4166666666666667
48,ibric.org,Science and Education > Biology,2.6333333333333333
49,wellesu.com,Science and Education > Biology,4.45
50,retractionwatch.com,Science and Education > Biology,1.3166666666666667
1,oreilly.com,Science and Education > Business Training,5.6
2,tac-school.co.jp,Science and Education > Business Training,3.95
3,tafensw.edu.au,Science and Education > Business Training,4.616666666666667
4,u-can.co.jp,Science and Education > Business Training,2.0166666666666666
5,allfloridasafetyinstitute.com,Science and Education > Business Training,1.5
6,iata.org,Science and Education > Business Training,3.533333333333333
7,kakomonn.com,Science and Education > Business Training,14.383333333333333
8,niidpo.ru,Science and Education > Business Training,5.05
9,c-c-j.com,Science and Education > Business Training,2.55
10,lec-jp.com,Science and Education > Business Training,5.333333333333333
11,hogent.be,Science and Education > Business Training,8.233333333333333
12,cbt-s.com,Science and Education > Business Training,2.8666666666666667
13,torrens.edu.au,Science and Education > Business Training,5.933333333333334
14,open.edu.au,Science and Education > Business Training,2.65
15,tafesa.edu.au,Science and Education > Business Training,9.9
16,foresight.jp,Science and Education > Business Training,10.35
17,u-can.jp,Science and Education > Business Training,8.983333333333333
18,teambuilding.com,Science and Education > Business Training,0.9
19,sanko.ac.jp,Science and Education > Business Training,5.4
20,northmetrotafe.wa.edu.au,Science and Education > Business Training,4.4
21,kentei.ne.jp,Science and Education > Business Training,3.2666666666666666
22,btt.network,Science and Education > Business Training,1.1666666666666667
23,provincedeliege.be,Science and Education > Business Training,3.0833333333333335
24,kdg.be,Science and Education > Business Training,8.366666666666667
25,hermods.se,Science and Education > Business Training,7.0
26,sanno.ac.jp,Science and Education > Business Training,5.7
27,careers.duolingo.com,Science and Education > Business Training,1.65
28,pxl.be,Science and Education > Business Training,8.283333333333333
29,idrivesafely.com,Science and Education > Business Training,13.25
30,o-hara.ac.jp,Science and Education > Business Training,6.816666666666666
31,highspeedtraining.co.uk,Science and Education > Business Training,6.916666666666667
32,vives.be,Science and Education > Business Training,2.1666666666666665
33,tds.ms,Science and Education > Business Training,6.166666666666667
34,myhumandesign.com,Science and Education > Business Training,3.0
35,studentarteveldehsbe.sharepoint.com,Science and Education > Business Training,4.8
36,arteveldehogeschool.be,Science and Education > Business Training,2.6333333333333333
37,wbstraining.de,Science and Education > Business Training,4.033333333333333
38,nti.nl,Science and Education > Business Training,2.8833333333333333
39,uprav.ru,Science and Education > Business Training,4.783333333333333
40,vinci.be,Science and Education > Business Training,6.4
41,convenia.com.br,Science and Education > Business Training,2.6666666666666665
42,crear-ac.co.jp,Science and Education > Business Training,3.3833333333333333
43,nebosh.org.uk,Science and Education > Business Training,7.116666666666666
44,henallux.be,Science and Education > Business Training,2.783333333333333
45,helha.be,Science and Education > Business Training,4.783333333333333
46,ucll.be,Science and Education > Business Training,2.716666666666667
47,superprof.be,Science and Education > Business Training,2.8
48,cityandguilds.com,Science and Education > Business Training,2.066666666666667
49,ehb.be,Science and Education > Business Training,6.333333333333333
50,pic-chan.net,Science and Education > Business Training,4.066666666666666
1,acs.org,Science and Education > Chemistry,4.45
2,osmanonline.info,Science and Education > Chemistry,7.233333333333333
3,sigmaaldrich.com,Science and Education > Chemistry,3.6666666666666665
4,rsc.org,Science and Education > Chemistry,3.5666666666666664
5,acetyl.ru,Science and Education > Chemistry,2.8833333333333333
6,libgenesis.net,Science and Education > Chemistry,1.5666666666666667
7,chemicalbook.com,Science and Education > Chemistry,4.55
8,x-mol.com,Science and Education > Chemistry,6.433333333333334
9,ptable.com,Science and Education > Chemistry,1.3333333333333333
10,stepenin.ru,Science and Education > Chemistry,9.016666666666667
11,fishersci.com,Science and Education > Chemistry,3.1333333333333333
12,cas.org,Science and Education > Chemistry,8.116666666666667
13,chemicalaid.com,Science and Education > Chemistry,2.066666666666667
14,aktiv.com,Science and Education > Chemistry,5.65
15,vwr.com,Science and Education > Chemistry,2.7
16,tcichemicals.com,Science and Education > Chemistry,4.05
17,masterorganicchemistry.com,Science and Education > Chemistry,1.8666666666666667
18,chemequations.com,Science and Education > Chemistry,2.8833333333333333
19,merckmillipore.com,Science and Education > Chemistry,2.1666666666666665
20,antpedia.com,Science and Education > Chemistry,3.0
21,webqc.org,Science and Education > Chemistry,1.5166666666666666
22,studymind.co.uk,Science and Education > Chemistry,1.7333333333333334
23,sciencenotes.org,Science and Education > Chemistry,1.1333333333333333
24,aist.go.jp,Science and Education > Chemistry,3.466666666666667
25,sovety-tut.ru,Science and Education > Chemistry,0.35
26,chemrevise.org,Science and Education > Chemistry,3.033333333333333
27,eurofins.com,Science and Education > Chemistry,8.233333333333333
28,carlroth.com,Science and Education > Chemistry,2.1
29,chemistryworld.com,Science and Education > Chemistry,1.1666666666666667
30,instrument.com.cn,Science and Education > Chemistry,1.8333333333333335
31,thermofisher.cn,Science and Education > Chemistry,4.433333333333334
32,shimadzu.co.jp,Science and Education > Chemistry,2.6333333333333333
33,chemie.de,Science and Education > Chemistry,1.65
34,waters.com,Science and Education > Chemistry,2.783333333333333
35,colab.ws,Science and Education > Chemistry,0.7666666666666667
36,avantorsciences.com,Science and Education > Chemistry,3.033333333333333
37,chemege.ru,Science and Education > Chemistry,4.616666666666667
38,knowunity.de,Science and Education > Chemistry,2.1666666666666665
39,revvitycloud.com,Science and Education > Chemistry,10.25
40,reaxys.com,Science and Education > Chemistry,7.316666666666666
41,chemspider.com,Science and Education > Chemistry,1.7833333333333332
42,chemguide.co.uk,Science and Education > Chemistry,2.1
43,chem-station.com,Science and Education > Chemistry,3.066666666666667
44,bruker.com,Science and Education > Chemistry,1.8166666666666667
45,sci-hub.mk,Science and Education > Chemistry,1.7666666666666666
46,scihub.net.cn,Science and Education > Chemistry,1.8333333333333335
47,lernhelfer.de,Science and Education > Chemistry,0.9666666666666667
48,fz-juelich.de,Science and Education > Chemistry,3.9833333333333334
49,clackamas.edu,Science and Education > Chemistry,8.416666666666666
50,pharmdbm.com,Science and Education > Chemistry,4.466666666666667
1,usgs.gov,Science and Education > Earth Sciences,2.4833333333333334
2,ingv.it,Science and Education > Earth Sciences,6.733333333333333
3,zamg.ac.at,Science and Education > Earth Sciences,1.6333333333333333
4,volcanodiscovery.com,Science and Education > Earth Sciences,1.7333333333333334
5,hcmr.gr,Science and Education > Earth Sciences,1.7666666666666666
6,nationalgeographic.org,Science and Education > Earth Sciences,1.25
7,geology.com,Science and Education > Earth Sciences,1.4
8,copernicus.eu,Science and Education > Earth Sciences,7.666666666666667
9,topographic-map.com,Science and Education > Earth Sciences,2.9
10,copernicus.org,Science and Education > Earth Sciences,2.3166666666666664
11,nrsc.gov.in,Science and Education > Earth Sciences,5.066666666666666
12,mindat.org,Science and Education > Earth Sciences,2.6333333333333333
13,ncees.org,Science and Education > Earth Sciences,4.7
14,kadaster.nl,Science and Education > Earth Sciences,5.2
15,ucar.edu,Science and Education > Earth Sciences,7.05
16,iris.edu,Science and Education > Earth Sciences,5.4
17,ign.es,Science and Education > Earth Sciences,1.5833333333333335
18,emsc-csem.org,Science and Education > Earth Sciences,2.3166666666666664
19,trustmyscience.com,Science and Education > Earth Sciences,1.15
20,wmo.int,Science and Education > Earth Sciences,1.2
21,allmetsat.com,Science and Education > Earth Sciences,0.9666666666666667
22,vulkane.net,Science and Education > Earth Sciences,2.3666666666666667
23,meteo.fr,Science and Education > Earth Sciences,1.3166666666666667
24,gisgeography.com,Science and Education > Earth Sciences,1.05
25,rics.org,Science and Education > Earth Sciences,6.466666666666667
26,bosai.go.jp,Science and Education > Earth Sciences,1.9166666666666665
27,iirs.gov.in,Science and Education > Earth Sciences,3.7333333333333334
28,sentinel-hub.com,Science and Education > Earth Sciences,3.7666666666666666
29,ready.gov,Science and Education > Earth Sciences,1.3166666666666667
30,ametsoc.org,Science and Education > Earth Sciences,1.9333333333333333
31,bgs.ac.uk,Science and Education > Earth Sciences,1.4166666666666667
32,inpe.br,Science and Education > Earth Sciences,1.65
33,senamhi.gob.pe,Science and Education > Earth Sciences,2.05
34,ngac.cn,Science and Education > Earth Sciences,0.13333333333333333
35,kiost.ac.kr,Science and Education > Earth Sciences,10.45
36,nsidc.org,Science and Education > Earth Sciences,0.9166666666666666
37,geonet.org.nz,Science and Education > Earth Sciences,1.8833333333333333
38,leica-geosystems.com,Science and Education > Earth Sciences,3.033333333333333
39,geoscienceworld.org,Science and Education > Earth Sciences,1.6666666666666665
40,whoi.edu,Science and Education > Earth Sciences,1.0666666666666667
41,serbianmeteo.com,Science and Education > Earth Sciences,2.9333333333333336
42,gfz-potsdam.de,Science and Education > Earth Sciences,5.466666666666667
43,geologyscience.com,Science and Education > Earth Sciences,1.1833333333333333
44,nationalmap.gov,Science and Education > Earth Sciences,1.2666666666666666
45,forgerock.io,Science and Education > Earth Sciences,1.9666666666666668
46,onepetro.org,Science and Education > Earth Sciences,1.7833333333333332
47,geokniga.org,Science and Education > Earth Sciences,1.15
48,spe.org,Science and Education > Earth Sciences,1.2
49,ga.gov.au,Science and Education > Earth Sciences,1.5666666666666667
50,agu.org,Science and Education > Earth Sciences,1.7666666666666666
1,instructure.com,Science and Education > Education,9.316666666666666
2,scribd.com,Science and Education > Education,2.9833333333333334
3,clever.com,Science and Education > Education,3.466666666666667
4,quizlet.com,Science and Education > Education,6.616666666666667
5,toppr.com,Science and Education > Education,4.433333333333334
6,udemy.com,Science and Education > Education,9.433333333333334
7,byjus.com,Science and Education > Education,1.9666666666666668
8,blackboard.com,Science and Education > Education,7.583333333333333
9,vietjack.com,Science and Education > Education,9.333333333333334
10,duolingo.com,Science and Education > Education,8.833333333333334
11,schoology.com,Science and Education > Education,8.3
12,gdz.ru,Science and Education > Education,5.9
13,grammarly.com,Science and Education > Education,2.65
14,dnevnik.ru,Science and Education > Education,5.683333333333334
15,quizizz.com,Science and Education > Education,9.366666666666667
16,jagranjosh.com,Science and Education > Education,2.0166666666666666
17,studocu.com,Science and Education > Education,3.05
18,uchi.ru,Science and Education > Education,9.666666666666666
19,pearson.com,Science and Education > Education,8.233333333333333
20,index-education.net,Science and Education > Education,2.7333333333333334
21,k12.com,Science and Education > Education,17.15
22,coursera.org,Science and Education > Education,10.95
23,librus.pl,Science and Education > Education,4.233333333333333
24,blooket.com,Science and Education > Education,10.533333333333333
25,wordwall.net,Science and Education > Education,5.266666666666667
26,powerschool.com,Science and Education > Education,6.916666666666667
27,pw.live,Science and Education > Education,7.633333333333333
28,sdamgia.ru,Science and Education > Education,7.85
29,ixl.com,Science and Education > Education,9.166666666666666
30,nta.nic.in,Science and Education > Education,5.433333333333334
31,mheducation.com,Science and Education > Education,12.65
32,benesse.ne.jp,Science and Education > Education,2.6833333333333336
33,unam.mx,Science and Education > Education,4.466666666666667
34,infourok.ru,Science and Education > Education,3.3
35,examinationservices.nic.in,Science and Education > Education,12.05
36,brightspace.com,Science and Education > Education,9.366666666666667
37,academia.edu,Science and Education > Education,2.2
38,shiksha.com,Science and Education > Education,2.6166666666666667
39,reshak.ru,Science and Education > Education,5.583333333333333
40,sflix2.to,Science and Education > Education,6.3
41,vedantu.com,Science and Education > Education,2.4
42,loigiaihay.com,Science and Education > Education,4.433333333333334
43,khanacademy.org,Science and Education > Education,8.233333333333333
44,brainly.in,Science and Education > Education,2.8
45,education.gouv.fr,Science and Education > Education,1.9833333333333334
46,signupgenius.com,Science and Education > Education,2.8166666666666664
47,cherrycreekschools.org,Science and Education > Education,8.783333333333333
48,nsportal.ru,Science and Education > Education,3.716666666666667
49,padlet.com,Science and Education > Education,4.7
50,selfstudys.com,Science and Education > Education,4.95
1,usda.gov,Science and Education > Environmental Science,3.0166666666666666
2,earth.com,Science and Education > Environmental Science,1.55
3,scielo.org.mx,Science and Education > Environmental Science,1.9166666666666665
4,udocz.com,Science and Education > Environmental Science,2.533333333333333
5,usherbrooke.ca,Science and Education > Environmental Science,5.466666666666667
6,ewg.org,Science and Education > Environmental Science,2.783333333333333
7,cnrs.fr,Science and Education > Environmental Science,4.35
8,kuleuven.cloud,Science and Education > Environmental Science,7.5
9,ibge.gov.br,Science and Education > Environmental Science,4.983333333333333
10,scielo.org.co,Science and Education > Environmental Science,1.8
11,dost.gov.ph,Science and Education > Environmental Science,1.8166666666666667
12,cas.cn,Science and Education > Environmental Science,3.0166666666666666
13,nabu.de,Science and Education > Environmental Science,1.45
14,greenpeace.org,Science and Education > Environmental Science,1.4833333333333334
15,world.org,Science and Education > Environmental Science,1.8333333333333335
16,ecoportal.net,Science and Education > Environmental Science,1.1333333333333333
17,worldanimalfoundation.org,Science and Education > Environmental Science,1.5333333333333332
18,ecologiaverde.com,Science and Education > Environmental Science,3.2
19,worldwildlife.org,Science and Education > Environmental Science,1.3166666666666667
20,icar.gov.in,Science and Education > Environmental Science,6.566666666666666
21,mongabay.com,Science and Education > Environmental Science,0.95
22,treehugger.com,Science and Education > Environmental Science,0.8666666666666667
23,fws.gov,Science and Education > Environmental Science,1.8166666666666667
24,miteco.gob.es,Science and Education > Environmental Science,2.5833333333333335
25,enbw.com,Science and Education > Environmental Science,3.5666666666666664
26,memberclicks.net,Science and Education > Environmental Science,2.9833333333333334
27,cas.cz,Science and Education > Environmental Science,4.916666666666667
28,conicet.gov.ar,Science and Education > Environmental Science,4.5
29,nature.org,Science and Education > Environmental Science,1.6333333333333333
30,climate-data.org,Science and Education > Environmental Science,1.0
31,woodlandtrust.org.uk,Science and Education > Environmental Science,1.5833333333333335
32,nationalacademies.org,Science and Education > Environmental Science,2.0
33,concytec.gob.pe,Science and Education > Environmental Science,3.1166666666666667
34,slu.se,Science and Education > Environmental Science,3.95
35,australian.museum,Science and Education > Environmental Science,1.0666666666666667
36,zaragoza.es,Science and Education > Environmental Science,4.083333333333333
37,ucanr.edu,Science and Education > Environmental Science,1.2
38,nrdc.org,Science and Education > Environmental Science,1.7
39,earth.org,Science and Education > Environmental Science,1.1
40,dnv.com,Science and Education > Environmental Science,4.083333333333333
41,ewisa.co.za,Science and Education > Environmental Science,1.3166666666666667
42,climate.gov,Science and Education > Environmental Science,0.9666666666666667
43,acciona.com,Science and Education > Environmental Science,0.8666666666666667
44,ajol.info,Science and Education > Environmental Science,0.95
45,greenmatters.com,Science and Education > Environmental Science,0.6666666666666666
46,framaforms.org,Science and Education > Environmental Science,4.016666666666667
47,ipcc.ch,Science and Education > Environmental Science,2.05
48,nwf.org,Science and Education > Environmental Science,0.85
49,obmep.org.br,Science and Education > Environmental Science,6.366666666666666
50,frontlinewildfire.com,Science and Education > Environmental Science,0.8166666666666667
1,sparxmaths.com,Science and Education > Grants Scholarships and Financial Aid,1.4833333333333334
2,youthopportunitieshub.com,Science and Education > Grants Scholarships and Financial Aid,2.8
3,txst.edu,Science and Education > Grants Scholarships and Financial Aid,2.1
4,bold.org,Science and Education > Grants Scholarships and Financial Aid,3.716666666666667
5,daadscholarship.com,Science and Education > Grants Scholarships and Financial Aid,1.1
6,scholarshipuniverse.com,Science and Education > Grants Scholarships and Financial Aid,5.5
7,scholarships.com,Science and Education > Grants Scholarships and Financial Aid,4.0
8,fastweb.com,Science and Education > Grants Scholarships and Financial Aid,2.8833333333333333
9,scholarships365.info,Science and Education > Grants Scholarships and Financial Aid,2.2
10,scholarshipdb.net,Science and Education > Grants Scholarships and Financial Aid,3.066666666666667
11,webportalapp.com,Science and Education > Grants Scholarships and Financial Aid,5.133333333333334
12,opportunitydesk.org,Science and Education > Grants Scholarships and Financial Aid,1.5
13,chevening.org,Science and Education > Grants Scholarships and Financial Aid,1.9333333333333333
14,awardspring.com,Science and Education > Grants Scholarships and Financial Aid,3.966666666666667
15,mykaleidoscope.com,Science and Education > Grants Scholarships and Financial Aid,5.5
16,scholarshipowl.com,Science and Education > Grants Scholarships and Financial Aid,2.6833333333333336
17,scholarsapply.org,Science and Education > Grants Scholarships and Financial Aid,4.416666666666667
18,sallie.com,Science and Education > Grants Scholarships and Financial Aid,2.15
19,scholarshiproar.com,Science and Education > Grants Scholarships and Financial Aid,1.1166666666666667
20,scholarshipsads.com,Science and Education > Grants Scholarships and Financial Aid,1.4
21,campuscommunicator.com,Science and Education > Grants Scholarships and Financial Aid,1.1166666666666667
22,studyaustralia.gov.au,Science and Education > Grants Scholarships and Financial Aid,1.55
23,gatescambridge.org,Science and Education > Grants Scholarships and Financial Aid,0.8
24,opportunitiespedia.com,Science and Education > Grants Scholarships and Financial Aid,0.7833333333333333
25,universityguru.com,Science and Education > Grants Scholarships and Financial Aid,1.05
26,fellowshipbard.com,Science and Education > Grants Scholarships and Financial Aid,1.4
27,opportunitiesforafricans.com,Science and Education > Grants Scholarships and Financial Aid,1.8666666666666667
28,communityforce.com,Science and Education > Grants Scholarships and Financial Aid,6.8
29,utahtech.edu,Science and Education > Grants Scholarships and Financial Aid,2.3833333333333333
30,fcdo.gov.uk,Science and Education > Grants Scholarships and Financial Aid,1.05
31,scholars4dev.com,Science and Education > Grants Scholarships and Financial Aid,1.8333333333333335
32,vigilearnlms.com,Science and Education > Grants Scholarships and Financial Aid,5.6
33,fafsa.gov,Science and Education > Grants Scholarships and Financial Aid,0.05
34,afterschoolafrica.com,Science and Education > Grants Scholarships and Financial Aid,0.9666666666666667
35,iefa.org,Science and Education > Grants Scholarships and Financial Aid,1.2
36,ascentfunding.com,Science and Education > Grants Scholarships and Financial Aid,2.7666666666666666
37,uncf.org,Science and Education > Grants Scholarships and Financial Aid,3.6
38,gilmanscholarship.org,Science and Education > Grants Scholarships and Financial Aid,1.5833333333333335
39,globalscholarships.com,Science and Education > Grants Scholarships and Financial Aid,1.2666666666666666
40,elmin7a.com,Science and Education > Grants Scholarships and Financial Aid,0.95
41,unischolars.com,Science and Education > Grants Scholarships and Financial Aid,2.6666666666666665
42,ubastudent.online,Science and Education > Grants Scholarships and Financial Aid,2.6666666666666665
43,meindaad.de,Science and Education > Grants Scholarships and Financial Aid,2.5
44,oyaop.com,Science and Education > Grants Scholarships and Financial Aid,0.8666666666666667
45,paradigmshift.com.pk,Science and Education > Grants Scholarships and Financial Aid,2.4
46,usefp.org,Science and Education > Grants Scholarships and Financial Aid,1.6166666666666667
47,cdm.edu.eg,Science and Education > Grants Scholarships and Financial Aid,2.8166666666666664
48,pickascholarship.com,Science and Education > Grants Scholarships and Financial Aid,1.8166666666666667
49,nationalhonorsociety.org,Science and Education > Grants Scholarships and Financial Aid,1.45
50,bayer-foundation.com,Science and Education > Grants Scholarships and Financial Aid,1.2833333333333332
1,archives.gov,Science and Education > History,2.3333333333333335
2,worldhistory.org,Science and Education > History,4.866666666666667
3,alternatehistory.com,Science and Education > History,8.183333333333334
4,cervantesvirtual.com,Science and Education > History,1.8
5,ducksters.com,Science and Education > History,2.85
6,histrf.ru,Science and Education > History,1.25
7,historianet.nl,Science and Education > History,2.7333333333333334
8,historyquiz.com,Science and Education > History,3.716666666666667
9,besthistorysites.net,Science and Education > History,1.1666666666666667
10,nationalww2museum.org,Science and Education > History,1.15
11,timetoast.com,Science and Education > History,2.1333333333333333
12,annefrank.org,Science and Education > History,1.7833333333333332
13,freeupsc.org,Science and Education > History,2.75
14,history.go.kr,Science and Education > History,3.183333333333333
15,westpoint.edu,Science and Education > History,2.4166666666666665
16,smarthistory.org,Science and Education > History,2.6833333333333336
17,battlefields.org,Science and Education > History,1.35
18,historyextra.com,Science and Education > History,0.8166666666666667
19,vle.lt,Science and Education > History,2.066666666666667
20,diletant.media,Science and Education > History,1.3333333333333333
21,historyhit.com,Science and Education > History,0.7833333333333333
22,edelvivesdigitalplus.com,Science and Education > History,4.733333333333333
23,whitehousehistory.org,Science and Education > History,0.7333333333333333
24,mountvernon.org,Science and Education > History,1.55
25,millercenter.org,Science and Education > History,1.2833333333333332
26,deutsche-digitale-bibliothek.de,Science and Education > History,1.65
27,americanyawp.com,Science and Education > History,4.4
28,biografiasyvidas.com,Science and Education > History,2.5166666666666666
29,historic-uk.com,Science and Education > History,0.8333333333333334
30,neh.gov,Science and Education > History,3.3833333333333333
31,bushoojapan.com,Science and Education > History,4.666666666666667
32,sutori.com,Science and Education > History,1.4166666666666667
33,womenshistory.org,Science and Education > History,1.2
34,medievalists.net,Science and Education > History,1.1
35,gilderlehrman.org,Science and Education > History,1.1833333333333333
36,cubicol.pe,Science and Education > History,9.65
37,ciekawostkihistoryczne.pl,Science and Education > History,2.3
38,facinghistory.org,Science and Education > History,1.0333333333333334
39,cruiserx.net,Science and Education > History,0.6166666666666667
40,studentontask.com,Science and Education > History,7.833333333333333
41,ushistory.org,Science and Education > History,1.55
42,historynet.com,Science and Education > History,0.8333333333333334
43,dp.la,Science and Education > History,2.033333333333333
44,herodote.net,Science and Education > History,3.5
45,theholocaustexplained.org,Science and Education > History,0.9833333333333333
46,alphahistory.com,Science and Education > History,1.1666666666666667
47,dar.org,Science and Education > History,9.033333333333333
48,navigium.de,Science and Education > History,9.333333333333334
49,tshaonline.org,Science and Education > History,1.6
50,nzhistory.govt.nz,Science and Education > History,1.4333333333333333
1,1000kitap.com,Science and Education > Literature,5.233333333333333
2,booknode.com,Science and Education > Literature,3.95
3,allpoetry.com,Science and Education > Literature,2.5166666666666666
4,penguinlibros.com,Science and Education > Literature,1.2666666666666666
5,lovelybooks.de,Science and Education > Literature,2.183333333333333
6,turkedebiyati.org,Science and Education > Literature,1.95
7,mamalisa.com,Science and Education > Literature,0.7333333333333333
8,bookbrowse.com,Science and Education > Literature,0.8
9,literatura.us,Science and Education > Literature,1.3166666666666667
10,randomhouse.com,Science and Education > Literature,1.8833333333333333
11,lecturia.org,Science and Education > Literature,1.4833333333333334
12,yourdailypoem.com,Science and Education > Literature,0.7166666666666667
13,thrillercafe.it,Science and Education > Literature,1.0833333333333333
14,pensieriparole.it,Science and Education > Literature,1.4333333333333333
15,michaelconnelly.com,Science and Education > Literature,1.0333333333333334
16,poetryinvoice.ca,Science and Education > Literature,2.0
17,isbndb.com,Science and Education > Literature,1.35
18,hyaenidae.narod.ru,Science and Education > Literature,1.6833333333333333
19,skazkaplus.ru,Science and Education > Literature,5.983333333333333
20,poetrysociety.org,Science and Education > Literature,0.9666666666666667
21,bookpage.com,Science and Education > Literature,0.6666666666666666
22,k-12readinglist.com,Science and Education > Literature,0.7166666666666667
23,letralia.com,Science and Education > Literature,0.7666666666666667
24,readinggroupguides.com,Science and Education > Literature,1.0166666666666666
25,vseskazki.su,Science and Education > Literature,0.8
26,folklore.ee,Science and Education > Literature,0.9166666666666666
27,booklistonline.com,Science and Education > Literature,2.35
28,ruverses.com,Science and Education > Literature,2.8166666666666664
29,aynitap.com,Science and Education > Literature,0.5333333333333333
30,detskiychas.ru,Science and Education > Literature,2.216666666666667
31,espoesia.com,Science and Education > Literature,2.75
32,poemario.com,Science and Education > Literature,1.15
33,syndetics.com,Science and Education > Literature,0.4666666666666667
34,oraltradition.org,Science and Education > Literature,1.0666666666666667
35,simplykalaa.com,Science and Education > Literature,1.0166666666666666
36,this-camp.blogspot.com,Science and Education > Literature,
37,towerofthehand.com,Science and Education > Literature,1.2
38,dunenovels.com,Science and Education > Literature,1.1666666666666667
39,bernardcornwell.net,Science and Education > Literature,0.7333333333333333
40,the-instillery.com,Science and Education > Literature,0.6166666666666667
41,tolstoytherapy.com,Science and Education > Literature,1.4833333333333334
42,thebookbag.co.uk,Science and Education > Literature,0.36666666666666664
43,rialta.org,Science and Education > Literature,0.8166666666666667
44,bookishwayfarer.com,Science and Education > Literature,0.31666666666666665
45,rewirethewest.com,Science and Education > Literature,1.7166666666666668
46,alaindebotton.com,Science and Education > Literature,0.48333333333333334
47,sivir.ru,Science and Education > Literature,1.0833333333333333
48,turnerstories.com,Science and Education > Literature,0.5833333333333334
49,chinesefolklore.org.cn,Science and Education > Literature,0.5
50,materialdeconsultaib.wordpress.com,Science and Education > Literature,1.45
1,calculator.net,Science and Education > Math,2.85
2,doubtnut.com,Science and Education > Math,4.583333333333333
3,desmos.com,Science and Education > Math,2.9
4,overleaf.com,Science and Education > Math,5.466666666666667
5,omnicalculator.com,Science and Education > Math,1.0833333333333333
6,gauthmath.com,Science and Education > Math,3.4833333333333334
7,gradescope.com,Science and Education > Math,5.716666666666667
8,webassign.net,Science and Education > Math,18.766666666666666
9,calculatorsoup.com,Science and Education > Math,3.066666666666667
10,symbolab.com,Science and Education > Math,5.433333333333334
11,studyx.ai,Science and Education > Math,3.2
12,mathworks.com,Science and Education > Math,6.933333333333334
13,cuemath.com,Science and Education > Math,1.7833333333333332
14,edstem.org,Science and Education > Math,6.65
15,studyflix.de,Science and Education > Math,6.966666666666667
16,ethz.ch,Science and Education > Math,6.266666666666667
17,mathsgenie.co.uk,Science and Education > Math,6.0
18,zybooks.com,Science and Education > Math,12.75
19,convertunits.com,Science and Education > Math,0.8833333333333333
20,youmath.it,Science and Education > Math,3.6
21,arkusze.pl,Science and Education > Math,4.416666666666667
22,univ-lyon1.fr,Science and Education > Math,6.166666666666667
23,cerebry.co,Science and Education > Math,17.233333333333334
24,educationperfect.com,Science and Education > Math,8.516666666666667
25,brilliant.org,Science and Education > Math,3.9833333333333334
26,myopenmath.com,Science and Education > Math,14.616666666666667
27,studydrive.net,Science and Education > Math,6.95
28,mathspace.co,Science and Education > Math,9.8
29,numerade.com,Science and Education > Math,1.15
30,r-project.org,Science and Education > Math,2.066666666666667
31,calculator.academy,Science and Education > Math,1.05
32,socratic.org,Science and Education > Math,0.7
33,wolfram.com,Science and Education > Math,2.15
34,registroelettronico.com,Science and Education > Math,5.983333333333333
35,planetcalc.com,Science and Education > Math,0.9833333333333333
36,posit.co,Science and Education > Math,1.8666666666666667
37,miniwebtool.com,Science and Education > Math,1.8333333333333335
38,somatematica.com.br,Science and Education > Math,3.966666666666667
39,dataporten.no,Science and Education > Math,0.9
40,matemaks.pl,Science and Education > Math,2.6333333333333333
41,bibmath.net,Science and Education > Math,2.533333333333333
42,cke.gov.pl,Science and Education > Math,2.4
43,integral-calculator.com,Science and Education > Math,1.55
44,mathgptpro.com,Science and Education > Math,2.8333333333333335
45,univ-toulouse.fr,Science and Education > Math,3.9166666666666665
46,letsjerk.tv,Science and Education > Math,4.7
47,cahier-de-prepa.fr,Science and Education > Math,3.25
48,univ-rennes1.fr,Science and Education > Math,4.9
49,math-gpt.org,Science and Education > Math,3.6333333333333333
50,statology.org,Science and Education > Math,1.1166666666666667
1,lesswrong.com,Science and Education > Philosophy,3.1
2,philpapers.org,Science and Education > Philosophy,2.1
3,anthiago.com,Science and Education > Philosophy,1.7833333333333332
4,fivebooks.com,Science and Education > Philosophy,1.0833333333333333
5,philpeople.org,Science and Education > Philosophy,2.95
6,monoskop.org,Science and Education > Philosophy,0.7833333333333333
7,effectivealtruism.org,Science and Education > Philosophy,3.5666666666666664
8,philarchive.org,Science and Education > Philosophy,0.8
9,leiterreports.typepad.com,Science and Education > Philosophy,3.7
10,theanarchistlibrary.org,Science and Education > Philosophy,2.2333333333333334
11,singlelogin.re,Science and Education > Philosophy,0.5833333333333334
12,uqac.ca,Science and Education > Philosophy,4.983333333333333
13,philomag.com,Science and Education > Philosophy,1.3833333333333333
14,major-prepa.com,Science and Education > Philosophy,2.95
15,zlibrary.pt,Science and Education > Philosophy,1.0166666666666666
16,safe.ai,Science and Education > Philosophy,2.7
17,dreammoods.com,Science and Education > Philosophy,2.1333333333333333
18,dailynous.com,Science and Education > Philosophy,1.4
19,philosopherscocoon.typepad.com,Science and Education > Philosophy,5.116666666666666
20,thepointmag.com,Science and Education > Philosophy,2.466666666666667
21,poesialatina.it,Science and Education > Philosophy,3.3666666666666667
22,clearerthinking.org,Science and Education > Philosophy,2.4833333333333334
23,dwarkeshpatel.com,Science and Education > Philosophy,1.7
24,thenewatlantis.com,Science and Education > Philosophy,1.7833333333333332
25,loebclassics.com,Science and Education > Philosophy,5.716666666666667
26,philosophynow.org,Science and Education > Philosophy,3.216666666666667
27,herdereditorial.com,Science and Education > Philosophy,1.0333333333333334
28,asteriskmag.com,Science and Education > Philosophy,4.8
29,philjobs.org,Science and Education > Philosophy,2.8
30,3quarksdaily.com,Science and Education > Philosophy,0.6333333333333333
31,puter.com,Science and Education > Philosophy,1.7333333333333334
32,euppublishing.com,Science and Education > Philosophy,1.0333333333333334
33,filosofia.org,Science and Education > Philosophy,1.0833333333333333
34,traficantes.net,Science and Education > Philosophy,0.5333333333333333
35,ecoleenligne.be,Science and Education > Philosophy,4.116666666666666
36,filco.es,Science and Education > Philosophy,1.0666666666666667
37,newbooksnetwork.com,Science and Education > Philosophy,3.45
38,myndighetspost.se,Science and Education > Philosophy,2.8166666666666664
39,alianzaeditorial.es,Science and Education > Philosophy,1.1333333333333333
40,pdcnet.org,Science and Education > Philosophy,0.95
41,philosophybreak.com,Science and Education > Philosophy,1.3333333333333333
42,euston96.com,Science and Education > Philosophy,1.6833333333333333
43,seuil.com,Science and Education > Philosophy,1.0
44,aynrand.org,Science and Education > Philosophy,1.9666666666666668
45,mediaclasse.fr,Science and Education > Philosophy,3.3666666666666667
46,misterprepa.net,Science and Education > Philosophy,0.9166666666666666
47,academyofideas.com,Science and Education > Philosophy,1.6166666666666667
48,platona.net,Science and Education > Philosophy,6.016666666666667
49,akal.com,Science and Education > Philosophy,5.05
50,alignmentforum.org,Science and Education > Philosophy,1.05
1,iop.org,Science and Education > Physics,2.1333333333333333
2,cern.ch,Science and Education > Physics,4.916666666666667
3,aps.org,Science and Education > Physics,3.8666666666666667
4,mpg.de,Science and Education > Physics,4.25
5,aip.org,Science and Education > Physics,2.2666666666666666
6,smodin.io,Science and Education > Physics,2.5833333333333335
7,caltech.edu,Science and Education > Physics,2.25
8,clarivate.cn,Science and Education > Physics,9.883333333333333
9,quantamagazine.org,Science and Education > Physics,1.4166666666666667
10,optica.org,Science and Education > Physics,3.6666666666666665
11,yesmovies.mn,Science and Education > Physics,6.333333333333333
12,pw.edu.pl,Science and Education > Physics,6.533333333333333
13,research.gov,Science and Education > Physics,3.1
14,inspirehep.net,Science and Education > Physics,3.4166666666666665
15,mephi.ru,Science and Education > Physics,3.4
16,physicsclassroom.com,Science and Education > Physics,2.6666666666666665
17,theexpertta.com,Science and Education > Physics,5.65
18,pdfdrive.to,Science and Education > Physics,1.9333333333333333
19,mipt.ru,Science and Education > Physics,3.5
20,nsu.ru,Science and Education > Physics,2.25
21,leifiphysik.de,Science and Education > Physics,3.65
22,askaichat.app,Science and Education > Physics,2.65
23,physicsforums.com,Science and Education > Physics,0.8833333333333333
24,infn.it,Science and Education > Physics,8.5
25,jlab.com,Science and Education > Physics,1.8166666666666667
26,isaacphysics.org,Science and Education > Physics,9.716666666666667
27,thorlabs.com,Science and Education > Physics,4.2
28,sciencing.com,Science and Education > Physics,0.85
29,lbl.gov,Science and Education > Physics,2.8833333333333333
30,comsol.com,Science and Education > Physics,3.216666666666667
31,univ-lemans.fr,Science and Education > Physics,5.05
32,test-uz.ru,Science and Education > Physics,3.033333333333333
33,thequantuminsider.com,Science and Education > Physics,1.5666666666666667
34,imperiallondon-my.sharepoint.com,Science and Education > Physics,5.0
35,ictp.it,Science and Education > Physics,2.4333333333333336
36,nsfc.cn,Science and Education > Physics,7.45
37,originlab.com,Science and Education > Physics,2.9166666666666665
38,xblqugex.cc,Science and Education > Physics,5.55
39,tifr.res.in,Science and Education > Physics,2.6
40,fisicalab.com,Science and Education > Physics,2.75
41,cfd-online.com,Science and Education > Physics,1.8666666666666667
42,bnl.gov,Science and Education > Physics,8.266666666666667
43,simpleclub.com,Science and Education > Physics,2.3666666666666667
44,animehay.de,Science and Education > Physics,0.8166666666666667
45,physicsworld.com,Science and Education > Physics,0.9666666666666667
46,desy.de,Science and Education > Physics,3.533333333333333
47,uec.ac.jp,Science and Education > Physics,5.033333333333333
48,electricity-magnetism.org,Science and Education > Physics,0.43333333333333335
49,zftsh.online,Science and Education > Physics,4.566666666666666
50,icourse.club,Science and Education > Physics,3.4333333333333336
1,archive.org,Science and Education > Science and Education - Other,4.6
2,researchgate.net,Science and Education > Science and Education - Other,4.05
3,quillbot.com,Science and Education > Science and Education - Other,4.283333333333333
4,wiley.com,Science and Education > Science and Education - Other,5.033333333333333
5,naturecaptions.com,Science and Education > Science and Education - Other,21.2
6,nasa.gov,Science and Education > Science and Education - Other,3.2333333333333334
7,mdpi.com,Science and Education > Science and Education - Other,3.45
8,livescience.com,Science and Education > Science and Education - Other,0.95
9,cnki.net,Science and Education > Science and Education - Other,7.933333333333334
10,ieee.org,Science and Education > Science and Education - Other,4.716666666666667
11,scitechdaily.com,Science and Education > Science and Education - Other,1.1166666666666667
12,openathens.net,Science and Education > Science and Education - Other,3.0833333333333335
13,stayfocusd.com,Science and Education > Science and Education - Other,3.6166666666666667
14,jst.go.jp,Science and Education > Science and Education - Other,3.066666666666667
15,libgen.is,Science and Education > Science and Education - Other,3.1666666666666665
16,sci-hub.se,Science and Education > Science and Education - Other,4.533333333333333
17,phys.org,Science and Education > Science and Education - Other,1.3
18,cyberleninka.ru,Science and Education > Science and Education - Other,3.1666666666666665
19,science.org,Science and Education > Science and Education - Other,2.283333333333333
20,futura-sciences.com,Science and Education > Science and Education - Other,0.8333333333333334
21,orcid.org,Science and Education > Science and Education - Other,2.7
22,wordcounter.net,Science and Education > Science and Education - Other,1.8
23,studwork.ru,Science and Education > Science and Education - Other,6.383333333333334
24,yumpu.com,Science and Education > Science and Education - Other,1.3666666666666667
25,semanticscholar.org,Science and Education > Science and Education - Other,2.35
26,manuscriptcentral.com,Science and Education > Science and Education - Other,5.566666666666666
27,ulaval.ca,Science and Education > Science and Education - Other,7.233333333333333
28,duplichecker.com,Science and Education > Science and Education - Other,2.8166666666666664
29,umontreal.ca,Science and Education > Science and Education - Other,7.966666666666667
30,redalyc.org,Science and Education > Science and Education - Other,2.6833333333333336
31,bis.edu.iq,Science and Education > Science and Education - Other,5.916666666666667
32,ted.com,Science and Education > Science and Education - Other,2.8833333333333333
33,howstuffworks.com,Science and Education > Science and Education - Other,1.3833333333333333
34,thecalculatorsite.com,Science and Education > Science and Education - Other,1.25
35,brainly.ph,Science and Education > Science and Education - Other,4.133333333333334
36,dergipark.org.tr,Science and Education > Science and Education - Other,3.283333333333333
37,cnpq.br,Science and Education > Science and Education - Other,7.016666666666667
38,u-tokyo.ac.jp,Science and Education > Science and Education - Other,4.466666666666667
39,tudelft.nl,Science and Education > Science and Education - Other,8.233333333333333
40,ugent.be,Science and Education > Science and Education - Other,8.233333333333333
41,taylorfrancis.com,Science and Education > Science and Education - Other,1.85
42,unitconverters.net,Science and Education > Science and Education - Other,0.8833333333333333
43,eduid.ch,Science and Education > Science and Education - Other,1.6333333333333333
44,muni.cz,Science and Education > Science and Education - Other,6.933333333333334
45,scientificamerican.com,Science and Education > Science and Education - Other,1.0333333333333334
46,alldatasheet.com,Science and Education > Science and Education - Other,2.6833333333333336
47,tsinghua.edu.cn,Science and Education > Science and Education - Other,4.116666666666666
48,bg.ac.rs,Science and Education > Science and Education - Other,1.5833333333333335
49,pku.edu.cn,Science and Education > Science and Education - Other,5.1
50,researchmap.jp,Science and Education > Science and Education - Other,2.783333333333333
1,elsevier.com,Science and Education > Social Sciences,3.6
2,naurok.com.ua,Science and Education > Social Sciences,5.116666666666666
3,nz.ua,Science and Education > Social Sciences,7.85
4,jstor.org,Science and Education > Social Sciences,4.0
5,ksu.edu.sa,Science and Education > Social Sciences,2.25
6,sagepub.com,Science and Education > Social Sciences,2.95
7,apa.org,Science and Education > Social Sciences,2.5666666666666664
8,vseosvita.ua,Science and Education > Social Sciences,4.2
9,smhi.se,Science and Education > Social Sciences,1.3333333333333333
10,1lib.sk,Science and Education > Social Sciences,7.866666666666667
11,mrkoll.se,Science and Education > Social Sciences,2.0
12,timeedit.net,Science and Education > Social Sciences,4.633333333333333
13,cloud.timeedit.net,Science and Education > Social Sciences,4.75
14,geo.de,Science and Education > Social Sciences,1.0333333333333334
15,italki.com,Science and Education > Social Sciences,5.316666666666666
16,cairn.info,Science and Education > Social Sciences,3.3166666666666664
17,duunitori.fi,Science and Education > Social Sciences,3.5666666666666664
18,human.ua,Science and Education > Social Sciences,9.083333333333334
19,ssrn.com,Science and Education > Social Sciences,2.1
20,grandid.com,Science and Education > Social Sciences,1.3
21,shkola.in.ua,Science and Education > Social Sciences,2.183333333333333
22,gramota.ru,Science and Education > Social Sciences,2.4166666666666665
23,weforum.org,Science and Education > Social Sciences,1.3666666666666667
24,uw.edu.pl,Science and Education > Social Sciences,4.033333333333333
25,pidruchnyk.com.ua,Science and Education > Social Sciences,4.133333333333334
26,fastighetsbyran.com,Science and Education > Social Sciences,3.3333333333333335
27,stockholm.se,Science and Education > Social Sciences,4.5
28,eiken.or.jp,Science and Education > Social Sciences,5.483333333333333
29,merinfo.se,Science and Education > Social Sciences,3.216666666666667
30,oncf.ma,Science and Education > Social Sciences,2.65
31,finna.fi,Science and Education > Social Sciences,3.033333333333333
32,textometr.ru,Science and Education > Social Sciences,2.45
33,psytests.org,Science and Education > Social Sciences,5.016666666666667
34,elte.hu,Science and Education > Social Sciences,5.466666666666667
35,trafikverket.se,Science and Education > Social Sciences,4.933333333333334
36,schoolsoft.se,Science and Education > Social Sciences,4.033333333333333
37,esri.com,Science and Education > Social Sciences,3.783333333333333
38,helsinki.fi,Science and Education > Social Sciences,5.716666666666667
39,unicaen.fr,Science and Education > Social Sciences,6.366666666666666
40,8next.com,Science and Education > Social Sciences,3.4333333333333336
41,foreignaffairs.com,Science and Education > Social Sciences,1.75
42,korean.go.kr,Science and Education > Social Sciences,5.2
43,goteborg.se,Science and Education > Social Sciences,2.7666666666666666
44,bremen.de,Science and Education > Social Sciences,3.716666666666667
45,nationalgeographic.fr,Science and Education > Social Sciences,0.8666666666666667
46,ourworldindata.org,Science and Education > Social Sciences,2.2666666666666666
47,tabroom.com,Science and Education > Social Sciences,11.833333333333334
48,routledge.com,Science and Education > Social Sciences,1.2166666666666668
49,ine.es,Science and Education > Social Sciences,3.0166666666666666
50,persee.fr,Science and Education > Social Sciences,1.6333333333333333
1,nfl.com,Sports > American Football,2.3666666666666667
2,rugbyrama.fr,Sports > American Football,2.7
3,atozsports.com,Sports > American Football,0.9833333333333333
4,newsnationnow.com,Sports > American Football,1.6333333333333333
5,pro-football-reference.com,Sports > American Football,3.9166666666666665
6,afl.com.au,Sports > American Football,3.783333333333333
7,nrl.com,Sports > American Football,3.5833333333333335
8,philadelphiaeagles.com,Sports > American Football,2.0
9,profootballnetwork.com,Sports > American Football,1.8
10,dofustream.cloud,Sports > American Football,7.883333333333333
11,globle-game.com,Sports > American Football,2.283333333333333
12,elevenwarriors.com,Sports > American Football,7.7
13,bleedinggreennation.com,Sports > American Football,3.3333333333333335
14,steelersdepot.com,Sports > American Football,3.283333333333333
15,footballscoop.com,Sports > American Football,5.016666666666667
16,identity.gov.au,Sports > American Football,3.533333333333333
17,football.com,Sports > American Football,14.25
18,profootballrumors.com,Sports > American Football,3.7666666666666666
19,sportsmockery.com,Sports > American Football,1.6333333333333333
20,prideofdetroit.com,Sports > American Football,3.2
21,texags.com,Sports > American Football,10.35
22,cougarboard.com,Sports > American Football,12.35
23,arrowheadpride.com,Sports > American Football,2.7666666666666666
24,shawlocal.com,Sports > American Football,2.466666666666667
25,bigfooty.com,Sports > American Football,13.083333333333334
26,fieldgulls.com,Sports > American Football,4.616666666666667
27,league-one.jp,Sports > American Football,5.2
28,theplayoffs.news,Sports > American Football,1.15
29,nfltraderumors.co,Sports > American Football,2.9166666666666665
30,nbcsportsphiladelphia.com,Sports > American Football,1.7666666666666666
31,mut.gg,Sports > American Football,5.483333333333333
32,bloggingtheboys.com,Sports > American Football,3.6833333333333336
33,chiefs.com,Sports > American Football,1.1666666666666667
34,sspx.tech,Sports > American Football,35.11666666666667
35,49erswebzone.com,Sports > American Football,2.3333333333333335
36,ninersnation.com,Sports > American Football,2.6
37,sen.com.au,Sports > American Football,2.066666666666667
38,extensions-hub.com,Sports > American Football,0.05
39,tigernet.com,Sports > American Football,8.583333333333334
40,nfldraftbuzz.com,Sports > American Football,5.816666666666666
41,nflmockdraftdatabase.com,Sports > American Football,4.5
42,fbschedules.com,Sports > American Football,1.8
43,dallascowboys.com,Sports > American Football,1.9833333333333334
44,nfljapan.com,Sports > American Football,2.7
45,searchthatweb.com,Sports > American Football,0.7666666666666667
46,overthecap.com,Sports > American Football,3.2
47,bigblueview.com,Sports > American Football,3.533333333333333
48,empiresportsmedia.com,Sports > American Football,1.25
49,onrugby.it,Sports > American Football,2.65
50,tarheeltimes.com,Sports > American Football,2.9166666666666665
1,hochi.news,Sports > Baseball,0.8666666666666667
2,mlb.com,Sports > Baseball,5.666666666666667
3,mlbtraderumors.com,Sports > Baseball,4.416666666666667
4,nanjpride.blog.jp,Sports > Baseball,3.05
5,baseball-reference.com,Sports > Baseball,4.666666666666667
6,betman.co.kr,Sports > Baseball,8.4
7,lions-matome.com,Sports > Baseball,5.583333333333333
8,livejupiter2.blog.jp,Sports > Baseball,2.65
9,hanshintigers.jp,Sports > Baseball,4.066666666666666
10,npb.jp,Sports > Baseball,1.3833333333333333
11,fangraphs.com,Sports > Baseball,5.333333333333333
12,immaculategrid.com,Sports > Baseball,5.483333333333333
13,baseball-mag.net,Sports > Baseball,4.466666666666667
14,bleachernation.com,Sports > Baseball,2.3
15,orical.jp,Sports > Baseball,1.5
16,mlbshop.com,Sports > Baseball,2.966666666666667
17,milb.com,Sports > Baseball,2.6666666666666665
18,yakult-swallows.co.jp,Sports > Baseball,3.6333333333333333
19,pilio.idv.tw,Sports > Baseball,2.183333333333333
20,sports.ettoday.net,Sports > Baseball,1.65
21,giants.jp,Sports > Baseball,4.166666666666667
22,fighters.co.jp,Sports > Baseball,3.55
23,baystars.co.jp,Sports > Baseball,4.666666666666667
24,topps.com,Sports > Baseball,2.3666666666666667
25,softbankhawks.co.jp,Sports > Baseball,4.8
26,perfectgame.org,Sports > Baseball,3.6833333333333336
27,sportsv.net,Sports > Baseball,3.3833333333333333
28,bluejaysinsider.com,Sports > Baseball,1.4
29,fighters-kingdom.blog.jp,Sports > Baseball,1.8833333333333333
30,tsubamesoku.blog.jp,Sports > Baseball,3.1333333333333333
31,koshien-qr.com,Sports > Baseball,10.666666666666666
32,amazinavenue.com,Sports > Baseball,7.066666666666666
33,nanjde.blog.jp,Sports > Baseball,2.3
34,sny.tv,Sports > Baseball,1.85
35,baseballchannel.jp,Sports > Baseball,1.3166666666666667
36,buffaloes.co.jp,Sports > Baseball,2.8166666666666664
37,marines.co.jp,Sports > Baseball,3.3333333333333335
38,albat.com,Sports > Baseball,1.05
39,dodgersnation.com,Sports > Baseball,1.2666666666666666
40,dragons.jp,Sports > Baseball,2.7333333333333334
41,seibulions.jp,Sports > Baseball,4.166666666666667
42,d1baseball.com,Sports > Baseball,7.616666666666667
43,doshinsports.com,Sports > Baseball,2.05
44,yanksgoyard.com,Sports > Baseball,0.8
45,rakuteneagles.jp,Sports > Baseball,2.9
46,baseballamerica.com,Sports > Baseball,1.6166666666666667
47,carp.co.jp,Sports > Baseball,4.266666666666667
48,gc.com,Sports > Baseball,3.716666666666667
49,spocale.com,Sports > Baseball,0.95
50,batterypower.com,Sports > Baseball,4.65
1,nba.com,Sports > Basketball,2.8833333333333333
2,basketball-reference.com,Sports > Basketball,3.8833333333333333
3,hoopshype.com,Sports > Basketball,1.6833333333333333
4,titan007.com,Sports > Basketball,18.666666666666668
5,basketusa.com,Sports > Basketball,3.1
6,pirlotvonline.pl,Sports > Basketball,5.183333333333334
7,basketballnetwork.net,Sports > Basketball,1.0333333333333334
8,yoozhibo.net,Sports > Basketball,5.25
9,espn.com.au,Sports > Basketball,6.2
10,offergate-ecommerce-update6.com,Sports > Basketball,0.8333333333333334
11,krepsinis.net,Sports > Basketball,4.833333333333333
12,espn.ph,Sports > Basketball,6.05
13,1stream.eu,Sports > Basketball,5.366666666666666
14,acb.com,Sports > Basketball,3.2333333333333334
15,sportando.basketball,Sports > Basketball,3.8166666666666664
16,euroleaguebasketball.net,Sports > Basketball,1.8
17,nbaanalysis.net,Sports > Basketball,0.9166666666666666
18,basketnews.lt,Sports > Basketball,3.8166666666666664
19,trashtalk.co,Sports > Basketball,1.8166666666666667
20,hoopsrumors.com,Sports > Basketball,2.2666666666666666
21,tankathon.com,Sports > Basketball,1.8666666666666667
22,playhq.com,Sports > Basketball,4.333333333333333
23,sportsurge.to,Sports > Basketball,2.783333333333333
24,nbcsportsbayarea.com,Sports > Basketball,0.8833333333333333
25,eurohoops.net,Sports > Basketball,1.3666666666666667
26,nbabite.com,Sports > Basketball,3.15
27,bleague.jp,Sports > Basketball,4.7
28,epe.es,Sports > Basketball,1.0166666666666666
29,parlons-basket.com,Sports > Basketball,0.6833333333333333
30,mirror1.live,Sports > Basketball,6.933333333333334
31,fbref.com,Sports > Basketball,2.6
32,bvmsports.com,Sports > Basketball,0.7666666666666667
33,basketfaul.com.tr,Sports > Basketball,2.4166666666666665
34,sports.sina.cn,Sports > Basketball,4.05
35,gigantes.com,Sports > Basketball,0.26666666666666666
36,encestando.es,Sports > Basketball,1.9833333333333334
37,lakersnation.com,Sports > Basketball,1.05
38,pianetabasket.com,Sports > Basketball,2.3
39,silverscreenandroll.com,Sports > Basketball,2.1166666666666667
40,88kanqiu.me,Sports > Basketball,3.8666666666666667
41,rnbastreams.com,Sports > Basketball,3.533333333333333
42,basketballking.jp,Sports > Basketball,1.1
43,probasket.pl,Sports > Basketball,1.1666666666666667
44,basketball-video.com,Sports > Basketball,4.25
45,nbamaniacs.com,Sports > Basketball,2.3
46,lakersbrasil.com,Sports > Basketball,0.21666666666666667
47,thesmokingcuban.com,Sports > Basketball,0.8833333333333333
48,buffstream.io,Sports > Basketball,3.5833333333333335
49,basketnews.com,Sports > Basketball,2.1666666666666665
50,pickandroll.gr,Sports > Basketball,1.75
1,boxrec.com,Sports > Boxing,3.1166666666666667
2,secondsout.com,Sports > Boxing,0.75
3,boxingscene.com,Sports > Boxing,1.95
4,boxingnews24.com,Sports > Boxing,1.6333333333333333
5,allboxing.ru,Sports > Boxing,1.8333333333333335
6,vringe.com,Sports > Boxing,2.3666666666666667
7,sportsurge.best,Sports > Boxing,2.216666666666667
8,box.live,Sports > Boxing,1.25
9,ringmagazine.com,Sports > Boxing,1.6166666666666667
10,box-core.net,Sports > Boxing,9.75
11,badlefthook.com,Sports > Boxing,2.1
12,bokser.org,Sports > Boxing,2.65
13,fullfightreplays.com,Sports > Boxing,1.7
14,mmastreams.me,Sports > Boxing,4.85
15,boxmob.jp,Sports > Boxing,1.4333333333333333
16,boxing247.com,Sports > Boxing,0.7833333333333333
17,ringpolska.pl,Sports > Boxing,1.1
18,boxingforum24.com,Sports > Boxing,4.816666666666666
19,kbid.co.kr,Sports > Boxing,14.4
20,boxraw.com,Sports > Boxing,2.1333333333333333
21,premierboxingchampions.com,Sports > Boxing,0.6
22,titleboxing.com,Sports > Boxing,2.1333333333333333
23,fightnews.com,Sports > Boxing,1.3166666666666667
24,boxen1.com,Sports > Boxing,0.75
25,boxingnewsonline.net,Sports > Boxing,0.75
26,izquierdazo.com,Sports > Boxing,0.95
27,boxing-master.com,Sports > Boxing,1.2833333333333332
28,boxing.jp,Sports > Boxing,3.716666666666667
29,boxingstream.me,Sports > Boxing,3.4166666666666665
30,hayabusafight.com,Sports > Boxing,1.1333333333333333
31,ringside24.com,Sports > Boxing,1.6333333333333333
32,othboxing.com,Sports > Boxing,8.083333333333334
33,boxingnews.jp,Sports > Boxing,1.1
34,champinon.info,Sports > Boxing,0.4666666666666667
35,leone1947.com,Sports > Boxing,1.9333333333333333
36,wbaboxing.com,Sports > Boxing,1.0
37,fightmag.com,Sports > Boxing,0.6166666666666667
38,bigfightweekend.com,Sports > Boxing,0.6166666666666667
39,rdxsports.com,Sports > Boxing,0.7
40,wbcboxing.com,Sports > Boxing,0.5833333333333334
41,fightnews.info,Sports > Boxing,1.2666666666666666
42,soloboxeo.com,Sports > Boxing,1.1
43,made4fighters.com,Sports > Boxing,0.6833333333333333
44,worldboxingnews.net,Sports > Boxing,0.38333333333333336
45,titleboxingclub.com,Sports > Boxing,0.8666666666666667
46,profiboksz.hu,Sports > Boxing,1.55
47,versusbox.ru,Sports > Boxing,3.85
48,karate.ru,Sports > Boxing,0.8166666666666667
49,keviniole.com,Sports > Boxing,2.966666666666667
50,ppv.com,Sports > Boxing,0.8666666666666667
1,ukclimbing.com,Sports > Climbing,5.633333333333333
2,gazzettadimodena.it,Sports > Climbing,1.3
3,mountainproject.com,Sports > Climbing,3.7333333333333334
4,loto.lt,Sports > Climbing,4.733333333333333
5,mountain-forecast.com,Sports > Climbing,1.4
6,rockgympro.com,Sports > Climbing,3.066666666666667
7,skitour.fr,Sports > Climbing,2.75
8,camptocamp.org,Sports > Climbing,4.066666666666666
9,thecrag.com,Sports > Climbing,3.4166666666666665
10,climbing.com,Sports > Climbing,1.3166666666666667
11,explorersweb.com,Sports > Climbing,1.1333333333333333
12,spotwx.com,Sports > Climbing,2.4
13,asiago.it,Sports > Climbing,2.3833333333333333
14,grinnellplans.com,Sports > Climbing,13.15
15,goodtrekking.it,Sports > Climbing,0.1
16,petzl.com,Sports > Climbing,2.05
17,gripped.com,Sports > Climbing,1.5166666666666666
18,sherpa-gate.com,Sports > Climbing,5.2
19,sac-cas.ch,Sports > Climbing,2.8666666666666667
20,8a.nu,Sports > Climbing,3.3333333333333335
21,livemomentous.com,Sports > Climbing,2.066666666666667
22,ortovox.com,Sports > Climbing,2.4833333333333334
23,lacrux.com,Sports > Climbing,1.9166666666666665
24,movementgyms.com,Sports > Climbing,1.6833333333333333
25,desnivel.com,Sports > Climbing,0.7166666666666667
26,alpin.de,Sports > Climbing,0.9333333333333333
27,skitourenguru.ch,Sports > Climbing,5.783333333333333
28,outdoorprolink.com,Sports > Climbing,4.466666666666667
29,summitpost.org,Sports > Climbing,1.7
30,montagna.tv,Sports > Climbing,0.7833333333333333
31,hikr.org,Sports > Climbing,1.9666666666666668
32,gipfelbuch.ch,Sports > Climbing,3.0166666666666666
33,bergsteigen.com,Sports > Climbing,2.1166666666666667
34,whiterisk.ch,Sports > Climbing,2.6166666666666667
35,boulderingproject.com,Sports > Climbing,2.85
36,rungne.com,Sports > Climbing,1.1166666666666667
37,vertical-life.info,Sports > Climbing,1.5666666666666667
38,avalanche.ca,Sports > Climbing,2.466666666666667
39,ukbouldering.com,Sports > Climbing,8.833333333333334
40,planetgrimpe.com,Sports > Climbing,1.15
41,approach.app,Sports > Climbing,4.3
42,planetmountain.com,Sports > Climbing,1.6833333333333333
43,ukhillwalking.com,Sports > Climbing,1.8333333333333335
44,touchstoneclimbing.com,Sports > Climbing,2.05
45,ffcam.fr,Sports > Climbing,3.2666666666666666
46,peakvisor.com,Sports > Climbing,0.95
47,nwac.us,Sports > Climbing,2.4833333333333334
48,grimper.com,Sports > Climbing,1.45
49,27crags.com,Sports > Climbing,2.1
50,bananafingers.co.uk,Sports > Climbing,2.6
1,procyclingstats.com,Sports > Cycling and Biking,7.833333333333333
2,komoot.com,Sports > Cycling and Biking,4.783333333333333
3,wielerflits.nl,Sports > Cycling and Biking,3.9833333333333334
4,pinkbike.com,Sports > Cycling and Biking,3.6333333333333333
5,canyon.com,Sports > Cycling and Biking,4.05
6,adnx.de,Sports > Cycling and Biking,2.15
7,trekbikes.com,Sports > Cycling and Biking,3.3833333333333333
8,cyclingnews.com,Sports > Cycling and Biking,2.283333333333333
9,specialized.com,Sports > Cycling and Biking,3.5166666666666666
10,road.cc,Sports > Cycling and Biking,1.6833333333333333
11,bikeradar.com,Sports > Cycling and Biking,1.3
12,cyclingweekly.com,Sports > Cycling and Biking,1.15
13,indeleiderstrui.nl,Sports > Cycling and Biking,2.3
14,buycycle.com,Sports > Cycling and Biking,5.033333333333333
15,mtb-news.de,Sports > Cycling and Biking,4.25
16,cyclinguptodate.com,Sports > Cycling and Biking,2.4333333333333336
17,ysroad.co.jp,Sports > Cycling and Biking,3.2
18,feltet.dk,Sports > Cycling and Biking,3.45
19,giant-bicycles.com,Sports > Cycling and Biking,3.45
20,directvelo.com,Sports > Cycling and Biking,3.3833333333333333
21,cyclismactu.net,Sports > Cycling and Biking,2.6333333333333333
22,wielerkrant.be,Sports > Cycling and Biking,0.65
23,99bikes.com.au,Sports > Cycling and Biking,3.7666666666666666
24,ridewithgps.com,Sports > Cycling and Biking,4.616666666666667
25,bikepacking.com,Sports > Cycling and Biking,2.95
26,cube.eu,Sports > Cycling and Biking,3.533333333333333
27,mtbr.com,Sports > Cycling and Biking,2.15
28,rennrad-news.de,Sports > Cycling and Biking,5.133333333333334
29,bikeforums.net,Sports > Cycling and Biking,2.066666666666667
30,radsport-news.com,Sports > Cycling and Biking,3.55
31,baseballholics.net,Sports > Cycling and Biking,0.95
32,tuttobiciweb.it,Sports > Cycling and Biking,2.716666666666667
33,bicycling.com,Sports > Cycling and Biking,1.1
34,lectricebikes.com,Sports > Cycling and Biking,2.2333333333333334
35,scott-sports.com,Sports > Cycling and Biking,3.5666666666666664
36,mtbiker.sk,Sports > Cycling and Biking,9.9
37,cyclowired.jp,Sports > Cycling and Biking,1.9333333333333333
38,trailforks.com,Sports > Cycling and Biking,2.9
39,singletrackworld.com,Sports > Cycling and Biking,2.0
40,wielernieuws.be,Sports > Cycling and Biking,1.2833333333333332
41,jensonusa.com,Sports > Cycling and Biking,2.783333333333333
42,cannondale.com,Sports > Cycling and Biking,2.466666666666667
43,wielerrevue.nl,Sports > Cycling and Biking,1.7333333333333334
44,bikerumor.com,Sports > Cycling and Biking,1.1166666666666667
45,idlprocycling.com,Sports > Cycling and Biking,2.033333333333333
46,funq.jp,Sports > Cycling and Biking,1.2666666666666666
47,corearoadbike.com,Sports > Cycling and Biking,6.25
48,segway.com,Sports > Cycling and Biking,1.6833333333333333
49,relive.cc,Sports > Cycling and Biking,0.7666666666666667
50,esciclismo.com,Sports > Cycling and Biking,1.1166666666666667
1,redbull.com,Sports > Extreme Sports,1.7
2,ufanews.com,Sports > Extreme Sports,1.4
3,techexpertsguide.com,Sports > Extreme Sports,2.1666666666666665
4,spard.dk,Sports > Extreme Sports,5.466666666666667
5,warball.ru,Sports > Extreme Sports,0.7333333333333333
6,xcontest.org,Sports > Extreme Sports,2.55
7,220triathlon.com,Sports > Extreme Sports,1.0333333333333334
8,redbullshopus.com,Sports > Extreme Sports,1.2666666666666666
9,fms.tv,Sports > Extreme Sports,1.8333333333333335
10,holfuy.com,Sports > Extreme Sports,1.2
11,outside.fr,Sports > Extreme Sports,0.4666666666666667
12,paraglidingforum.com,Sports > Extreme Sports,3.4
13,win.gs,Sports > Extreme Sports,0.26666666666666666
14,ifsc-climbing.org,Sports > Extreme Sports,1.25
15,burnair.cloud,Sports > Extreme Sports,5.583333333333333
16,civlcomps.org,Sports > Extreme Sports,5.85
17,redbull.sharepoint.com,Sports > Extreme Sports,4.033333333333333
18,iflyworld.co.uk,Sports > Extreme Sports,3.95
19,atlantamotorspeedway.com,Sports > Extreme Sports,1.65
20,fai.org,Sports > Extreme Sports,2.3833333333333333
21,burblesoft.com,Sports > Extreme Sports,1.7166666666666668
22,flybubble.com,Sports > Extreme Sports,1.25
23,kairn.com,Sports > Extreme Sports,0.21666666666666667
24,shokz.com.au,Sports > Extreme Sports,2.4166666666666665
25,xcmag.com,Sports > Extreme Sports,1.0166666666666666
26,flyspot.com,Sports > Extreme Sports,1.6333333333333333
27,skydivedubai.ae,Sports > Extreme Sports,0.85
28,adrenalinicsilence.kz,Sports > Extreme Sports,1.7666666666666666
29,meteo-parapente.com,Sports > Extreme Sports,2.1333333333333333
30,flyozone.com,Sports > Extreme Sports,1.7166666666666668
31,xcskies.com,Sports > Extreme Sports,4.2
32,4camping.com.ua,Sports > Extreme Sports,5.433333333333334
33,alphatauri.com,Sports > Extreme Sports,0.65
34,ffvl.fr,Sports > Extreme Sports,2.033333333333333
35,mpora.com,Sports > Extreme Sports,0.48333333333333334
36,f1aldia.com,Sports > Extreme Sports,1.4333333333333333
37,xcglobe.com,Sports > Extreme Sports,9.033333333333333
38,mcla.us,Sports > Extreme Sports,2.8666666666666667
39,lu-glidz.blogspot.com,Sports > Extreme Sports,0.8666666666666667
40,bilet.bg,Sports > Extreme Sports,0.75
41,territoriapoleta.ru,Sports > Extreme Sports,2.5166666666666666
42,airtribune.com,Sports > Extreme Sports,1.2333333333333334
43,redbull-my.sharepoint.com,Sports > Extreme Sports,3.7
44,redbullcontentpool.com,Sports > Extreme Sports,4.95
45,basecamp-shop.com,Sports > Extreme Sports,1.2833333333333332
46,morestuff.ru,Sports > Extreme Sports,0.15
47,campingrocks.bg,Sports > Extreme Sports,13.566666666666666
48,uspa.org,Sports > Extreme Sports,1.4666666666666668
49,360mag.bg,Sports > Extreme Sports,0.5166666666666667
50,skivitosha.com,Sports > Extreme Sports,1.4333333333333333
1,cricbuzz.com,Sports > Fantasy Sports,7.566666666666666
2,fantacalcio.it,Sports > Fantasy Sports,4.75
3,thesportstak.com,Sports > Fantasy Sports,1.3666666666666667
4,8ballpool.com,Sports > Fantasy Sports,1.5666666666666667
5,streameast.gd,Sports > Fantasy Sports,8.316666666666666
6,realgm.com,Sports > Fantasy Sports,4.983333333333333
7,toltogames.com,Sports > Fantasy Sports,5.45
8,statmuse.com,Sports > Fantasy Sports,2.3
9,rotowire.com,Sports > Fantasy Sports,3.9833333333333334
10,velkigames365.cc,Sports > Fantasy Sports,7.816666666666666
11,multiversity.click,Sports > Fantasy Sports,17.0
12,fancode.com,Sports > Fantasy Sports,2.1333333333333333
13,prizepicks.com,Sports > Fantasy Sports,9.2
14,futbolfantasy.com,Sports > Fantasy Sports,4.983333333333333
15,7xtream.com,Sports > Fantasy Sports,5.533333333333333
16,pff.com,Sports > Fantasy Sports,3.6666666666666665
17,cricket.one,Sports > Fantasy Sports,1.5666666666666667
18,sosfanta.com,Sports > Fantasy Sports,5.133333333333334
19,cricheroes.com,Sports > Fantasy Sports,6.3
20,livefpl.net,Sports > Fantasy Sports,6.8
21,crex.live,Sports > Fantasy Sports,8.333333333333334
22,fantrax.com,Sports > Fantasy Sports,11.183333333333334
23,actionnetwork.com,Sports > Fantasy Sports,2.066666666666667
24,fantasypros.com,Sports > Fantasy Sports,2.8166666666666664
25,cricketaddictor.com,Sports > Fantasy Sports,0.7833333333333333
26,uniladtech.com,Sports > Fantasy Sports,1.2333333333333334
27,bookiemarket.com,Sports > Fantasy Sports,19.383333333333333
28,hockey-reference.com,Sports > Fantasy Sports,3.9
29,wplt20.com,Sports > Fantasy Sports,4.516666666666667
30,fantamaster.it,Sports > Fantasy Sports,2.35
31,supercoach.com.au,Sports > Fantasy Sports,10.85
32,sombracycling.com,Sports > Fantasy Sports,6.866666666666667
33,fantasyfootballscout.co.uk,Sports > Fantasy Sports,3.6333333333333333
34,underdogfantasy.com,Sports > Fantasy Sports,7.516666666666667
35,comuniate.com,Sports > Fantasy Sports,5.15
36,stathead.com,Sports > Fantasy Sports,1.45
37,basketballmonster.com,Sports > Fantasy Sports,8.85
38,bettingpros.com,Sports > Fantasy Sports,4.266666666666667
39,khelnow.com,Sports > Fantasy Sports,1.3166666666666667
40,sleeper.com,Sports > Fantasy Sports,5.0
41,cricxtasy.com,Sports > Fantasy Sports,1.6166666666666667
42,fantasyfootballhub.co.uk,Sports > Fantasy Sports,3.4
43,fplgameweek.com,Sports > Fantasy Sports,6.7
44,130point.com,Sports > Fantasy Sports,1.9166666666666665
45,analiticafantasy.com,Sports > Fantasy Sports,2.6666666666666665
46,reddybook.club,Sports > Fantasy Sports,32.266666666666666
47,jefebet.com,Sports > Fantasy Sports,3.4
48,hashtagbasketball.com,Sports > Fantasy Sports,1.4833333333333334
49,crichype.fun,Sports > Fantasy Sports,11.716666666666667
50,myfantasyleague.com,Sports > Fantasy Sports,6.9
1,arkm.com,Sports > Fishing,4.25
2,tsurihack.com,Sports > Fishing,3.05
3,anglers.jp,Sports > Fishing,2.716666666666667
4,chassepassion.net,Sports > Fishing,0.21666666666666667
5,tackleberry.co.jp,Sports > Fishing,4.866666666666667
6,luremaga.jp,Sports > Fishing,1.0666666666666667
7,izuchai.dance,Sports > Fishing,1.25
8,majorleaguefishing.com,Sports > Fishing,2.4
9,fishingbooker.com,Sports > Fishing,2.1333333333333333
10,tides4fishing.com,Sports > Fishing,1.45
11,tsurinews.jp,Sports > Fishing,1.8833333333333333
12,umikaisei.jp,Sports > Fishing,1.2666666666666666
13,chowari.jp,Sports > Fishing,1.5666666666666667
14,bdoutdoors.com,Sports > Fishing,3.6833333333333336
15,bassmaster.com,Sports > Fishing,3.15
16,surf-life.blue,Sports > Fishing,0.43333333333333335
17,fisher.spb.ru,Sports > Fishing,1.9333333333333333
18,bassresource.com,Sports > Fishing,2.8166666666666664
19,advnture.com,Sports > Fishing,1.2833333333333332
20,stripersonline.com,Sports > Fishing,5.183333333333334
21,fishingmax.co.jp,Sports > Fishing,2.0
22,fishusa.com,Sports > Fishing,2.2
23,tsuritenki.jp,Sports > Fishing,0.7666666666666667
24,castingnet.jp,Sports > Fishing,1.7833333333333332
25,fishing-v.jp,Sports > Fishing,1.0333333333333334
26,wired2fish.com,Sports > Fishing,0.9
27,want-s0me-push.com,Sports > Fishing,1.9166666666666665
28,marine-deals.co.nz,Sports > Fishing,4.016666666666667
29,point-i.jp,Sports > Fishing,2.066666666666667
30,ourboard.org,Sports > Fishing,1.5833333333333335
31,cartedepeche.fr,Sports > Fishing,3.283333333333333
32,fishbrain.com,Sports > Fishing,1.4
33,lekumo.biz,Sports > Fishing,2.966666666666667
34,fishing.net.nz,Sports > Fishing,1.3666666666666667
35,theflyfishingforum.com,Sports > Fishing,2.9833333333333334
36,yokohama-fishingpiers.jp,Sports > Fishing,2.033333333333333
37,pacificpeche.com,Sports > Fishing,4.2
38,kaida-fish.ru,Sports > Fishing,7.133333333333334
39,saltstrong.com,Sports > Fishing,3.9
40,anglingtimes.co.uk,Sports > Fishing,0.9
41,huntingandfishing.co.nz,Sports > Fishing,3.1166666666666667
42,s3licensing.com,Sports > Fishing,5.1
43,auth-basspro.com,Sports > Fishing,1.8
44,orybe.com,Sports > Fishing,1.0
45,fusil-calais.com,Sports > Fishing,1.4666666666666668
46,donfisher.ru,Sports > Fishing,2.1166666666666667
47,shop.ishiguro-gr.com,Sports > Fishing,3.6166666666666667
48,talex.co.jp,Sports > Fishing,3.066666666666667
49,fishingreminder.com,Sports > Fishing,1.0333333333333334
50,siamfishing.com,Sports > Fishing,3.85
1,pgatour.com,Sports > Golf,5.1
2,xzqpz.com,Sports > Golf,0.26666666666666666
3,golfdigest.co.jp,Sports > Golf,4.083333333333333
4,alba.co.jp,Sports > Golf,2.6833333333333336
5,golf.com,Sports > Golf,1.2833333333333332
6,golfdigest.com,Sports > Golf,1.4166666666666667
7,mizuno.com,Sports > Golf,2.45
8,golfwrx.com,Sports > Golf,3.5666666666666664
9,golfmonthly.com,Sports > Golf,2.4333333333333336
10,europeantour.com,Sports > Golf,3.216666666666667
11,thegolfinggazette.com,Sports > Golf,1.6333333333333333
12,topgolf.com,Sports > Golf,2.5833333333333335
13,lpga.com,Sports > Golf,3.283333333333333
14,mygolfspy.com,Sports > Golf,1.7
15,foreupsoftware.com,Sports > Golf,8.6
16,egolf.jp,Sports > Golf,1.8166666666666667
17,descente.co.jp,Sports > Golf,1.5666666666666667
18,golfdigest-minna.jp,Sports > Golf,1.7166666666666668
19,golfgenius.com,Sports > Golf,5.466666666666667
20,accordiagolf.com,Sports > Golf,2.533333333333333
21,golfzon.com,Sports > Golf,4.866666666666667
22,golfnow.com,Sports > Golf,4.45
23,valuegolf.co.jp,Sports > Golf,5.116666666666666
24,taylormadegolf.com,Sports > Golf,2.3833333333333333
25,pgatoursuperstore.com,Sports > Golf,3.6333333333333333
26,ezlinksgolf.com,Sports > Golf,6.033333333333333
27,callawaygolf.com,Sports > Golf,2.0833333333333335
28,lpga.or.jp,Sports > Golf,3.7333333333333334
29,golfpartner.jp,Sports > Golf,6.116666666666666
30,livgolf.com,Sports > Golf,3.45
31,golftown.com,Sports > Golf,3.3166666666666664
32,the-penny-saver.com,Sports > Golf,1.6333333333333333
33,goetheweb.jp,Sports > Golf,0.85
34,brsgolf.com,Sports > Golf,6.083333333333333
35,miclub.com.au,Sports > Golf,4.733333333333333
36,golfdo.com,Sports > Golf,5.6
37,2ndswing.com,Sports > Golf,4.066666666666666
38,golfpass.com,Sports > Golf,1.8
39,teeitup.com,Sports > Golf,3.1166666666666667
40,mycaddie.jp,Sports > Golf,2.2
41,americangolf.co.uk,Sports > Golf,3.533333333333333
42,pacificgolf.co.jp,Sports > Golf,4.4
43,bluegolf.com,Sports > Golf,3.85
44,callawaygolfpreowned.com,Sports > Golf,3.7333333333333334
45,titleist.com,Sports > Golf,3.0
46,globalgolf.com,Sports > Golf,3.1
47,todays-golfer.com,Sports > Golf,0.9833333333333333
48,thehackersparadise.com,Sports > Golf,2.9166666666666665
49,taylormadegolf.jp,Sports > Golf,1.8166666666666667
50,golfmagic.com,Sports > Golf,0.8333333333333334
1,gunbroker.com,Sports > Hunting and Shooting,7.083333333333333
2,palmettostatearmory.com,Sports > Hunting and Shooting,4.983333333333333
3,sportsmans.com,Sports > Hunting and Shooting,3.9833333333333334
4,watchseries.pe,Sports > Hunting and Shooting,12.45
5,sectordetiro.com,Sports > Hunting and Shooting,1.9833333333333334
6,midwayusa.com,Sports > Hunting and Shooting,4.333333333333333
7,guns.com,Sports > Hunting and Shooting,3.033333333333333
8,ar15.com,Sports > Hunting and Shooting,11.966666666666667
9,gun.deals,Sports > Hunting and Shooting,4.083333333333333
10,bladehq.com,Sports > Hunting and Shooting,3.8
11,primaryarms.com,Sports > Hunting and Shooting,4.316666666666666
12,sigsauer.com,Sports > Hunting and Shooting,2.7
13,brownells.com,Sports > Hunting and Shooting,3.183333333333333
14,usconcealedcarry.com,Sports > Hunting and Shooting,2.1166666666666667
15,pewpewtactical.com,Sports > Hunting and Shooting,2.283333333333333
16,smith-wesson.com,Sports > Hunting and Shooting,2.8166666666666664
17,guns.ru,Sports > Hunting and Shooting,5.0
18,511tactical.com,Sports > Hunting and Shooting,2.8833333333333333
19,armslist.com,Sports > Hunting and Shooting,5.1
20,ammoseek.com,Sports > Hunting and Shooting,3.6833333333333336
21,ruger.com,Sports > Hunting and Shooting,2.7666666666666666
22,evike.com,Sports > Hunting and Shooting,4.9
23,springfield-armory.com,Sports > Hunting and Shooting,2.4333333333333336
24,glock.com,Sports > Hunting and Shooting,1.4666666666666668
25,sportsmansoutdoorsuperstore.com,Sports > Hunting and Shooting,2.3
26,deltadefense.com,Sports > Hunting and Shooting,0.9333333333333333
27,gunpost.ca,Sports > Hunting and Shooting,6.883333333333333
28,knifecenter.com,Sports > Hunting and Shooting,2.5833333333333335
29,wethepeopleholsters.com,Sports > Hunting and Shooting,2.15
30,silencershop.com,Sports > Hunting and Shooting,4.183333333333334
31,rkguns.com,Sports > Hunting and Shooting,4.183333333333334
32,snipershide.com,Sports > Hunting and Shooting,2.1
33,eurooptic.com,Sports > Hunting and Shooting,1.8333333333333335
34,gunsinternational.com,Sports > Hunting and Shooting,2.8833333333333333
35,thefirearmblog.com,Sports > Hunting and Shooting,1.55
36,magpul.com,Sports > Hunting and Shooting,2.066666666666667
37,rokslide.com,Sports > Hunting and Shooting,4.666666666666667
38,glocktalk.com,Sports > Hunting and Shooting,2.9166666666666665
39,csa.co.cz,Sports > Hunting and Shooting,0.06666666666666667
40,bearcreekarsenal.com,Sports > Hunting and Shooting,3.8666666666666667
41,bladeforums.com,Sports > Hunting and Shooting,1.8833333333333333
42,shop.opticsplanet.com,Sports > Hunting and Shooting,1.15
43,ar15discounts.com,Sports > Hunting and Shooting,2.9833333333333334
44,beretta.com,Sports > Hunting and Shooting,2.7
45,atf.gov,Sports > Hunting and Shooting,2.216666666666667
46,practiscore.com,Sports > Hunting and Shooting,4.066666666666666
47,tacswap.com,Sports > Hunting and Shooting,5.45
48,dixxon.com,Sports > Hunting and Shooting,1.4833333333333334
49,ammo.com,Sports > Hunting and Shooting,1.65
50,olightstore.com,Sports > Hunting and Shooting,2.183333333333333
1,ufc.com,Sports > Martial Arts,1.75
2,mmafighting.com,Sports > Martial Arts,1.65
3,bloodyelbow.com,Sports > Martial Arts,1.25
4,limetorrents.lol,Sports > Martial Arts,4.8
5,tapology.com,Sports > Martial Arts,3.3166666666666664
6,sherdog.com,Sports > Martial Arts,4.066666666666666
7,mmamania.com,Sports > Martial Arts,1.8166666666666667
8,smoothcomp.com,Sports > Martial Arts,4.35
9,techfunlife.com,Sports > Martial Arts,5.266666666666667
10,visualnewshub.com,Sports > Martial Arts,7.116666666666666
11,ufcstats.com,Sports > Martial Arts,1.8
12,watchwrestling.ec,Sports > Martial Arts,2.95
13,sumo.or.jp,Sports > Martial Arts,2.6833333333333336
14,watchmmafull.com,Sports > Martial Arts,9.066666666666666
15,ufcfightpass.com,Sports > Martial Arts,2.55
16,fighttime.ru,Sports > Martial Arts,3.183333333333333
17,ufcespanol.com,Sports > Martial Arts,2.3333333333333335
18,streamstv.org,Sports > Martial Arts,0.6333333333333333
19,methstreams.com,Sports > Martial Arts,0.38333333333333336
20,kaocko.cz,Sports > Martial Arts,1.6833333333333333
21,valetudo.ru,Sports > Martial Arts,3.35
22,top-fight.cz,Sports > Martial Arts,1.0666666666666667
23,spotvnow.co.kr,Sports > Martial Arts,3.8
24,tazztv.me,Sports > Martial Arts,2.3666666666666667
25,watchprowrestlings.org,Sports > Martial Arts,2.5666666666666664
26,mmarocks.pl,Sports > Martial Arts,2.1333333333333333
27,bjpenn.com,Sports > Martial Arts,1.15
28,fightsite.hr,Sports > Martial Arts,1.6666666666666665
29,onefc.com,Sports > Martial Arts,1.45
30,tvstream.live,Sports > Martial Arts,1.3333333333333333
31,sportrelate.com,Sports > Martial Arts,2.8333333333333335
32,ufc.ru,Sports > Martial Arts,1.6833333333333333
33,mma-core.com,Sports > Martial Arts,3.8166666666666664
34,kora999.com,Sports > Martial Arts,3.2333333333333334
35,bjjfanatics.com,Sports > Martial Arts,2.85
36,venum.com,Sports > Martial Arts,2.5166666666666666
37,cloudsportek.com,Sports > Martial Arts,0.75
38,tvdddt.online,Sports > Martial Arts,0.5
39,ufc.com.br,Sports > Martial Arts,1.5166666666666666
40,actumma.com,Sports > Martial Arts,1.55
41,mmashorties.cz,Sports > Martial Arts,2.65
42,papahd.info,Sports > Martial Arts,2.0166666666666666
43,footybite.store,Sports > Martial Arts,1.2166666666666668
44,technicalgaurav.com,Sports > Martial Arts,4.516666666666667
45,strims.top,Sports > Martial Arts,1.6333333333333333
46,spotv.net,Sports > Martial Arts,1.7833333333333332
47,karate.com,Sports > Martial Arts,1.0333333333333334
48,watch-wrestling.eu,Sports > Martial Arts,2.65
49,vechtsportinfo.nl,Sports > Martial Arts,1.4833333333333334
50,srrb.ru,Sports > Martial Arts,2.05
1,sixnationsrugby.com,Sports > Rugby,2.9166666666666665
2,blog-rct.com,Sports > Rugby,3.4
3,planetrugby.com,Sports > Rugby,1.4166666666666667
4,ruck.co.uk,Sports > Rugby,1.2333333333333334
5,rugbypass.com,Sports > Rugby,1.1666666666666667
6,ffr.fr,Sports > Rugby,3.2666666666666666
7,rugby365.com,Sports > Rugby,1.15
8,sarugbymag.co.za,Sports > Rugby,0.8666666666666667
9,quinzemondial.com,Sports > Rugby,0.3
10,mvp.fan,Sports > Rugby,2.533333333333333
11,lerugbynistere.fr,Sports > Rugby,1.1333333333333333
12,zerotackle.com,Sports > Rugby,3.5666666666666664
13,allrugby.com,Sports > Rugby,2.5666666666666664
14,dicodusport.fr,Sports > Rugby,5.216666666666667
15,rugby-rp.com,Sports > Rugby,2.2666666666666666
16,englandrugby.com,Sports > Rugby,3.4166666666666665
17,svns.com,Sports > Rugby,3.5166666666666666
18,rugby.com.au,Sports > Rugby,2.05
19,liverugby.fr,Sports > Rugby,2.3166666666666664
20,lnr.fr,Sports > Rugby,1.4166666666666667
21,six-nations-guide.co.uk,Sports > Rugby,1.4
22,rugbyfederal.com,Sports > Rugby,4.016666666666667
23,ticketpro.co.za,Sports > Rugby,2.4833333333333334
24,rugby24.net,Sports > Rugby,3.65
25,stadetoulousain.fr,Sports > Rugby,2.4833333333333334
26,rugby-addict.com,Sports > Rugby,0.9
27,rugby-scapulaire.com,Sports > Rugby,0.9166666666666666
28,coachweb.com,Sports > Rugby,1.6
29,rugbynetwork.net,Sports > Rugby,5.0
30,agendatv-rugby.com,Sports > Rugby,0.35
31,scorenco.com,Sports > Rugby,1.3666666666666667
32,sarugby.co.za,Sports > Rugby,0.4166666666666667
33,unitedrugby.com,Sports > Rugby,0.8833333333333333
34,ubbrugby.com,Sports > Rugby,1.1666666666666667
35,info-photovoltaique.org,Sports > Rugby,0.05
36,rugbypass.tv,Sports > Rugby,2.1166666666666667
37,allblacks.com,Sports > Rugby,0.8666666666666667
38,dailysports.fr,Sports > Rugby,0.5
39,rugbyeurope.eu,Sports > Rugby,2.15
40,allianzstadiumtwickenham.com,Sports > Rugby,2.0
41,midi-olympique.fr,Sports > Rugby,1.4666666666666668
42,itsrugby.fr,Sports > Rugby,1.9
43,forumst.net,Sports > Rugby,13.983333333333333
44,oldschool.co.za,Sports > Rugby,2.5166666666666666
45,minutesports.fr,Sports > Rugby,1.0
46,lourugby.fr,Sports > Rugby,4.233333333333333
47,asm-rugby.com,Sports > Rugby,1.5333333333333332
48,statsllc.sharepoint.com,Sports > Rugby,6.133333333333334
49,cybervulcans.net,Sports > Rugby,4.633333333333333
50,staderochelais.com,Sports > Rugby,2.283333333333333
1,fssp.gov.ru,Sports > Running,2.95
2,hoka.com,Sports > Running,2.6666666666666665
3,runnersworld.com,Sports > Running,1.1833333333333333
4,runsignup.com,Sports > Running,3.033333333333333
5,runrepeat.com,Sports > Running,2.6
6,runnet.jp,Sports > Running,4.183333333333334
7,raceroster.com,Sports > Running,1.85
8,letsrun.com,Sports > Running,4.4
9,samsunghealth.com,Sports > Running,1.0333333333333334
10,parkrun.org.uk,Sports > Running,3.5666666666666664
11,nyrr.org,Sports > Running,3.216666666666667
12,raceresult.com,Sports > Running,3.0833333333333335
13,hyrox.com,Sports > Running,2.9
14,finishers.com,Sports > Running,3.5
15,eco-topferte.fr,Sports > Running,1.5166666666666666
16,altrarunning.com,Sports > Running,2.466666666666667
17,onthegomap.com,Sports > Running,2.0166666666666666
18,osaka-marathon.com,Sports > Running,1.8166666666666667
19,utmb.world,Sports > Running,3.3
20,marathonec.ru,Sports > Running,0.9
21,marathon.tokyo,Sports > Running,3.2333333333333334
22,letsdothis.com,Sports > Running,2.8166666666666664
23,mapmyrun.com,Sports > Running,1.8333333333333335
24,parkrun.com,Sports > Running,2.2
25,endu.net,Sports > Running,4.8
26,runningintheusa.com,Sports > Running,3.3
27,findarace.com,Sports > Running,2.65
28,halhigdon.com,Sports > Running,2.2666666666666666
29,believeintherun.com,Sports > Running,1.1833333333333333
30,plotaroute.com,Sports > Running,2.3666666666666667
31,theconqueror.events,Sports > Running,1.6833333333333333
32,klikego.com,Sports > Running,4.166666666666667
33,marathonhandbook.com,Sports > Running,1.35
34,ultrasignup.com,Sports > Running,3.2
35,runtrip.jp,Sports > Running,1.8
36,tomo.run,Sports > Running,1.5
37,runalyze.com,Sports > Running,2.8833333333333333
38,runningxpert.com,Sports > Running,1.6333333333333333
39,runnersworld.de,Sports > Running,1.85
40,runna.com,Sports > Running,1.5666666666666667
41,moshicom.com,Sports > Running,2.8666666666666667
42,runtothefinish.com,Sports > Running,1.3
43,njuko.com,Sports > Running,2.7333333333333334
44,parkrun.com.au,Sports > Running,2.783333333333333
45,ahotu.com,Sports > Running,1.6666666666666665
46,russiarunning.com,Sports > Running,3.3666666666666667
47,runningmagazine.ca,Sports > Running,0.9333333333333333
48,thepowerof10.info,Sports > Running,3.5666666666666664
49,garmin.cn,Sports > Running,4.683333333333334
50,runtastic.com,Sports > Running,0.9333333333333333
1,livescore.com,Sports > Soccer,6.2
2,gazzetta.it,Sports > Soccer,7.383333333333334
3,goal.com,Sports > Soccer,1.2333333333333334
4,kooora.com,Sports > Soccer,3.4
5,kicker.de,Sports > Soccer,5.016666666666667
6,premierleague.com,Sports > Soccer,6.1
7,promiedos.com.ar,Sports > Soccer,5.166666666666667
8,librefutbol.su,Sports > Soccer,7.116666666666666
9,flashscore.com,Sports > Soccer,9.733333333333333
10,transfermarkt.com.tr,Sports > Soccer,4.1
11,transfermarkt.de,Sports > Soccer,4.733333333333333
12,footmercato.net,Sports > Soccer,5.483333333333333
13,leercapitulo.co,Sports > Soccer,13.15
14,flashscore.pl,Sports > Soccer,8.233333333333333
15,varzesh3.com,Sports > Soccer,5.816666666666666
16,transfermarkt.com,Sports > Soccer,3.183333333333333
17,sport.sky.it,Sports > Soccer,1.7833333333333332
18,gazzetta.gr,Sports > Soccer,5.55
19,yallakora.com,Sports > Soccer,2.1333333333333333
20,voetbalprimeur.nl,Sports > Soccer,6.25
21,filgoal.com,Sports > Soccer,2.1166666666666667
22,fanatik.com.tr,Sports > Soccer,4.083333333333333
23,sport1.de,Sports > Soccer,2.55
24,meutimao.com.br,Sports > Soccer,1.85
25,estadiodeportivo.com,Sports > Soccer,0.7
26,uefa.com,Sports > Soccer,2.716666666666667
27,vi.nl,Sports > Soccer,6.516666666666667
28,tuttomercatoweb.com,Sports > Soccer,4.666666666666667
29,unionrayo.com,Sports > Soccer,1.2833333333333332
30,lance.com.br,Sports > Soccer,1.2333333333333334
31,mackolik.com,Sports > Soccer,8.7
32,futbol24.com,Sports > Soccer,11.766666666666667
33,betplay.com.co,Sports > Soccer,12.966666666666667
34,beinsports.com.tr,Sports > Soccer,2.6333333333333333
35,meczyki.pl,Sports > Soccer,4.45
36,calciomercato.com,Sports > Soccer,2.9333333333333336
37,avsee.ru,Sports > Soccer,10.233333333333333
38,flashscore.es,Sports > Soccer,7.7
39,voetbalzone.nl,Sports > Soccer,3.5
40,livescore.in,Sports > Soccer,9.016666666666667
41,maxifoot.fr,Sports > Soccer,4.483333333333333
42,fr12.nl,Sports > Soccer,7.766666666666667
43,pirlotv.fr,Sports > Soccer,1.85
44,foot01.com,Sports > Soccer,2.6833333333333336
45,sport.de,Sports > Soccer,1.7166666666666668
46,relevo.com,Sports > Soccer,3.1
47,milannews.it,Sports > Soccer,4.783333333333333
48,365scores.com,Sports > Soccer,2.5
49,netvasco.com.br,Sports > Soccer,4.233333333333333
50,fotmob.com,Sports > Soccer,6.266666666666667
1,espn.com,Sports > Sports - Other,8.8
2,marca.com,Sports > Sports - Other,5.05
3,espncricinfo.com,Sports > Sports - Other,7.1
4,as.com,Sports > Sports - Other,5.166666666666667
5,mundodeportivo.com,Sports > Sports - Other,3.3166666666666664
6,nikkansports.com,Sports > Sports - Other,1.8333333333333335
7,sports.yahoo.com,Sports > Sports - Other,2.85
8,hupu.com,Sports > Sports - Other,9.683333333333334
9,sportbox.ru,Sports > Sports - Other,3.7666666666666666
10,news.sportbox.ru,Sports > Sports - Other,3.3666666666666667
11,skysports.com,Sports > Sports - Other,3.2666666666666666
12,lequipe.fr,Sports > Sports - Other,3.9333333333333336
13,sport.es,Sports > Sports - Other,2.55
14,sofascore.com,Sports > Sports - Other,6.7
15,championat.com,Sports > Sports - Other,4.366666666666666
16,sportskeeda.com,Sports > Sports - Other,1.3666666666666667
17,diretta.it,Sports > Sports - Other,12.016666666666667
18,nhl.com,Sports > Sports - Other,3.45
19,sports.naver.com,Sports > Sports - Other,5.233333333333333
20,yr.no,Sports > Sports - Other,1.5166666666666666
21,cbssports.com,Sports > Sports - Other,2.966666666666667
22,sports.ru,Sports > Sports - Other,5.75
23,sports.yahoo.co.jp,Sports > Sports - Other,5.283333333333333
24,ole.com.ar,Sports > Sports - Other,1.9666666666666668
25,tycsports.com,Sports > Sports - Other,1.0
26,monopolygo.com,Sports > Sports - Other,1.5166666666666666
27,fubo.tv,Sports > Sports - Other,2.85
28,garmin.com,Sports > Sports - Other,3.6333333333333333
29,sportingnews.com,Sports > Sports - Other,0.6833333333333333
30,espn.com.br,Sports > Sports - Other,1.4666666666666668
31,strava.com,Sports > Sports - Other,5.5
32,dickssportinggoods.com,Sports > Sports - Other,2.716666666666667
33,dazn.com,Sports > Sports - Other,3.4
34,zhibo8.com,Sports > Sports - Other,6.5
35,bolavip.com,Sports > Sports - Other,1.0166666666666666
36,sport24.ru,Sports > Sports - Other,0.95
37,rojadirectaenvivo.pl,Sports > Sports - Other,5.183333333333334
38,bleacherreport.com,Sports > Sports - Other,2.2
39,247sports.com,Sports > Sports - Other,5.166666666666667
40,abola.pt,Sports > Sports - Other,5.75
41,sport.pl,Sports > Sports - Other,1.7666666666666666
42,nbcsports.com,Sports > Sports - Other,2.466666666666667
43,streameast.app,Sports > Sports - Other,9.516666666666667
44,sport.cz,Sports > Sports - Other,3.7333333333333334
45,digisport.ro,Sports > Sports - Other,3.3166666666666664
46,gsp.ro,Sports > Sports - Other,3.183333333333333
47,rei.com,Sports > Sports - Other,3.45
48,essentiallysports.com,Sports > Sports - Other,0.9666666666666667
49,adme.media,Sports > Sports - Other,4.25
50,sport-express.ru,Sports > Sports - Other,3.5833333333333335
1,totalsportek.space,Sports > Tennis,7.133333333333334
2,atptour.com,Sports > Tennis,2.6833333333333336
3,live-tennis.eu,Sports > Tennis,1.1
4,wtatennis.com,Sports > Tennis,2.4833333333333334
5,ausopen.com,Sports > Tennis,1.6
6,livetennis.it,Sports > Tennis,2.6
7,liga.nu,Sports > Tennis,6.266666666666667
8,thetennisgazette.com,Sports > Tennis,1.7
9,usta.com,Sports > Tennis,6.133333333333334
10,ubitennis.com,Sports > Tennis,1.95
11,courtreserve.com,Sports > Tennis,4.566666666666666
12,itftennis.com,Sports > Tennis,3.95
13,puntodebreak.com,Sports > Tennis,2.0
14,fitp.it,Sports > Tennis,5.566666666666666
15,tennistv.com,Sports > Tennis,2.5666666666666664
16,news.tennis365.net,Sports > Tennis,1.5833333333333335
17,supertennis.tv,Sports > Tennis,2.283333333333333
18,tennistemple.com,Sports > Tennis,5.7
19,clubautomation.com,Sports > Tennis,8.066666666666666
20,fft.fr,Sports > Tennis,4.833333333333333
21,tennis.com,Sports > Tennis,1.3833333333333333
22,thesportsrush.com,Sports > Tennis,0.6166666666666667
23,lta.org.uk,Sports > Tennis,5.083333333333333
24,sports.iqiyi.com,Sports > Tennis,2.8333333333333335
25,onetag-sys.com,Sports > Tennis,30.816666666666666
26,tennis.com.au,Sports > Tennis,3.8166666666666664
27,lan.jp,Sports > Tennis,5.333333333333333
28,nesty-gcloud.net,Sports > Tennis,4.433333333333334
29,tennis365.com,Sports > Tennis,0.8666666666666667
30,tennisoff.net,Sports > Tennis,4.783333333333333
31,utrsports.net,Sports > Tennis,4.233333333333333
32,flashscoreusa.com,Sports > Tennis,6.25
33,dartsrankings.com,Sports > Tennis,2.3166666666666664
34,tenisbrasil.uol.com.br,Sports > Tennis,1.1166666666666667
35,tenisnews.com.br,Sports > Tennis,1.3166666666666667
36,forextuner.info,Sports > Tennis,2.533333333333333
37,padelfip.com,Sports > Tennis,2.783333333333333
38,tennisexplorer.com,Sports > Tennis,5.9
39,rolandgarros.com,Sports > Tennis,2.783333333333333
40,tennistonic.com,Sports > Tennis,2.1
41,pressenterprise.com,Sports > Tennis,2.283333333333333
42,tennis.de,Sports > Tennis,6.033333333333333
43,tennisworlditalia.com,Sports > Tennis,0.9833333333333333
44,bolamarela.com.br,Sports > Tennis,0.5166666666666667
45,tennischannel.com,Sports > Tennis,6.333333333333333
46,wimbledon.com,Sports > Tennis,2.45
47,daviscup.com,Sports > Tennis,1.6166666666666667
48,jokersportshd.org,Sports > Tennis,7.783333333333333
49,world-tt.com,Sports > Tennis,2.066666666666667
50,clubspark.uk,Sports > Tennis,1.0833333333333333
1,volley.ru,Sports > Volleyball,2.1
2,advancedeventsystems.com,Sports > Volleyball,8.316666666666666
3,volleybox.net,Sports > Volleyball,2.1666666666666665
4,save-from.net,Sports > Volleyball,1.5833333333333335
5,360kora.io,Sports > Volleyball,2.75
6,snap.app,Sports > Volleyball,3.3833333333333333
7,sportexclusiv.ro,Sports > Volleyball,5.466666666666667
8,women.volleybox.net,Sports > Volleyball,1.7666666666666666
9,pluspo.net,Sports > Volleyball,7.083333333333333
10,webvolei.com.br,Sports > Volleyball,1.3333333333333333
11,siatka.org,Sports > Volleyball,4.333333333333333
12,sportdeutschland.tv,Sports > Volleyball,2.8166666666666664
13,ticket-v.jp,Sports > Volleyball,2.9333333333333336
14,fipavonline.it,Sports > Volleyball,5.05
15,kovo.co.kr,Sports > Volleyball,2.8666666666666667
16,tvf.org.tr,Sports > Volleyball,0.38333333333333336
17,volleybolist.ru,Sports > Volleyball,2.65
18,dyn.sport,Sports > Volleyball,4.666666666666667
19,federvolley.it,Sports > Volleyball,4.616666666666667
20,provolleyball.com,Sports > Volleyball,1.85
21,fivb.com,Sports > Volleyball,1.15
22,cbv.com.br,Sports > Volleyball,2.25
23,legavolleyfemminile.it,Sports > Volleyball,3.533333333333333
24,dataproject.com,Sports > Volleyball,3.6666666666666665
25,ffvbbeach.org,Sports > Volleyball,2.466666666666667
26,sportwrench.com,Sports > Volleyball,3.466666666666667
27,tm2sign.com,Sports > Volleyball,7.616666666666667
28,cev.eu,Sports > Volleyball,2.8833333333333333
29,rgsport.ru,Sports > Volleyball,5.783333333333333
30,legavolley.it,Sports > Volleyball,2.716666666666667
31,lovb.com,Sports > Volleyball,1.5333333333333332
32,tvstart.ru,Sports > Volleyball,0.65
33,getsuvolley.com,Sports > Volleyball,1.4
34,tauronliga.pl,Sports > Volleyball,2.5
35,osaka-bluteon.com,Sports > Volleyball,1.2
36,webserver.one,Sports > Volleyball,4.35
37,voleybolunsesi.com,Sports > Volleyball,0.7333333333333333
38,grxchange.gr,Sports > Volleyball,2.0
39,portalefipav.net,Sports > Volleyball,4.066666666666666
40,ivolleymagazine.it,Sports > Volleyball,0.9833333333333333
41,volleybal.nl,Sports > Volleyball,1.9833333333333334
42,usavolleyball.org,Sports > Volleyball,0.8333333333333334
43,cloud32.it,Sports > Volleyball,15.216666666666667
44,rfevb.com,Sports > Volleyball,2.716666666666667
45,jva.or.jp,Sports > Volleyball,2.1
46,balltime.com,Sports > Volleyball,8.0
47,mambu.cloud,Sports > Volleyball,18.183333333333334
48,fcvolei.cat,Sports > Volleyball,1.0166666666666666
49,volleystation.com,Sports > Volleyball,3.2666666666666666
50,volleyballlife.com,Sports > Volleyball,6.166666666666667
1,surfline.com,Sports > Water Sports,2.9833333333333334
2,surf-forecast.com,Sports > Water Sports,1.3333333333333333
3,gomotionapp.com,Sports > Water Sports,3.466666666666667
4,swimswam.com,Sports > Water Sports,3.1
5,seabreeze.com.au,Sports > Water Sports,9.25
6,worldsurfleague.com,Sports > Water Sports,4.05
7,surfer.com,Sports > Water Sports,1.2166666666666668
8,swellnet.com,Sports > Water Sports,3.15
9,bauermedia.pt,Sports > Water Sports,2.35
10,concept2.com,Sports > Water Sports,2.3333333333333335
11,viewsurf.com,Sports > Water Sports,2.8833333333333333
12,scubaboard.com,Sports > Water Sports,2.216666666666667
13,surfguru.com.br,Sports > Water Sports,1.4166666666666667
14,theinertia.com,Sports > Water Sports,1.2666666666666666
15,namidensetsu.com,Sports > Water Sports,4.133333333333334
16,teamunify.com,Sports > Water Sports,1.45
17,revolutionise.com.au,Sports > Water Sports,3.6166666666666667
18,tidetime.org,Sports > Water Sports,1.2833333333333332
19,vedetta.org,Sports > Water Sports,2.6166666666666667
20,federnuoto.it,Sports > Water Sports,4.616666666666667
21,bc01.com,Sports > Water Sports,1.9333333333333333
22,swim.or.jp,Sports > Water Sports,3.8833333333333333
23,waves.com.br,Sports > Water Sports,3.4
24,surfchex.com,Sports > Water Sports,2.2333333333333334
25,usaswimming.org,Sports > Water Sports,2.9166666666666665
26,beachgrit.com,Sports > Water Sports,1.2333333333333334
27,swellmap.com,Sports > Water Sports,1.1
28,surfertoday.com,Sports > Water Sports,0.6666666666666666
29,gong-galaxy.com,Sports > Water Sports,3.2666666666666666
30,w-esf.com,Sports > Water Sports,5.333333333333333
31,urbnsurf.com,Sports > Water Sports,11.45
32,ronspo.com,Sports > Water Sports,1.5
33,gosurf.fr,Sports > Water Sports,2.75
34,worldaquatics.com,Sports > Water Sports,1.15
35,usms.org,Sports > Water Sports,3.3166666666666664
36,seiko.co.jp,Sports > Water Sports,1.2833333333333332
37,liveffn.com,Sports > Water Sports,8.133333333333333
38,roark.com,Sports > Water Sports,2.2333333333333334
39,swimrankings.net,Sports > Water Sports,9.416666666666666
40,sail-world.com,Sports > Water Sports,0.8666666666666667
41,eurovisionsport.com,Sports > Water Sports,1.8333333333333335
42,swimming.org.au,Sports > Water Sports,3.0833333333333335
43,booksurfcamps.com,Sports > Water Sports,1.9
44,liveheats.com,Sports > Water Sports,4.416666666666667
45,olympedia.org,Sports > Water Sports,2.0833333333333335
46,swimmingworldmagazine.com,Sports > Water Sports,0.75
47,magicseaweed.com,Sports > Water Sports,0.5166666666666667
48,surftotal.com,Sports > Water Sports,2.5
49,camaramar.com,Sports > Water Sports,3.65
50,flocollege.com,Sports > Water Sports,2.5833333333333335
1,hockeydb.com,Sports > Winter Sports,4.133333333333334
2,fis-ski.com,Sports > Winter Sports,3.966666666666667
3,hockeycanada.ca,Sports > Winter Sports,1.65
4,skijumping.pl,Sports > Winter Sports,2.5666666666666664
5,onthesnow.com,Sports > Winter Sports,1.5333333333333332
6,nordicmag.info,Sports > Winter Sports,2.1166666666666667
7,roundshot.com,Sports > Winter Sports,1.1833333333333333
8,wintersport.nl,Sports > Winter Sports,3.2
9,infonieve.es,Sports > Winter Sports,2.4333333333333336
10,curated.com,Sports > Winter Sports,2.9833333333333334
11,ikonpass.com,Sports > Winter Sports,3.033333333333333
12,opensnow.com,Sports > Winter Sports,22.15
13,skipass.com,Sports > Winter Sports,1.5833333333333335
14,vhlru.ru,Sports > Winter Sports,4.5
15,skaping.com,Sports > Winter Sports,2.2
16,unofficialnetworks.com,Sports > Winter Sports,1.0833333333333333
17,skiresort.info,Sports > Winter Sports,1.6166666666666667
18,japan-curling.yokohama,Sports > Winter Sports,2.85
19,bergfex.si,Sports > Winter Sports,2.0833333333333335
20,skistar.com,Sports > Winter Sports,4.45
21,epicpass.com,Sports > Winter Sports,2.2333333333333334
22,dovesciare.it,Sports > Winter Sports,1.5
23,biathlon.com.ua,Sports > Winter Sports,3.7
24,bigbearmountainresort.com,Sports > Winter Sports,2.966666666666667
25,mammothmountain.com,Sports > Winter Sports,3.2333333333333334
26,whistlerblackcomb.com,Sports > Winter Sports,2.216666666666667
27,seatgeek.ca,Sports > Winter Sports,3.1666666666666665
28,sneeuwhoogte.nl,Sports > Winter Sports,2.1333333333333333
29,neveitalia.it,Sports > Winter Sports,0.7333333333333333
30,skimag.com,Sports > Winter Sports,0.8833333333333333
31,rossignol.com,Sports > Winter Sports,2.5833333333333335
32,curling.ca,Sports > Winter Sports,3.3
33,crystalski.co.uk,Sports > Winter Sports,5.75
34,nevasport.com,Sports > Winter Sports,1.2833333333333332
35,newschoolers.com,Sports > Winter Sports,1.5333333333333332
36,ski.ru,Sports > Winter Sports,2.9
37,n-py.com,Sports > Winter Sports,4.25
38,snowbird.com,Sports > Winter Sports,3.35
39,crystalmountainresort.com,Sports > Winter Sports,2.9
40,bigwhite.com,Sports > Winter Sports,3.5833333333333335
41,palisadestahoe.com,Sports > Winter Sports,3.55
42,alterramtnco.com,Sports > Winter Sports,3.4
43,vailresorts.com,Sports > Winter Sports,3.2666666666666666
44,atomic.com,Sports > Winter Sports,2.1666666666666665
45,winterparkresort.com,Sports > Winter Sports,2.3166666666666664
46,vasaloppet.se,Sports > Winter Sports,4.8
47,montecwear.com,Sports > Winter Sports,2.8666666666666667
48,uscho.com,Sports > Winter Sports,3.0
49,skitalk.com,Sports > Winter Sports,2.5666666666666664
50,skisport.ru,Sports > Winter Sports,2.5666666666666664
1,booking.com,Travel and Tourism > Accommodation and Hotels,8.116666666666667
2,airbnb.com,Travel and Tourism > Accommodation and Hotels,7.1
3,agoda.com,Travel and Tourism > Accommodation and Hotels,5.816666666666666
4,expedia.com,Travel and Tourism > Accommodation and Hotels,6.033333333333333
5,marriott.com,Travel and Tourism > Accommodation and Hotels,3.9833333333333334
6,hilton.com,Travel and Tourism > Accommodation and Hotels,4.2
7,vrbo.com,Travel and Tourism > Accommodation and Hotels,6.116666666666666
8,hotels.com,Travel and Tourism > Accommodation and Hotels,4.9
9,airbnb.com.br,Travel and Tourism > Accommodation and Hotels,6.75
10,ihg.com,Travel and Tourism > Accommodation and Hotels,3.0833333333333335
11,airbnb.co.uk,Travel and Tourism > Accommodation and Hotels,6.45
12,airbnb.fr,Travel and Tourism > Accommodation and Hotels,7.366666666666666
13,hyatt.com,Travel and Tourism > Accommodation and Hotels,3.9166666666666665
14,accor.com,Travel and Tourism > Accommodation and Hotels,3.55
15,expedia.ca,Travel and Tourism > Accommodation and Hotels,6.55
16,airbnb.ca,Travel and Tourism > Accommodation and Hotels,6.633333333333333
17,ostrovok.ru,Travel and Tourism > Accommodation and Hotels,3.5666666666666664
18,clock-software.com,Travel and Tourism > Accommodation and Hotels,10.116666666666667
19,wyndhamhotels.com,Travel and Tourism > Accommodation and Hotels,3.05
20,expediapartnercentral.com,Travel and Tourism > Accommodation and Hotels,6.75
21,cloudbeds.com,Travel and Tourism > Accommodation and Hotels,21.95
22,choicehotels.com,Travel and Tourism > Accommodation and Hotels,3.3166666666666664
23,airbnb.de,Travel and Tourism > Accommodation and Hotels,7.216666666666667
24,guestreservations.com,Travel and Tourism > Accommodation and Hotels,1.5
25,airbnb.es,Travel and Tourism > Accommodation and Hotels,5.633333333333333
26,mytour.vn,Travel and Tourism > Accommodation and Hotels,2.0166666666666666
27,airbnb.com.au,Travel and Tourism > Accommodation and Hotels,6.9
28,premierinn.com,Travel and Tourism > Accommodation and Hotels,4.6
29,choiceadvantage.com,Travel and Tourism > Accommodation and Hotels,44.31666666666667
30,sutochno.ru,Travel and Tourism > Accommodation and Hotels,6.016666666666667
31,airbnb.it,Travel and Tourism > Accommodation and Hotels,6.866666666666667
32,caesars.com,Travel and Tourism > Accommodation and Hotels,4.483333333333333
33,expedia.co.uk,Travel and Tourism > Accommodation and Hotels,4.566666666666666
34,mgmresorts.com,Travel and Tourism > Accommodation and Hotels,4.6
35,hostelworld.com,Travel and Tourism > Accommodation and Hotels,4.85
36,costcotravel.com,Travel and Tourism > Accommodation and Hotels,7.433333333333334
37,airbnb.mx,Travel and Tourism > Accommodation and Hotels,7.116666666666666
38,489ban.net,Travel and Tourism > Accommodation and Hotels,4.533333333333333
39,apahotel.com,Travel and Tourism > Accommodation and Hotels,4.783333333333333
40,toyoko-inn.com,Travel and Tourism > Accommodation and Hotels,5.983333333333333
41,trivago.com,Travel and Tourism > Accommodation and Hotels,2.9833333333333334
42,travelodge.co.uk,Travel and Tourism > Accommodation and Hotels,4.416666666666667
43,fourseasons.com,Travel and Tourism > Accommodation and Hotels,1.95
44,hoteis.com,Travel and Tourism > Accommodation and Hotels,3.7
45,expedia.co.jp,Travel and Tourism > Accommodation and Hotels,5.316666666666666
46,pprincess.com,Travel and Tourism > Accommodation and Hotels,2.783333333333333
47,airbnb.co.in,Travel and Tourism > Accommodation and Hotels,5.466666666666667
48,radissonhotels.com,Travel and Tourism > Accommodation and Hotels,2.3833333333333333
49,airbnb.nl,Travel and Tourism > Accommodation and Hotels,6.466666666666667
50,fewo-direkt.de,Travel and Tourism > Accommodation and Hotels,6.8
1,ryanair.com,Travel and Tourism > Air Travel,5.516666666666667
2,aa.com,Travel and Tourism > Air Travel,6.633333333333333
3,southwest.com,Travel and Tourism > Air Travel,5.3
4,delta.com,Travel and Tourism > Air Travel,6.216666666666667
5,flightaware.com,Travel and Tourism > Air Travel,7.033333333333333
6,skyscanner.net,Travel and Tourism > Air Travel,4.583333333333333
7,united.com,Travel and Tourism > Air Travel,6.183333333333334
8,latamairlines.com,Travel and Tourism > Air Travel,3.3
9,traveloka.com,Travel and Tourism > Air Travel,2.1166666666666667
10,ana.co.jp,Travel and Tourism > Air Travel,5.85
11,jal.co.jp,Travel and Tourism > Air Travel,5.35
12,easyjet.com,Travel and Tourism > Air Travel,6.133333333333334
13,aircanada.com,Travel and Tourism > Air Travel,7.883333333333333
14,aviasales.ru,Travel and Tourism > Air Travel,4.25
15,goindigo.in,Travel and Tourism > Air Travel,6.766666666666667
16,wizzair.com,Travel and Tourism > Air Travel,5.95
17,skyscanner.co.in,Travel and Tourism > Air Travel,3.3333333333333335
18,britishairways.com,Travel and Tourism > Air Travel,6.116666666666666
19,turkishairlines.com,Travel and Tourism > Air Travel,5.033333333333333
20,alaskaair.com,Travel and Tourism > Air Travel,7.183333333333334
21,emirates.com,Travel and Tourism > Air Travel,5.733333333333333
22,skyscanner.com,Travel and Tourism > Air Travel,5.45
23,jetstar.com,Travel and Tourism > Air Travel,5.85
24,qantas.com,Travel and Tourism > Air Travel,5.65
25,jetblue.com,Travel and Tourism > Air Travel,5.766666666666667
26,skyscanner.it,Travel and Tourism > Air Travel,5.216666666666667
27,qatarairways.com,Travel and Tourism > Air Travel,5.266666666666667
28,spirit.com,Travel and Tourism > Air Travel,6.5
29,flyfrontier.com,Travel and Tourism > Air Travel,5.783333333333333
30,airasia.com,Travel and Tourism > Air Travel,5.966666666666667
31,lufthansa.com,Travel and Tourism > Air Travel,5.183333333333334
32,iberia.com,Travel and Tourism > Air Travel,5.016666666666667
33,flypgs.com,Travel and Tourism > Air Travel,5.05
34,jetsmart.com,Travel and Tourism > Air Travel,4.633333333333333
35,volaris.com,Travel and Tourism > Air Travel,5.516666666666667
36,singaporeair.com,Travel and Tourism > Air Travel,5.8
37,vivaaerobus.com,Travel and Tourism > Air Travel,5.833333333333333
38,aeroflot.ru,Travel and Tourism > Air Travel,4.85
39,cathaypacific.com,Travel and Tourism > Air Travel,5.95
40,skyscanner.es,Travel and Tourism > Air Travel,4.933333333333334
41,aeroin.net,Travel and Tourism > Air Travel,0.36666666666666664
42,voeazul.com.br,Travel and Tourism > Air Travel,5.816666666666666
43,airindia.com,Travel and Tourism > Air Travel,3.6166666666666667
44,vueling.com,Travel and Tourism > Air Travel,4.65
45,voegol.com.br,Travel and Tourism > Air Travel,6.116666666666666
46,amadeus.com,Travel and Tourism > Air Travel,8.65
47,avianca.com,Travel and Tourism > Air Travel,5.566666666666666
48,skyscanner.de,Travel and Tourism > Air Travel,6.216666666666667
49,koreanair.com,Travel and Tourism > Air Travel,5.833333333333333
50,skyscanner.com.br,Travel and Tourism > Air Travel,5.133333333333334
1,uber.com,Travel and Tourism > Ground Transportation,2.283333333333333
2,indianrail.gov.in,Travel and Tourism > Ground Transportation,4.516666666666667
3,bahn.de,Travel and Tourism > Ground Transportation,5.016666666666667
4,thetrainline.com,Travel and Tourism > Ground Transportation,4.133333333333334
5,ayotu.net,Travel and Tourism > Ground Transportation,21.583333333333332
6,rzd.ru,Travel and Tourism > Ground Transportation,7.316666666666666
7,westjr.co.jp,Travel and Tourism > Ground Transportation,3.1166666666666667
8,railyatri.in,Travel and Tourism > Ground Transportation,5.25
9,confirmtkt.com,Travel and Tourism > Ground Transportation,4.683333333333334
10,lyft.com,Travel and Tourism > Ground Transportation,2.55
11,99app.com,Travel and Tourism > Ground Transportation,1.85
12,nationalrail.co.uk,Travel and Tourism > Ground Transportation,4.716666666666667
13,indiarailinfo.com,Travel and Tourism > Ground Transportation,3.4
14,bustimes.org,Travel and Tourism > Ground Transportation,7.233333333333333
15,belgiantrain.be,Travel and Tourism > Ground Transportation,3.216666666666667
16,indrive.com,Travel and Tourism > Ground Transportation,1.6833333333333333
17,abhibus.com,Travel and Tourism > Ground Transportation,4.316666666666666
18,trainman.in,Travel and Tourism > Ground Transportation,3.966666666666667
19,erail.in,Travel and Tourism > Ground Transportation,6.7
20,recorrido.cl,Travel and Tourism > Ground Transportation,4.433333333333334
21,thsrc.com.tw,Travel and Tourism > Ground Transportation,4.166666666666667
22,etrain.info,Travel and Tourism > Ground Transportation,7.7
23,delhimetrorail.info,Travel and Tourism > Ground Transportation,2.183333333333333
24,oebb.at,Travel and Tourism > Ground Transportation,3.15
25,zdopravy.cz,Travel and Tourism > Ground Transportation,2.95
26,koleo.pl,Travel and Tourism > Ground Transportation,3.716666666666667
27,olacabs.com,Travel and Tourism > Ground Transportation,4.166666666666667
28,vr.fi,Travel and Tourism > Ground Transportation,4.55
29,poizdato.net,Travel and Tourism > Ground Transportation,2.9
30,delhimetrorail.com,Travel and Tourism > Ground Transportation,1.6
31,realtimetrains.co.uk,Travel and Tourism > Ground Transportation,9.866666666666667
32,buser.com.br,Travel and Tourism > Ground Transportation,2.8833333333333333
33,rzd-bonus.ru,Travel and Tourism > Ground Transportation,3.6
34,ttc.ca,Travel and Tourism > Ground Transportation,2.7333333333333334
35,flixbus.fr,Travel and Tourism > Ground Transportation,4.25
36,railforums.co.uk,Travel and Tourism > Ground Transportation,6.666666666666667
37,oebbtickets.at,Travel and Tourism > Ground Transportation,4.983333333333333
38,stagecoachbus.com,Travel and Tourism > Ground Transportation,3.1166666666666667
39,turbus.cl,Travel and Tourism > Ground Transportation,5.35
40,shop.oebbtickets.at,Travel and Tourism > Ground Transportation,5.2
41,tripjack.com,Travel and Tourism > Ground Transportation,7.583333333333333
42,bycs.de,Travel and Tourism > Ground Transportation,5.416666666666667
43,blablacar.ru,Travel and Tourism > Ground Transportation,6.183333333333334
44,shop.flixbus.de,Travel and Tourism > Ground Transportation,4.516666666666667
45,osakametro.co.jp,Travel and Tourism > Ground Transportation,2.5666666666666664
46,viaggiatreno.it,Travel and Tourism > Ground Transportation,8.916666666666666
47,trains.com,Travel and Tourism > Ground Transportation,1.6666666666666665
48,flixbus.cl,Travel and Tourism > Ground Transportation,4.366666666666666
49,rfi.it,Travel and Tourism > Ground Transportation,3.1
50,shop.flixbus.fr,Travel and Tourism > Ground Transportation,4.183333333333334
1,getyourguide.com,Travel and Tourism > Tourist Attractions,2.6833333333333336
2,klook.com,Travel and Tourism > Tourist Attractions,3.65
3,viator.com,Travel and Tourism > Tourist Attractions,3.216666666666667
4,kkday.com,Travel and Tourism > Tourist Attractions,2.9
5,universalorlando.com,Travel and Tourism > Tourist Attractions,2.75
6,usj.co.jp,Travel and Tourism > Tourist Attractions,5.85
7,castel.jp,Travel and Tourism > Tourist Attractions,2.716666666666667
8,disneylandparis.com,Travel and Tourism > Tourist Attractions,4.283333333333333
9,atmy.me,Travel and Tourism > Tourist Attractions,2.05
10,sixflags.com,Travel and Tourism > Tourist Attractions,2.966666666666667
11,tech.udn.com,Travel and Tourism > Tourist Attractions,0.85
12,allears.net,Travel and Tourism > Tourist Attractions,1.15
13,disboards.com,Travel and Tourism > Tourist Attractions,3.6833333333333336
14,seaworld.com,Travel and Tourism > Tourist Attractions,3.7333333333333334
15,wdwnt.com,Travel and Tourism > Tourist Attractions,1.1333333333333333
16,digitickets.co.uk,Travel and Tourism > Tourist Attractions,3.9
17,buschgardens.com,Travel and Tourism > Tourist Attractions,3.283333333333333
18,bobbyworld.tw,Travel and Tourism > Tourist Attractions,2.8833333333333333
19,memberdeals.com,Travel and Tourism > Tourist Attractions,4.25
20,efteling.com,Travel and Tourism > Tourist Attractions,2.7333333333333334
21,viviantravel.tw,Travel and Tourism > Tourist Attractions,1.1666666666666667
22,wdwmagic.com,Travel and Tourism > Tourist Attractions,4.383333333333334
23,hongkongdisneyland.com,Travel and Tourism > Tourist Attractions,2.3833333333333333
24,legoland.com,Travel and Tourism > Tourist Attractions,2.9833333333333334
25,disneynow.com,Travel and Tourism > Tourist Attractions,3.716666666666667
26,vasttrafik.se,Travel and Tourism > Tourist Attractions,2.3666666666666667
27,europapark.de,Travel and Tourism > Tourist Attractions,3.3166666666666664
28,lotteworld.com,Travel and Tourism > Tourist Attractions,3.0166666666666666
29,webket.jp,Travel and Tourism > Tourist Attractions,4.2
30,wonderla.com,Travel and Tourism > Tourist Attractions,1.0666666666666667
31,beurlife.com,Travel and Tourism > Tourist Attractions,1.7666666666666666
32,universalparks.com,Travel and Tourism > Tourist Attractions,1.7833333333333332
33,summitatsnoqualmie.com,Travel and Tourism > Tourist Attractions,3.0833333333333335
34,futuroscope.com,Travel and Tourism > Tourist Attractions,4.15
35,sydneyoperahouse.com,Travel and Tourism > Tourist Attractions,2.4
36,aluvii.com,Travel and Tourism > Tourist Attractions,10.166666666666666
37,phantasialand.de,Travel and Tourism > Tourist Attractions,2.533333333333333
38,rwcruises.com,Travel and Tourism > Tourist Attractions,6.983333333333333
39,fullfen.tw,Travel and Tourism > Tourist Attractions,1.9333333333333333
40,mtl.org,Travel and Tourism > Tourist Attractions,1.8833333333333333
41,blogmickey.com,Travel and Tourism > Tourist Attractions,1.1666666666666667
42,pelago.com,Travel and Tourism > Tourist Attractions,1.3333333333333333
43,altontowers.com,Travel and Tourism > Tourist Attractions,2.4333333333333336
44,markandhazyl.com,Travel and Tourism > Tourist Attractions,0.5166666666666667
45,fujiq.jp,Travel and Tourism > Tourist Attractions,3.75
46,bookme.co.nz,Travel and Tourism > Tourist Attractions,3.216666666666667
47,floridastatefair.com,Travel and Tourism > Tourist Attractions,2.183333333333333
48,disneysprings.com,Travel and Tourism > Tourist Attractions,2.066666666666667
49,portaventuraworld.com,Travel and Tourism > Tourist Attractions,2.2666666666666666
50,knotts.com,Travel and Tourism > Tourist Attractions,1.9666666666666668
1,redbus.in,Travel and Tourism > Transportation and Excursions,5.283333333333333
2,amtrak.com,Travel and Tourism > Transportation and Excursions,6.383333333333334
3,partiful.com,Travel and Tourism > Transportation and Excursions,4.316666666666666
4,mta.info,Travel and Tourism > Transportation and Excursions,4.033333333333333
5,ihighway.jp,Travel and Tourism > Transportation and Excursions,2.783333333333333
6,biltrewards.com,Travel and Tourism > Transportation and Excursions,3.5
7,flynas.com,Travel and Tourism > Transportation and Excursions,5.416666666666667
8,sunpass.com,Travel and Tourism > Transportation and Excursions,4.583333333333333
9,tripcheck.com,Travel and Tourism > Transportation and Excursions,1.7666666666666666
10,parkopedia.co.uk,Travel and Tourism > Transportation and Excursions,2.3166666666666664
11,linkt.com.au,Travel and Tourism > Transportation and Excursions,3.4166666666666665
12,airmiles.ca,Travel and Tourism > Transportation and Excursions,4.35
13,justpark.com,Travel and Tourism > Transportation and Excursions,2.283333333333333
14,bayareafastrak.org,Travel and Tourism > Transportation and Excursions,3.6833333333333336
15,511on.ca,Travel and Tourism > Transportation and Excursions,2.3
16,drivebc.ca,Travel and Tourism > Transportation and Excursions,3.4166666666666665
17,paturnpike.com,Travel and Tourism > Transportation and Excursions,20.933333333333334
18,yourparkingspace.co.uk,Travel and Tourism > Transportation and Excursions,3.6666666666666665
19,omny.info,Travel and Tourism > Transportation and Excursions,3.4166666666666665
20,407etr.com,Travel and Tourism > Transportation and Excursions,4.25
21,thetollroads.com,Travel and Tourism > Transportation and Excursions,3.3
22,illinoistollway.com,Travel and Tourism > Transportation and Excursions,2.6666666666666665
23,sigalert.com,Travel and Tourism > Transportation and Excursions,3.3
24,megabus.com,Travel and Tourism > Transportation and Excursions,3.55
25,martzbus.com,Travel and Tourism > Transportation and Excursions,6.866666666666667
26,apcoa.co.uk,Travel and Tourism > Transportation and Excursions,2.0833333333333335
27,itasoftware.com,Travel and Tourism > Transportation and Excursions,5.333333333333333
28,sanef.com,Travel and Tourism > Transportation and Excursions,4.466666666666667
29,theparkingspot.com,Travel and Tourism > Transportation and Excursions,2.966666666666667
30,travelquiz.com,Travel and Tourism > Transportation and Excursions,2.4333333333333336
31,nuego.in,Travel and Tourism > Transportation and Excursions,4.233333333333333
32,gobrightline.com,Travel and Tourism > Transportation and Excursions,2.8333333333333335
33,sevn.ly,Travel and Tourism > Transportation and Excursions,0.31666666666666665
34,511pa.com,Travel and Tourism > Transportation and Excursions,3.15
35,mitie.com,Travel and Tourism > Transportation and Excursions,3.033333333333333
36,almatar.com,Travel and Tourism > Transportation and Excursions,3.35
37,nouvelair.com,Travel and Tourism > Transportation and Excursions,5.4
38,wymetro.com,Travel and Tourism > Transportation and Excursions,8.6
39,zingbus.com,Travel and Tourism > Transportation and Excursions,1.15
40,ohgo.com,Travel and Tourism > Transportation and Excursions,3.066666666666667
41,sleepinginairports.net,Travel and Tourism > Transportation and Excursions,1.8833333333333333
42,spotangels.com,Travel and Tourism > Transportation and Excursions,1.55
43,13cabs.com.au,Travel and Tourism > Transportation and Excursions,2.75
44,tollguru.com,Travel and Tourism > Transportation and Excursions,0.9166666666666666
45,nvroads.com,Travel and Tourism > Transportation and Excursions,2.066666666666667
46,veolia.co.uk,Travel and Tourism > Transportation and Excursions,4.783333333333333
47,q-park.co.uk,Travel and Tourism > Transportation and Excursions,1.7833333333333332
48,lcwc911.us,Travel and Tourism > Transportation and Excursions,85.51666666666667
49,market.jr-central.co.jp,Travel and Tourism > Transportation and Excursions,2.183333333333333
50,lirr.org,Travel and Tourism > Transportation and Excursions,4.833333333333333
1,tripadvisor.com,Travel and Tourism > Travel and Tourism - Other,2.6833333333333336
2,trip.com,Travel and Tourism > Travel and Tourism - Other,3.466666666666667
3,irctc.co.in,Travel and Tourism > Travel and Tourism - Other,6.2
4,navitime.co.jp,Travel and Tourism > Travel and Tourism - Other,2.8166666666666664
5,travel.rakuten.co.jp,Travel and Tourism > Travel and Tourism - Other,7.133333333333334
6,makemytrip.com,Travel and Tourism > Travel and Tourism - Other,4.85
7,rome2rio.com,Travel and Tourism > Travel and Tourism - Other,2.65
8,tripadvisor.co.uk,Travel and Tourism > Travel and Tourism - Other,3.1333333333333333
9,kayak.com,Travel and Tourism > Travel and Tourism - Other,3.8666666666666667
10,priceline.com,Travel and Tourism > Travel and Tourism - Other,4.616666666666667
11,tripadvisor.it,Travel and Tourism > Travel and Tourism - Other,2.216666666666667
12,tutu.ru,Travel and Tourism > Travel and Tourism - Other,3.3666666666666667
13,tripadvisor.in,Travel and Tourism > Travel and Tourism - Other,1.8166666666666667
14,ikyu.com,Travel and Tourism > Travel and Tourism - Other,5.05
15,triptoday365.com,Travel and Tourism > Travel and Tourism - Other,1.7833333333333332
16,jr-central.co.jp,Travel and Tourism > Travel and Tourism - Other,4.55
17,sncf-connect.com,Travel and Tourism > Travel and Tourism - Other,4.9
18,tripadvisor.fr,Travel and Tourism > Travel and Tourism - Other,2.45
19,aaa.com,Travel and Tourism > Travel and Tourism - Other,5.2
20,tripadvisor.es,Travel and Tourism > Travel and Tourism - Other,2.25
21,trenitalia.com,Travel and Tourism > Travel and Tourism - Other,2.1666666666666665
22,nps.gov,Travel and Tourism > Travel and Tourism - Other,2.6333333333333333
23,tripadvisor.com.br,Travel and Tourism > Travel and Tourism - Other,2.3166666666666664
24,lefrecce.it,Travel and Tourism > Travel and Tourism - Other,4.25
25,tripadvisor.ru,Travel and Tourism > Travel and Tourism - Other,2.716666666666667
26,royalcaribbean.com,Travel and Tourism > Travel and Tourism - Other,5.616666666666667
27,eki-net.com,Travel and Tourism > Travel and Tourism - Other,7.033333333333333
28,tiket.com,Travel and Tourism > Travel and Tourism - Other,2.183333333333333
29,travel.yandex.ru,Travel and Tourism > Travel and Tourism - Other,4.016666666666667
30,tui.co.uk,Travel and Tourism > Travel and Tourism - Other,6.633333333333333
31,ctrip.com,Travel and Tourism > Travel and Tourism - Other,6.3
32,travel.yahoo.co.jp,Travel and Tourism > Travel and Tourism - Other,4.9
33,obilet.com,Travel and Tourism > Travel and Tourism - Other,4.633333333333333
34,jr-odekake.net,Travel and Tourism > Travel and Tourism - Other,4.566666666666666
35,travelandleisure.com,Travel and Tourism > Travel and Tourism - Other,1.0333333333333334
36,goibibo.com,Travel and Tourism > Travel and Tourism - Other,4.266666666666667
37,skylinewebcams.com,Travel and Tourism > Travel and Tourism - Other,3.0166666666666666
38,carnival.com,Travel and Tourism > Travel and Tourism - Other,6.483333333333333
39,bergfex.at,Travel and Tourism > Travel and Tourism - Other,2.7333333333333334
40,kiwi.com,Travel and Tourism > Travel and Tourism - Other,4.183333333333334
41,jet2holidays.com,Travel and Tourism > Travel and Tourism - Other,7.25
42,jtb.co.jp,Travel and Tourism > Travel and Tourism - Other,4.916666666666667
43,vfsglobal.com,Travel and Tourism > Travel and Tourism - Other,6.583333333333333
44,tripadvisor.de,Travel and Tourism > Travel and Tourism - Other,2.783333333333333
45,lastminute.com,Travel and Tourism > Travel and Tourism - Other,5.566666666666666
46,decolar.com,Travel and Tourism > Travel and Tourism - Other,5.15
47,renfe.com,Travel and Tourism > Travel and Tourism - Other,4.8
48,ixigo.com,Travel and Tourism > Travel and Tourism - Other,3.6
49,tripadvisor.ca,Travel and Tourism > Travel and Tourism - Other,3.1666666666666665
50,ncl.com,Travel and Tourism > Travel and Tourism - Other,5.25
