index,Rank,Website,Category,AVG minutes
50,1,bilibili.com,Arts & Entertainment,21.916666666666668
51,2,zonatmo.com,Arts & Entertainment,16.8
52,3,aniwatchtv.to,Arts & Entertainment,16.633333333333333
54,5,demonicscans.org,Arts & Entertainment,16.35
55,6,spoilerplus.tv,Arts & Entertainment,18.433333333333334
56,7,animeflv.net,Arts & Entertainment,11.266666666666667
57,8,mgeko.cc,Arts & Entertainment,16.783333333333335
58,9,mechacomic.jp,Arts & Entertainment,15.133333333333333
59,10,xbato.com,Arts & Entertainment,21.516666666666666
60,11,mangajikan.com,Arts & Entertainment,18.966666666666665
61,12,mangadex.org,Arts & Entertainment,8.05
62,13,9animetv.to,Arts & Entertainment,14.7
63,14,jut.su,Arts & Entertainment,19.7
65,16,mangakoma01.com,Arts & Entertainment,23.8
67,18,weebcentral.com,Arts & Entertainment,17.616666666666667
68,19,kingofshojo.com,Arts & Entertainment,17.533333333333335
71,22,mangaraw.plus,Arts & Entertainment,4.0
72,23,mangago.me,Arts & Entertainment,14.15
73,24,manhuatop.org,Arts & Entertainment,17.783333333333335
74,25,zonamiau.com,Arts & Entertainment,16.383333333333333
75,26,mangalib.me,Arts & Entertainment,13.483333333333333
76,27,mangaraw.ma,Arts & Entertainment,22.133333333333333
77,28,manhwaclan.com,Arts & Entertainment,15.533333333333333
78,29,templetoons.com,Arts & Entertainment,6.5
79,30,lekmanga.net,Arts & Entertainment,16.55
80,31,eternalmangas.com,Arts & Entertainment,16.15
82,33,lightnovelworld.co,Arts & Entertainment,28.866666666666667
84,35,piccoma.com,Arts & Entertainment,13.5
85,36,vymanga.com,Arts & Entertainment,13.033333333333333
86,37,kakuyomu.jp,Arts & Entertainment,19.3
89,40,mangabuddy.com,Arts & Entertainment,16.783333333333335
90,41,tresdaos.com,Arts & Entertainment,12.9
92,43,rinconcitoverde.xyz,Arts & Entertainment,21.033333333333335
93,44,webtoons.com,Arts & Entertainment,11.35
95,46,manhuaus.com,Arts & Entertainment,9.116666666666667
96,47,usagi.one,Arts & Entertainment,32.06666666666667
97,48,mangafire.to,Arts & Entertainment,13.216666666666667
98,49,anime-sama.fr,Arts & Entertainment,8.433333333333334
99,50,manhuagui.com,Arts & Entertainment,11.883333333333333
100,1,fandom.com,Arts & Entertainment,4.783333333333333
101,2,dcinside.com,Arts & Entertainment,12.6
102,3,nate.com,Arts & Entertainment,6.316666666666666
103,4,syosetu.com,Arts & Entertainment,20.266666666666666
105,6,freepik.com,Arts & Entertainment,7.683333333333334
106,7,2345.com,Arts & Entertainment,1.8833333333333333
107,8,go.com,Arts & Entertainment,2.7
109,10,douban.com,Arts & Entertainment,4.866666666666667
110,11,bilibili.tv,Arts & Entertainment,6.066666666666666
111,12,bookmyshow.com,Arts & Entertainment,4.8
112,13,pudelek.pl,Arts & Entertainment,3.4
113,14,oricon.co.jp,Arts & Entertainment,0.9666666666666667
114,15,tmz.com,Arts & Entertainment,2.2666666666666666
115,16,unext.jp,Arts & Entertainment,8.316666666666666
116,17,suki-kira.com,Arts & Entertainment,9.65
117,18,gofundme.com,Arts & Entertainment,1.85
118,19,super.cz,Arts & Entertainment,3.3
119,20,mydramalist.com,Arts & Entertainment,4.033333333333333
120,21,pagesix.com,Arts & Entertainment,1.3
121,22,boredpanda.com,Arts & Entertainment,3.65
122,23,youku.com,Arts & Entertainment,6.85
123,24,pozdravok.com,Arts & Entertainment,2.3
124,25,myanimelist.net,Arts & Entertainment,4.15
125,26,deadline.com,Arts & Entertainment,1.5833333333333335
126,27,tsite.jp,Arts & Entertainment,4.483333333333333
127,28,hollywoodreporter.com,Arts & Entertainment,1.1666666666666667
128,29,goguynet.jp,Arts & Entertainment,1.0166666666666666
129,30,ew.com,Arts & Entertainment,1.1333333333333333
130,31,purepeople.com,Arts & Entertainment,1.9
131,32,viki.com,Arts & Entertainment,6.183333333333334
132,33,syosetu.org,Arts & Entertainment,18.466666666666665
134,35,lipstickalley.com,Arts & Entertainment,13.416666666666666
135,36,voici.fr,Arts & Entertainment,1.55
136,37,hola.com,Arts & Entertainment,1.7333333333333334
137,38,natalie.mu,Arts & Entertainment,1.0
138,39,jastrzabpost.pl,Arts & Entertainment,1.35
139,40,pomponik.pl,Arts & Entertainment,0.8333333333333334
140,41,lecturas.com,Arts & Entertainment,1.4333333333333333
141,42,ngl.link,Arts & Entertainment,2.966666666666667
142,43,timeout.com,Arts & Entertainment,1.3833333333333333
143,44,disney.go.com,Arts & Entertainment,3.8333333333333335
144,45,b92.net,Arts & Entertainment,5.55
145,46,redbubble.com,Arts & Entertainment,2.9333333333333336
147,48,kapanlagi.com,Arts & Entertainment,1.8333333333333335
148,49,wcostream.tv,Arts & Entertainment,11.866666666666667
150,1,archiveofourown.org,Arts & Entertainment,15.366666666666667
151,2,novelbin.com,Arts & Entertainment,34.016666666666666
152,3,wattpad.com,Arts & Entertainment,18.483333333333334
153,4,qidian.com,Arts & Entertainment,15.016666666666667
154,5,author.today,Arts & Entertainment,12.183333333333334
156,7,fictionzone.net,Arts & Entertainment,11.083333333333334
157,8,litnet.com,Arts & Entertainment,14.3
158,9,69yuedu.net,Arts & Entertainment,29.45
159,10,knigavuhe.org,Arts & Entertainment,3.3333333333333335
160,11,issuu.com,Arts & Entertainment,1.9
161,12,ficbook.net,Arts & Entertainment,13.783333333333333
162,13,mangabuff.ru,Arts & Entertainment,22.166666666666668
163,14,pensador.com,Arts & Entertainment,1.4666666666666668
164,15,mtlnovels.com,Arts & Entertainment,45.53333333333333
165,16,wuxiabox.com,Arts & Entertainment,41.733333333333334
166,17,tvtropes.org,Arts & Entertainment,10.4
167,18,69shuba.cx,Arts & Entertainment,23.75
168,19,webnovel.com,Arts & Entertainment,22.766666666666666
169,20,69shuba.com,Arts & Entertainment,35.916666666666664
170,21,jjwxc.net,Arts & Entertainment,15.1
171,22,vitalsource.com,Arts & Entertainment,16.883333333333333
172,23,twkan.com,Arts & Entertainment,32.166666666666664
176,27,thriftbooks.com,Arts & Entertainment,2.7666666666666666
177,28,stihi.ru,Arts & Entertainment,4.116666666666666
178,29,royalroad.com,Arts & Entertainment,12.666666666666666
179,30,overdrive.com,Arts & Entertainment,3.55
181,32,epub.pub,Arts & Entertainment,4.466666666666667
183,34,bqg9527.cc,Arts & Entertainment,19.9
186,37,52shuku.vip,Arts & Entertainment,38.3
187,38,fizzo.org,Arts & Entertainment,9.95
188,39,pawmanga.com,Arts & Entertainment,13.033333333333333
189,40,jaomix.ru,Arts & Entertainment,33.4
190,41,akniga.org,Arts & Entertainment,2.8
191,42,freewebnovel.com,Arts & Entertainment,29.316666666666666
192,43,loveread.ec,Arts & Entertainment,24.416666666666668
193,44,litgorod.ru,Arts & Entertainment,10.116666666666667
194,45,zinchangmanga.com,Arts & Entertainment,8.483333333333333
195,46,lubimyczytac.pl,Arts & Entertainment,2.1666666666666665
196,47,litmarket.ru,Arts & Entertainment,7.283333333333333
197,48,ridibooks.com,Arts & Entertainment,10.85
198,49,wa01.com,Arts & Entertainment,29.233333333333334
199,50,proza.ru,Arts & Entertainment,2.1
200,1,pikabu.ru,Arts & Entertainment,5.166666666666667
201,2,9gag.com,Arts & Entertainment,5.833333333333333
202,3,pinimg.com,Arts & Entertainment,3.7
204,5,cheezburger.com,Arts & Entertainment,2.5166666666666666
205,6,insta-stories-viewer.com,Arts & Entertainment,3.216666666666667
206,7,tenor.com,Arts & Entertainment,1.8
207,8,change.org,Arts & Entertainment,1.6333333333333333
208,9,yaplakal.com,Arts & Entertainment,13.716666666666667
209,10,fishki.net,Arts & Entertainment,11.083333333333334
210,11,pleated-jeans.com,Arts & Entertainment,3.65
211,12,demotywatory.pl,Arts & Entertainment,6.3
212,13,knowyourmeme.com,Arts & Entertainment,1.2666666666666666
213,14,geediting.com,Arts & Entertainment,1.05
214,15,thechive.com,Arts & Entertainment,6.266666666666667
215,16,cracked.com,Arts & Entertainment,3.85
216,17,joemonster.org,Arts & Entertainment,6.4
217,18,anekdot.ru,Arts & Entertainment,4.416666666666667
218,19,kwejk.pl,Arts & Entertainment,3.7
220,21,kiwifarms.st,Arts & Entertainment,15.233333333333333
221,22,xkcd.com,Arts & Entertainment,1.7666666666666666
222,23,joyreactor.cc,Arts & Entertainment,7.316666666666666
223,24,notalwaysright.com,Arts & Entertainment,10.733333333333333
224,25,mediatakeout.com,Arts & Entertainment,1.3666666666666667
225,26,finofilipino.org,Arts & Entertainment,6.483333333333333
226,27,funnyjunk.com,Arts & Entertainment,12.683333333333334
227,28,theonion.com,Arts & Entertainment,1.55
228,29,thewrap.com,Arts & Entertainment,0.7
229,30,fontmeme.com,Arts & Entertainment,2.533333333333333
230,31,news.hometalk.com,Arts & Entertainment,2.6166666666666667
232,33,idrlabs.com,Arts & Entertainment,4.4
233,34,ebaumsworld.com,Arts & Entertainment,3.35
234,35,watchpeopledie.tv,Arts & Entertainment,11.366666666666667
235,36,mistrzowie.org,Arts & Entertainment,3.6666666666666665
236,37,anekdotov.net,Arts & Entertainment,7.15
237,38,demotivateur.fr,Arts & Entertainment,1.7666666666666666
238,39,todayhumor.co.kr,Arts & Entertainment,4.15
239,40,noblemtl.com,Arts & Entertainment,16.7
241,42,vistoenlasredes.com,Arts & Entertainment,3.8833333333333333
243,44,sadistic.pl,Arts & Entertainment,6.6
244,45,cuantarazon.com,Arts & Entertainment,4.85
245,46,chamsko.pl,Arts & Entertainment,2.45
246,47,memedroid.com,Arts & Entertainment,3.6166666666666667
247,48,refresher.sk,Arts & Entertainment,0.3333333333333333
248,49,atom.com,Arts & Entertainment,3.0833333333333335
249,50,webfail.com,Arts & Entertainment,3.033333333333333
250,1,spotify.com,Arts & Entertainment,6.5
251,2,genius.com,Arts & Entertainment,2.25
252,3,soundcloud.com,Arts & Entertainment,6.283333333333333
253,4,npr.org,Arts & Entertainment,2.0166666666666666
254,5,music.yandex.ru,Arts & Entertainment,3.9333333333333336
255,6,y2mate.nu,Arts & Entertainment,4.166666666666667
256,7,hitmotop.com,Arts & Entertainment,4.766666666666667
257,8,ultimate-guitar.com,Arts & Entertainment,5.35
258,9,letras.mus.br,Arts & Entertainment,2.6166666666666667
259,10,letras.com,Arts & Entertainment,1.9166666666666665
260,11,discogs.com,Arts & Entertainment,9.183333333333334
262,13,mnuu.nu,Arts & Entertainment,4.116666666666666
263,14,radio-canada.ca,Arts & Entertainment,3.3666666666666667
264,15,last.fm,Arts & Entertainment,4.65
265,16,bandcamp.com,Arts & Entertainment,4.366666666666666
266,17,radiko.jp,Arts & Entertainment,6.133333333333334
267,18,cadenaser.com,Arts & Entertainment,2.6166666666666667
268,19,iheart.com,Arts & Entertainment,2.4
269,20,uta-net.com,Arts & Entertainment,3.0833333333333335
270,21,radiofrance.fr,Arts & Entertainment,1.7166666666666668
271,22,billboard.com,Arts & Entertainment,1.4833333333333334
272,23,gaana.com,Arts & Entertainment,1.2166666666666668
273,24,bandsintown.com,Arts & Entertainment,1.1
275,26,deezer.com,Arts & Entertainment,3.8833333333333333
276,27,jiosaavn.com,Arts & Entertainment,1.0333333333333334
277,28,rollingstone.com,Arts & Entertainment,1.2166666666666668
278,29,music.163.com,Arts & Entertainment,2.533333333333333
279,30,siriusxm.com,Arts & Entertainment,2.6333333333333333
280,31,worldstarhiphop.com,Arts & Entertainment,5.566666666666666
281,32,radiozet.pl,Arts & Entertainment,1.3666666666666667
282,33,y2mate.lol,Arts & Entertainment,3.8833333333333333
283,34,pandora.com,Arts & Entertainment,3.25
284,35,cifraclub.com.br,Arts & Entertainment,5.783333333333333
285,36,muzofond.fm,Arts & Entertainment,2.6833333333333336
286,37,ummn.nu,Arts & Entertainment,3.716666666666667
287,38,thomann.de,Arts & Entertainment,5.316666666666666
288,39,lnk.to,Arts & Entertainment,0.7
289,40,reverb.com,Arts & Entertainment,5.133333333333334
290,41,rateyourmusic.com,Arts & Entertainment,8.55
291,42,smule.com,Arts & Entertainment,2.9166666666666665
292,43,musescore.com,Arts & Entertainment,3.8666666666666667
293,44,sefon.pro,Arts & Entertainment,3.8
294,45,rtl.fr,Arts & Entertainment,1.1
295,46,fantasanremo.com,Arts & Entertainment,4.05
296,47,faroutmagazine.co.uk,Arts & Entertainment,1.1666666666666667
297,48,chordtela.com,Arts & Entertainment,7.083333333333333
298,49,shazam.com,Arts & Entertainment,1.3666666666666667
299,50,cope.es,Arts & Entertainment,1.2166666666666668
302,3,frontgatetickets.com,Arts & Entertainment,2.1666666666666665
303,4,framed.wtf,Arts & Entertainment,2.216666666666667
304,5,backstage.com,Arts & Entertainment,3.8666666666666667
305,6,intickets.ru,Arts & Entertainment,2.4166666666666665
306,7,quicktickets.ru,Arts & Entertainment,3.716666666666667
307,8,shiki.jp,Arts & Entertainment,5.233333333333333
308,9,playbill.com,Arts & Entertainment,2.1166666666666667
309,10,broadway.com,Arts & Entertainment,2.3166666666666664
310,11,ticketon.kz,Arts & Entertainment,2.45
311,12,kassy.ru,Arts & Entertainment,2.9833333333333334
312,13,cirquedusoleil.com,Arts & Entertainment,2.2
313,14,actorsaccess.com,Arts & Entertainment,6.6
314,15,ticketsource.co.uk,Arts & Entertainment,2.7666666666666666
315,16,broadwayworld.com,Arts & Entertainment,1.6333333333333333
316,17,kennedy-center.org,Arts & Entertainment,1.6166666666666667
317,18,ovationtix.com,Arts & Entertainment,2.35
318,19,broadwaydirect.com,Arts & Entertainment,3.2333333333333334
319,20,ticketsolve.com,Arts & Entertainment,4.816666666666666
320,21,picturehouses.com,Arts & Entertainment,3.183333333333333
321,22,londontheatre.co.uk,Arts & Entertainment,2.716666666666667
322,23,whatsonstage.com,Arts & Entertainment,2.3666666666666667
323,24,vdnh.ru,Arts & Entertainment,1.5666666666666667
324,25,telecharge.com,Arts & Entertainment,3.35
325,26,news.autoguide.com,Arts & Entertainment,1.5
326,27,safronovy.ru,Arts & Entertainment,1.2
327,28,domorestuff.com,Arts & Entertainment,2.2
328,29,eventim-inhouse.de,Arts & Entertainment,3.7
329,30,kvitki.by,Arts & Entertainment,2.183333333333333
330,31,operadeparis.fr,Arts & Entertainment,5.783333333333333
331,32,barbican.org.uk,Arts & Entertainment,2.1
332,33,gorbilet.com,Arts & Entertainment,1.0666666666666667
333,34,royalalberthall.com,Arts & Entertainment,2.966666666666667
334,35,medievaltimes.com,Arts & Entertainment,3.1166666666666667
335,36,mirvish.com,Arts & Entertainment,2.65
336,37,mariinsky.ru,Arts & Entertainment,2.3833333333333333
337,38,teatro.it,Arts & Entertainment,1.4333333333333333
338,39,ludus.com,Arts & Entertainment,4.216666666666667
339,40,okepi.net,Arts & Entertainment,6.85
340,41,m-1gp.com,Arts & Entertainment,1.6166666666666667
341,42,stuki-druki.com,Arts & Entertainment,1.3666666666666667
342,43,xreal.com,Arts & Entertainment,2.1666666666666665
343,44,stage-entertainment.de,Arts & Entertainment,2.6833333333333336
344,45,ticketservices.gr,Arts & Entertainment,1.4166666666666667
346,47,sxsw.com,Arts & Entertainment,3.8333333333333335
347,48,rodeohouston.com,Arts & Entertainment,3.2
349,50,cinemamedley.ru,Arts & Entertainment,1.3333333333333333
350,1,youtube.com,Arts & Entertainment,20.783333333333335
351,2,netflix.com,Arts & Entertainment,7.116666666666666
352,3,imdb.com,Arts & Entertainment,2.783333333333333
353,4,rutube.ru,Arts & Entertainment,6.75
355,6,disneyplus.com,Arts & Entertainment,8.833333333333334
356,7,primevideo.com,Arts & Entertainment,2.5166666666666666
357,8,max.com,Arts & Entertainment,7.4
358,9,dailymotion.com,Arts & Entertainment,4.866666666666667
359,10,hulu.com,Arts & Entertainment,10.616666666666667
360,11,kinopoisk.ru,Arts & Entertainment,5.283333333333333
361,12,crunchyroll.com,Arts & Entertainment,14.316666666666666
362,13,nicovideo.jp,Arts & Entertainment,9.8
363,14,tenki.jp,Arts & Entertainment,2.1666666666666665
364,15,hotstar.com,Arts & Entertainment,7.366666666666666
365,16,xfinity.com,Arts & Entertainment,6.25
366,17,loobygameshub.com,Arts & Entertainment,13.833333333333334
367,18,screenrant.com,Arts & Entertainment,1.35
372,23,zdf.de,Arts & Entertainment,2.8333333333333335
373,24,peacocktv.com,Arts & Entertainment,12.166666666666666
374,25,nos.nl,Arts & Entertainment,4.183333333333334
376,27,sky.com,Arts & Entertainment,2.3666666666666667
377,28,rottentomatoes.com,Arts & Entertainment,1.7
378,29,mediaset.it,Arts & Entertainment,4.316666666666666
379,30,programme-tv.net,Arts & Entertainment,1.2
380,31,tver.jp,Arts & Entertainment,6.233333333333333
381,32,paramountplus.com,Arts & Entertainment,5.45
383,34,abema.tv,Arts & Entertainment,5.683333333333334
384,35,weathernews.jp,Arts & Entertainment,2.183333333333333
385,36,justwatch.com,Arts & Entertainment,1.1333333333333333
387,38,sky.it,Arts & Entertainment,1.8833333333333333
388,39,bfmtv.com,Arts & Entertainment,2.4
389,40,orf.at,Arts & Entertainment,5.25
392,43,nrk.no,Arts & Entertainment,4.416666666666667
393,44,ndr.de,Arts & Entertainment,1.85
394,45,ardmediathek.de,Arts & Entertainment,4.033333333333333
395,46,vimeo.com,Arts & Entertainment,3.716666666666667
397,48,uakino.me,Arts & Entertainment,4.883333333333333
398,49,anime-bit.online,Arts & Entertainment,8.716666666666667
399,50,filmoflix.ad,Arts & Entertainment,5.383333333333334
400,1,pixiv.net,Arts & Entertainment,11.416666666666666
401,2,deviantart.com,Arts & Entertainment,8.3
402,3,behance.net,Arts & Entertainment,5.483333333333333
403,4,vecteezy.com,Arts & Entertainment,3.45
404,5,vsco.co,Arts & Entertainment,2.15
405,6,pngtree.com,Arts & Entertainment,2.7
406,7,artstation.com,Arts & Entertainment,5.4
408,9,kaliham.com,Arts & Entertainment,2.85
409,10,emojicombos.com,Arts & Entertainment,2.216666666666667
410,11,3d-galleru.ru,Arts & Entertainment,3.216666666666667
411,12,ezgif.com,Arts & Entertainment,5.433333333333334
412,13,philo.com,Arts & Entertainment,3.25
415,16,aydogs.com,Arts & Entertainment,6.2
417,18,fineartamerica.com,Arts & Entertainment,3.3
419,20,vectorstock.com,Arts & Entertainment,2.2
420,21,creativemarket.com,Arts & Entertainment,3.1
421,22,imgix.net,Arts & Entertainment,1.35
422,23,pximg.net,Arts & Entertainment,5.0
423,24,dickblick.com,Arts & Entertainment,4.3
424,25,artsy.net,Arts & Entertainment,3.0833333333333335
425,26,wallhaven.cc,Arts & Entertainment,4.516666666666667
427,28,are.na,Arts & Entertainment,5.116666666666666
428,29,characterhub.com,Arts & Entertainment,12.5
429,30,heightcomparison.com,Arts & Entertainment,1.75
430,31,savetwitter.net,Arts & Entertainment,2.966666666666667
431,32,news.artnet.com,Arts & Entertainment,1.05
432,33,artribune.com,Arts & Entertainment,1.0833333333333333
433,34,saatchiart.com,Arts & Entertainment,2.65
434,35,line-of-action.com,Arts & Entertainment,2.7333333333333334
435,36,society6.com,Arts & Entertainment,2.1166666666666667
436,37,airbrush.com,Arts & Entertainment,1.75
438,39,spinspin.net,Arts & Entertainment,4.116666666666666
439,40,iduba.com,Arts & Entertainment,7.016666666666667
440,41,artmajeur.com,Arts & Entertainment,2.4333333333333336
441,42,ibispaint.com,Arts & Entertainment,1.6166666666666667
442,43,inprnt.com,Arts & Entertainment,1.7333333333333334
443,44,artnews.com,Arts & Entertainment,0.9
445,46,shotdeck.com,Arts & Entertainment,7.383333333333334
446,47,fontsinuse.com,Arts & Entertainment,2.8
447,48,fakeyou.com,Arts & Entertainment,4.75
449,50,thisiscolossal.com,Arts & Entertainment,1.1166666666666667
450,1,snapinst.app,Business & Consumer Services,3.5666666666666664
451,2,liftoff.io,Business & Consumer Services,0.85
452,3,medium.com,Business & Consumer Services,2.0833333333333335
453,4,attn.tv,Business & Consumer Services,0.43333333333333335
454,5,irecommend.ru,Business & Consumer Services,3.6666666666666665
455,6,flexmls.com,Business & Consumer Services,5.216666666666667
456,7,askul.co.jp,Business & Consumer Services,5.183333333333334
457,8,staples.com,Business & Consumer Services,3.8666666666666667
458,9,zenoti.com,Business & Consumer Services,13.55
459,10,uline.com,Business & Consumer Services,3.05
462,13,officedepot.com,Business & Consumer Services,3.35
463,14,pirateship.com,Business & Consumer Services,5.616666666666667
464,15,codmon.com,Business & Consumer Services,12.4
465,16,mcusercontent.com,Business & Consumer Services,0.8166666666666667
466,17,fastpic.org,Business & Consumer Services,6.7
467,18,kalunga.com.br,Business & Consumer Services,4.033333333333333
468,19,entrepreneur.com,Business & Consumer Services,0.85
469,20,staples.ca,Business & Consumer Services,2.7
470,21,ymag.cloud,Business & Consumer Services,2.9833333333333334
471,22,bueromarkt-ag.de,Business & Consumer Services,3.45
472,23,komus.ru,Business & Consumer Services,6.1
473,24,avery.com,Business & Consumer Services,6.983333333333333
474,25,lexoffice.de,Business & Consumer Services,13.133333333333333
475,26,smaregi.jp,Business & Consumer Services,9.166666666666666
476,27,listafirme.ro,Business & Consumer Services,2.35
477,28,promobit.com.br,Business & Consumer Services,3.6666666666666665
478,29,timepad.ru,Business & Consumer Services,2.5166666666666666
480,31,happyscribe.com,Business & Consumer Services,3.2666666666666666
481,32,dteenergy.com,Business & Consumer Services,3.6333333333333333
482,33,startrack.com.au,Business & Consumer Services,3.0
483,34,comune.milano.it,Business & Consumer Services,5.033333333333333
484,35,viking.com,Business & Consumer Services,5.15
486,37,quill.com,Business & Consumer Services,4.016666666666667
487,38,etrusted.com,Business & Consumer Services,1.2833333333333332
488,39,sendle.com,Business & Consumer Services,2.2666666666666666
490,41,ginifab.com,Business & Consumer Services,0.9833333333333333
491,42,ni-vms.com,Business & Consumer Services,24.85
492,43,sitejabber.com,Business & Consumer Services,1.35
493,44,pantone.com,Business & Consumer Services,2.35
494,45,vistaprint.fr,Business & Consumer Services,7.816666666666666
495,46,webmail.jimdo.com,Business & Consumer Services,8.316666666666666
496,47,bestcarton.com,Business & Consumer Services,1.7333333333333334
497,48,payplug.com,Business & Consumer Services,3.7
498,49,officemag.ru,Business & Consumer Services,4.183333333333334
500,1,shopify.com,Business & Consumer Services,14.166666666666666
501,2,cybozu.com,Business & Consumer Services,23.966666666666665
502,3,shop.app,Business & Consumer Services,2.15
503,4,qualtrics.com,Business & Consumer Services,2.033333333333333
504,5,narvar.com,Business & Consumer Services,1.2
505,6,mynavi.jp,Business & Consumer Services,3.1
506,7,search.app,Business & Consumer Services,1.1666666666666667
508,9,chatwork.com,Business & Consumer Services,25.533333333333335
510,11,squareup.com,Business & Consumer Services,4.583333333333333
511,12,klclick.com,Business & Consumer Services,0.4666666666666667
513,14,reclameaqui.com.br,Business & Consumer Services,2.25
514,15,medallia.com,Business & Consumer Services,2.033333333333333
516,17,sbis.ru,Business & Consumer Services,9.266666666666667
517,18,statista.com,Business & Consumer Services,1.7166666666666668
518,19,canadapost-postescanada.ca,Business & Consumer Services,2.3166666666666664
520,21,ycombinator.com,Business & Consumer Services,3.0166666666666666
521,22,wp.com,Business & Consumer Services,1.5
522,23,rusprofile.ru,Business & Consumer Services,2.783333333333333
524,25,niconsul.com,Business & Consumer Services,21.616666666666667
525,26,sapsf.com,Business & Consumer Services,6.233333333333333
526,27,ahrefs.com,Business & Consumer Services,6.516666666666667
527,28,kingoftime.jp,Business & Consumer Services,5.716666666666667
528,29,spokeo.com,Business & Consumer Services,2.8
529,30,accenture.com,Business & Consumer Services,8.766666666666667
530,31,tremendous.com,Business & Consumer Services,1.1666666666666667
531,32,saby.ru,Business & Consumer Services,6.3
532,33,basecamp.com,Business & Consumer Services,14.216666666666667
533,34,booksy.com,Business & Consumer Services,4.05
535,36,dataannotation.tech,Business & Consumer Services,7.366666666666666
537,38,pm.by,Business & Consumer Services,10.033333333333333
538,39,ariba.com,Business & Consumer Services,9.416666666666666
539,40,rocketreach.co,Business & Consumer Services,2.4833333333333334
540,41,pappers.fr,Business & Consumer Services,3.3666666666666667
541,42,tableau.com,Business & Consumer Services,6.583333333333333
542,43,pm-srv.co,Business & Consumer Services,0.43333333333333335
543,44,newsmemory.com,Business & Consumer Services,1.5833333333333335
544,45,rs6.net,Business & Consumer Services,1.0
545,46,inc.com,Business & Consumer Services,0.8
546,47,navitime.biz,Business & Consumer Services,4.833333333333333
547,48,chouseisan.com,Business & Consumer Services,2.9833333333333334
548,49,spectrumsurveys.com,Business & Consumer Services,3.7
549,50,acuityscheduling.com,Business & Consumer Services,5.166666666666667
551,2,fractionfridgejudiciary.com,Business & Consumer Services,3.783333333333333
552,3,totaladblock.com,Business & Consumer Services,3.5666666666666664
554,5,smartnews-ads.com,Business & Consumer Services,1.9
555,6,hotosena.com,Business & Consumer Services,1.0166666666666666
558,9,rstyle.me,Business & Consumer Services,1.6166666666666667
559,10,innovid.com,Business & Consumer Services,0.55
561,12,cint.com,Business & Consumer Services,3.9
562,13,ssisurveys.com,Business & Consumer Services,3.5
563,14,yougov.com,Business & Consumer Services,4.533333333333333
564,15,constantcontact.com,Business & Consumer Services,3.3666666666666667
566,17,samplicio.us,Business & Consumer Services,4.6
567,18,g.page,Business & Consumer Services,0.55
568,19,appier.net,Business & Consumer Services,0.7333333333333333
569,20,dpgmedia.nl,Business & Consumer Services,0.5833333333333334
570,21,alchemer.com,Business & Consumer Services,2.6333333333333333
571,22,rsch.jp,Business & Consumer Services,5.616666666666667
572,23,ipsosinteractive.com,Business & Consumer Services,3.716666666666667
574,25,cpx-research.com,Business & Consumer Services,3.5833333333333335
575,26,dynalyst.jp,Business & Consumer Services,1.75
577,28,clubjt.jp,Business & Consumer Services,2.55
579,30,mobilexpression.com,Business & Consumer Services,1.4166666666666667
580,31,msha.ke,Business & Consumer Services,0.35
581,32,lifepointspanel.com,Business & Consumer Services,6.866666666666667
583,34,ipsosisay.com,Business & Consumer Services,4.85
586,37,cloudresearch.com,Business & Consumer Services,5.416666666666667
587,38,arminius.io,Business & Consumer Services,0.3
589,40,surveyjunkie.com,Business & Consumer Services,8.483333333333333
590,41,empower.com,Business & Consumer Services,1.0833333333333333
591,42,anketolog.ru,Business & Consumer Services,2.1666666666666665
592,43,vista.com,Business & Consumer Services,3.716666666666667
593,44,traffichaus.com,Business & Consumer Services,0.5833333333333334
595,46,sprinklr.com,Business & Consumer Services,6.266666666666667
596,47,brevo.com,Business & Consumer Services,10.3
597,48,cross-m.co.jp,Business & Consumer Services,2.4333333333333336
598,49,surveoo.com,Business & Consumer Services,3.9333333333333336
600,1,linktr.ee,Business & Consumer Services,1.5666666666666667
601,2,smadex.com,Business & Consumer Services,2.1666666666666665
602,3,kmail-lists.com,Business & Consumer Services,0.6
603,4,hubspot.com,Business & Consumer Services,19.183333333333334
604,5,adfixus.com,Business & Consumer Services,0.25
606,7,bling.com.br,Business & Consumer Services,21.35
607,8,youappi.com,Business & Consumer Services,0.7166666666666667
608,9,theadex.com,Business & Consumer Services,3.4166666666666665
609,10,gemius.com,Business & Consumer Services,0.5
610,11,semrush.com,Business & Consumer Services,6.35
611,12,noataque.com.br,Business & Consumer Services,0.75
612,13,similarweb.com,Business & Consumer Services,12.7
613,14,research-panel.jp,Business & Consumer Services,3.8333333333333335
614,15,reaper-scan.net,Business & Consumer Services,22.6
615,16,webinarjam.com,Business & Consumer Services,2.1333333333333333
616,17,gohighlevel.com,Business & Consumer Services,14.766666666666667
617,18,ehub.cz,Business & Consumer Services,0.21666666666666667
618,19,pubmatic.com,Business & Consumer Services,8.616666666666667
619,20,smaato.com,Business & Consumer Services,8.983333333333333
620,21,tidd.ly,Business & Consumer Services,0.95
621,22,simplycodes.com,Business & Consumer Services,2.9833333333333334
622,23,top10.com,Business & Consumer Services,0.9666666666666667
623,24,sejaefi.com.br,Business & Consumer Services,3.6333333333333333
624,25,publer.com,Business & Consumer Services,2.0833333333333335
625,26,getresponse.com,Business & Consumer Services,4.416666666666667
626,27,magalu.com,Business & Consumer Services,6.4
627,28,clicksign.com,Business & Consumer Services,6.483333333333333
628,29,usertesting.com,Business & Consumer Services,9.033333333333333
629,30,teachy.com.br,Business & Consumer Services,5.266666666666667
630,31,appsamurai.com,Business & Consumer Services,1.5166666666666666
631,32,bioma.health,Business & Consumer Services,1.3
632,33,urlgeni.us,Business & Consumer Services,0.5
633,34,ayetstudios.com,Business & Consumer Services,2.0
634,35,flodesk.com,Business & Consumer Services,3.216666666666667
635,36,tatlerasia.com,Business & Consumer Services,1.4166666666666667
636,37,shoplazza.com,Business & Consumer Services,1.0333333333333334
637,38,convertkit.com,Business & Consumer Services,0.4166666666666667
638,39,55content.com.br,Business & Consumer Services,0.21666666666666667
639,40,impact.com,Business & Consumer Services,11.55
640,41,livechat.com,Business & Consumer Services,2.7
641,42,hybrid.ai,Business & Consumer Services,0.9833333333333333
642,43,statcounter.com,Business & Consumer Services,5.25
643,44,blackhatworld.com,Business & Consumer Services,4.166666666666667
644,45,yourselfirst.com,Business & Consumer Services,6.433333333333334
645,46,cleverreach.com,Business & Consumer Services,1.8666666666666667
646,47,remerge.io,Business & Consumer Services,0.7666666666666667
647,48,brandbee.io,Business & Consumer Services,0.6666666666666666
648,49,leadconnectorhq.com,Business & Consumer Services,2.9833333333333334
649,50,salesloft.com,Business & Consumer Services,22.516666666666666
650,1,springer.com,Business & Consumer Services,3.216666666666667
652,3,calameo.com,Business & Consumer Services,1.95
653,4,frns.in,Business & Consumer Services,1.45
654,5,ebsco.com,Business & Consumer Services,5.116666666666666
655,6,shueisha.online,Business & Consumer Services,2.466666666666667
656,7,povo.jp,Business & Consumer Services,3.283333333333333
657,8,vistaprint.com,Business & Consumer Services,6.6
659,10,unobravo.com,Business & Consumer Services,3.1333333333333333
660,11,emerald.com,Business & Consumer Services,2.75
661,12,hubscuola.it,Business & Consumer Services,10.783333333333333
662,13,lerobert.com,Business & Consumer Services,2.033333333333333
663,14,condenast.com,Business & Consumer Services,0.7333333333333333
664,15,tospo-keiba.jp,Business & Consumer Services,3.0833333333333335
665,16,printfriendly.com,Business & Consumer Services,1.6333333333333333
668,19,nowaera.pl,Business & Consumer Services,4.3
669,20,sanoma.fi,Business & Consumer Services,1.3833333333333333
670,21,printpac.co.jp,Business & Consumer Services,9.116666666666667
671,22,querie.me,Business & Consumer Services,2.0
672,23,stickermule.com,Business & Consumer Services,2.25
673,24,agniban.com,Business & Consumer Services,1.8
674,25,abeka.com,Business & Consumer Services,6.116666666666666
675,26,wolterskluwer.pl,Business & Consumer Services,2.2333333333333334
676,27,maruzenjunkudo.co.jp,Business & Consumer Services,2.1166666666666667
677,28,devoto-oli-junior.it,Business & Consumer Services,0.5
678,29,lulu.com,Business & Consumer Services,4.083333333333333
679,30,vistaprint.com.au,Business & Consumer Services,4.433333333333334
680,31,deluxe.com,Business & Consumer Services,4.7
681,32,acx.com,Business & Consumer Services,3.4333333333333336
682,33,tkj.jp,Business & Consumer Services,2.2333333333333334
684,35,gelato.com,Business & Consumer Services,5.55
685,36,ehonnavi.net,Business & Consumer Services,2.85
686,37,liebertpub.com,Business & Consumer Services,1.4166666666666667
687,38,flyeralarm.com,Business & Consumer Services,5.416666666666667
688,39,otava.fi,Business & Consumer Services,14.333333333333334
689,40,vistaprint.co.uk,Business & Consumer Services,6.783333333333333
690,41,php.co.jp,Business & Consumer Services,2.2
691,42,edelweiss.plus,Business & Consumer Services,11.933333333333334
692,43,mediasphera.ru,Business & Consumer Services,0.6833333333333333
693,44,printavo.com,Business & Consumer Services,16.483333333333334
694,45,moo.com,Business & Consumer Services,4.583333333333333
695,46,portalebambini.it,Business & Consumer Services,1.8166666666666667
696,47,igi-global.com,Business & Consumer Services,1.5
697,48,secutix.com,Business & Consumer Services,4.766666666666667
698,49,pianetabambini.it,Business & Consumer Services,3.6166666666666667
699,50,hachettebookgroup.com,Business & Consumer Services,0.7166666666666667
700,1,zillow.com,Business & Consumer Services,5.966666666666667
702,3,redfin.com,Business & Consumer Services,4.35
703,4,rightmove.co.uk,Business & Consumer Services,8.3
705,6,idealista.com,Business & Consumer Services,7.366666666666666
706,7,homes.com,Business & Consumer Services,4.2
709,10,immobilienscout24.de,Business & Consumer Services,6.5
710,11,homes.co.jp,Business & Consumer Services,5.3
711,12,immobiliare.it,Business & Consumer Services,6.483333333333333
712,13,idealista.it,Business & Consumer Services,6.166666666666667
713,14,cian.ru,Business & Consumer Services,6.616666666666667
714,15,realtor.ca,Business & Consumer Services,6.383333333333334
715,16,trulia.com,Business & Consumer Services,4.966666666666667
716,17,funda.nl,Business & Consumer Services,5.683333333333334
717,18,zoopla.co.uk,Business & Consumer Services,6.516666666666667
720,21,seloger.com,Business & Consumer Services,5.116666666666666
721,22,otodom.pl,Business & Consumer Services,5.266666666666667
722,23,zapimoveis.com.br,Business & Consumer Services,5.7
723,24,appfolio.com,Business & Consumer Services,7.933333333333334
725,26,domain.com.au,Business & Consumer Services,5.066666666666666
726,27,quintoandar.com.br,Business & Consumer Services,4.166666666666667
727,28,onthemarket.com,Business & Consumer Services,5.016666666666667
728,29,vivareal.com.br,Business & Consumer Services,5.533333333333333
729,30,onehome.com,Business & Consumer Services,4.733333333333333
730,31,property24.com,Business & Consumer Services,5.716666666666667
731,32,housing.com,Business & Consumer Services,3.3166666666666664
732,33,immowelt.de,Business & Consumer Services,5.1
733,34,hemnet.se,Business & Consumer Services,5.3
734,35,matterport.com,Business & Consumer Services,2.25
735,36,chavesnamao.com.br,Business & Consumer Services,10.0
736,37,realestate.yahoo.co.jp,Business & Consumer Services,1.5833333333333335
737,38,fotocasa.es,Business & Consumer Services,4.466666666666667
738,39,centris.ca,Business & Consumer Services,7.583333333333333
739,40,nobroker.in,Business & Consumer Services,3.8166666666666664
741,42,magicbricks.com,Business & Consumer Services,3.3666666666666667
742,43,hepsiemlak.com,Business & Consumer Services,5.35
743,44,zonaprop.com.ar,Business & Consumer Services,5.816666666666666
744,45,casa.it,Business & Consumer Services,4.4
745,46,idealista.pt,Business & Consumer Services,7.866666666666667
746,47,bienici.com,Business & Consumer Services,4.2
747,48,emlakjet.com,Business & Consumer Services,4.316666666666666
749,50,batdongsan.com.vn,Business & Consumer Services,6.4
750,1,hausfrage.de,Business & Consumer Services,0.75
751,2,astound.com,Business & Consumer Services,3.0166666666666666
752,3,igv.com,Business & Consumer Services,2.7
754,5,smartmoving.com,Business & Consumer Services,15.283333333333333
755,6,allconnect.com,Business & Consumer Services,0.7833333333333333
756,7,taikyokun.com,Business & Consumer Services,9.066666666666666
759,10,sincellclinic.com,Business & Consumer Services,1.1833333333333333
760,11,supermove.co,Business & Consumer Services,7.15
761,12,budgetsmart.net,Business & Consumer Services,1.0333333333333334
762,13,everreal.co,Business & Consumer Services,1.35
763,14,umziehen.de,Business & Consumer Services,1.1333333333333333
764,15,comparemymove.com,Business & Consumer Services,1.2166666666666668
765,16,mietrecht.com,Business & Consumer Services,1.1333333333333333
766,17,reallymoving.com,Business & Consumer Services,12.783333333333333
767,18,mypieceofcakemove.com,Business & Consumer Services,1.9333333333333333
768,19,promietrecht.de,Business & Consumer Services,1.5166666666666666
769,20,smooth.jp,Business & Consumer Services,0.5
770,21,allmysons.com,Business & Consumer Services,1.9166666666666665
771,22,hireahelper.com,Business & Consumer Services,1.6666666666666665
772,23,tokyobeta.jp,Business & Consumer Services,2.1
773,24,movebuddha.com,Business & Consumer Services,0.7333333333333333
774,25,movingwaldo.com,Business & Consumer Services,0.95
775,26,narutouacjp.sharepoint.com,Business & Consumer Services,
776,27,jonan73.jp,Business & Consumer Services,3.2
777,28,mieterengel.de,Business & Consumer Services,1.85
778,29,2movers.com,Business & Consumer Services,0.6833333333333333
780,31,strideup.co,Business & Consumer Services,2.716666666666667
781,32,mieterhilfeverein.de,Business & Consumer Services,0.9333333333333333
782,33,budenheld.de,Business & Consumer Services,1.6166666666666667
784,35,sirva.com,Business & Consumer Services,5.266666666666667
785,36,move.org,Business & Consumer Services,1.35
786,37,movetrac.com,Business & Consumer Services,2.283333333333333
787,38,iammoving.com,Business & Consumer Services,0.15
788,39,graebel.com,Business & Consumer Services,5.583333333333333
790,41,spectrumonlineoffers.com,Business & Consumer Services,2.183333333333333
792,43,northamerican.com,Business & Consumer Services,1.05
793,44,sumai-kyokasho.net,Business & Consumer Services,1.5166666666666666
794,45,homeservices.com,Business & Consumer Services,0.7666666666666667
795,46,abg.de,Business & Consumer Services,1.0333333333333334
796,47,j-jp.jp,Business & Consumer Services,0.3333333333333333
797,48,surveybooker.co.uk,Business & Consumer Services,4.6
799,50,americanvanlines.com,Business & Consumer Services,0.5666666666666667
800,1,usps.com,Business & Consumer Services,2.7333333333333334
802,3,fedex.com,Business & Consumer Services,3.283333333333333
804,5,dhl.de,Business & Consumer Services,2.65
806,7,evri.com,Business & Consumer Services,3.466666666666667
807,8,jorudan.co.jp,Business & Consumer Services,4.133333333333334
809,10,myhermes.de,Business & Consumer Services,1.8166666666666667
810,11,17track.net,Business & Consumer Services,2.1
811,12,pochta.ru,Business & Consumer Services,3.533333333333333
813,14,auspost.com.au,Business & Consumer Services,3.0166666666666666
814,15,cdek.ru,Business & Consumer Services,10.283333333333333
816,17,dpd.de,Business & Consumer Services,2.8833333333333333
817,18,dpdgroup.com,Business & Consumer Services,2.466666666666667
821,22,mondialrelay.fr,Business & Consumer Services,1.8333333333333335
822,23,chronopost.fr,Business & Consumer Services,2.183333333333333
823,24,ptt.gov.tr,Business & Consumer Services,2.1166666666666667
824,25,inpost.pl,Business & Consumer Services,2.25
825,26,aftership.com,Business & Consumer Services,1.5833333333333335
826,27,dpd.co.uk,Business & Consumer Services,3.95
827,28,aramex.com,Business & Consumer Services,2.0166666666666666
828,29,shipstation.com,Business & Consumer Services,8.283333333333333
829,30,ati.su,Business & Consumer Services,15.65
831,32,correos.es,Business & Consumer Services,2.966666666666667
833,34,track24.ru,Business & Consumer Services,1.1
834,35,ontrac.com,Business & Consumer Services,2.0833333333333335
835,36,vesselfinder.com,Business & Consumer Services,3.1666666666666665
836,37,dpd.com,Business & Consumer Services,1.45
837,38,novaposhta.ua,Business & Consumer Services,6.366666666666666
838,39,mngkargo.com.tr,Business & Consumer Services,1.7166666666666668
839,40,purolator.com,Business & Consumer Services,4.016666666666667
840,41,gls-group.eu,Business & Consumer Services,1.8166666666666667
841,42,gls-pakete.de,Business & Consumer Services,1.8
843,44,post.ch,Business & Consumer Services,3.3
846,47,samsara.com,Business & Consumer Services,16.366666666666667
847,48,yurticikargo.com,Business & Consumer Services,4.116666666666666
850,1,vevor.com,Business & Consumer Services,2.5833333333333335
852,3,brother.co.jp,Business & Consumer Services,3.8333333333333335
853,4,messefrankfurt.com,Business & Consumer Services,2.066666666666667
855,6,jysk.com,Business & Consumer Services,2.6666666666666665
856,7,volza.com,Business & Consumer Services,2.716666666666667
857,8,raskinexecsearch.com,Business & Consumer Services,1.2666666666666666
858,9,burlington.com,Business & Consumer Services,2.0166666666666666
862,13,visualcomfort.com,Business & Consumer Services,5.133333333333334
863,14,made-in.be,Business & Consumer Services,1.2
864,15,karsten.com.br,Business & Consumer Services,2.466666666666667
866,17,shopvox.com,Business & Consumer Services,21.083333333333332
867,18,naperol.com,Business & Consumer Services,43.916666666666664
868,19,go4worldbusiness.com,Business & Consumer Services,2.85
869,20,shinsegaegroupnewsroom.com,Business & Consumer Services,2.65
870,21,kita.net,Business & Consumer Services,5.016666666666667
871,22,exxon.com,Business & Consumer Services,1.4166666666666667
873,24,tendata.cn,Business & Consumer Services,4.433333333333334
874,25,abfrl.com,Business & Consumer Services,2.0833333333333335
875,26,intertek.com,Business & Consumer Services,2.3166666666666664
876,27,infosalons.com.cn,Business & Consumer Services,0.35
877,28,bharat-tex.com,Business & Consumer Services,8.883333333333333
878,29,odpbusiness.com,Business & Consumer Services,5.45
879,30,designinfo.in,Business & Consumer Services,0.8
880,31,qima.com,Business & Consumer Services,1.2666666666666666
881,32,synchronybusiness.com,Business & Consumer Services,5.7
882,33,dmc.com,Business & Consumer Services,2.7333333333333334
883,34,chevignon.com.co,Business & Consumer Services,4.066666666666666
884,35,fourhands.com,Business & Consumer Services,5.85
886,37,ninja-sign.com,Business & Consumer Services,6.316666666666666
887,38,sk.com,Business & Consumer Services,1.8666666666666667
889,40,spa-cloud.com,Business & Consumer Services,4.45
890,41,trademo.com,Business & Consumer Services,2.7333333333333334
891,42,adityabirla.com,Business & Consumer Services,2.5
892,43,gore.com,Business & Consumer Services,1.1166666666666667
894,45,lemaire.fr,Business & Consumer Services,2.033333333333333
895,46,candy-group.com,Business & Consumer Services,0.35
896,47,vzconnect.com,Business & Consumer Services,1.4666666666666668
897,48,pidilite.com,Business & Consumer Services,11.75
898,49,voltas.com,Business & Consumer Services,1.1
899,50,toscano.it,Business & Consumer Services,2.066666666666667
1300,1,vkvideo.ru,Technology,7.0
1301,2,comick.io,Technology,12.633333333333333
1302,3,ixbt.com,Technology,1.5166666666666666
1303,4,lenovo.com,Technology,4.133333333333334
1304,5,nvidia.com,Technology,3.3833333333333333
1305,6,dell.com,Technology,4.333333333333333
1306,7,asus.com,Technology,3.7333333333333334
1307,8,zoom.com,Technology,1.5666666666666667
1308,9,ibm.com,Technology,6.1
1309,10,nova.rs,Technology,1.7
1310,11,intel.com,Technology,3.9333333333333336
1311,12,msi.com,Technology,3.183333333333333
1312,13,tomshardware.com,Technology,1.2166666666666668
1313,14,amd.com,Technology,3.4
1314,15,apple.com.cn,Technology,1.8333333333333335
1315,16,technical.city,Technology,2.65
1316,17,overclockers.ru,Technology,1.4
1317,18,3dnews.ru,Technology,1.6
1318,19,microcenter.com,Technology,4.616666666666667
1319,20,ricoh.com,Technology,9.383333333333333
1320,21,pcpartpicker.com,Technology,8.033333333333333
1321,22,notebookcheck.com,Technology,1.3333333333333333
1323,24,arduino.cc,Technology,4.85
1324,25,litetekno.com,Technology,2.6666666666666665
1327,28,gigabyte.com,Technology,3.3333333333333335
1328,29,neoseeker.com,Technology,3.3
1329,30,fujitsu.com,Technology,8.4
1330,31,corsair.com,Technology,2.183333333333333
1331,32,pc-koubou.jp,Technology,3.2666666666666666
1333,34,geni.us,Technology,0.9666666666666667
1334,35,techspot.com,Technology,1.3
1335,36,lenovo.com.cn,Technology,3.25
1336,37,asrock.com,Technology,3.1
1337,38,sweclockers.com,Technology,3.966666666666667
1338,39,benchmark.pl,Technology,0.9333333333333333
1340,41,westerndigital.com,Technology,1.9
1341,42,guru3d.com,Technology,1.1166666666666667
1343,44,adrenaline.com.br,Technology,0.75
1344,45,gigatron.rs,Technology,2.3833333333333333
1347,48,gazlog.jp,Technology,1.2
1348,49,overclockers.co.uk,Technology,2.9833333333333334
1349,50,zfrontier.com,Technology,1.2333333333333334
1350,1,duosecurity.com,Technology,1.0166666666666666
1351,2,adblockplus.org,Technology,0.13333333333333333
1352,3,pages.dev,Technology,2.966666666666667
1354,5,mywot.com,Technology,0.11666666666666667
1355,6,360.cn,Technology,1.8
1356,7,cloudflare.com,Technology,5.183333333333334
1357,8,norton.com,Technology,3.05
1358,9,mcafee.com,Technology,1.6333333333333333
1359,10,totalav.com,Technology,1.1666666666666667
1360,11,bcnexum.com,Technology,23.8
1362,13,virustotal.com,Technology,2.8333333333333335
1364,15,n.cn,Technology,4.816666666666666
1366,17,kaspersky.com,Technology,3.216666666666667
1367,18,topicrich.com,Technology,11.65
1368,19,odysee.com,Technology,3.75
1369,20,lanzouw.com,Technology,1.7833333333333332
1372,23,kmcert.com,Technology,1.6166666666666667
1373,24,avg.com,Technology,1.55
1374,25,bitdefender.com,Technology,3.533333333333333
1376,27,hoathinh3d.live,Technology,8.616666666666667
1377,28,linux.do,Technology,12.316666666666666
1378,29,faselplus.com,Technology,6.133333333333334
1379,30,eset.com,Technology,4.3
1380,31,opendns.com,Technology,1.9666666666666668
1381,32,comss.ru,Technology,2.6166666666666667
1382,33,santanderopenacademy.com,Technology,5.933333333333334
1383,34,avira.com,Technology,1.85
1384,35,theregister.com,Technology,2.183333333333333
1385,36,pimeyes.com,Technology,3.533333333333333
1386,37,kaspersky.ru,Technology,1.9166666666666665
1387,38,fortinet.com,Technology,6.516666666666667
1390,41,paloaltonetworks.com,Technology,4.616666666666667
1392,43,tryhackme.com,Technology,5.083333333333333
1393,44,knowbe4.com,Technology,8.833333333333334
1394,45,lanzouv.com,Technology,1.5
1395,46,itglue.com,Technology,8.733333333333333
1396,47,yandex.cloud,Technology,4.533333333333333
1397,48,downdetector.su,Technology,1.4333333333333333
1398,49,pingidentity.com,Technology,2.2333333333333334
1399,50,vpnoverview.com,Technology,0.8666666666666667
1400,1,sharepoint.com,Tools,7.55
1401,2,t.me,Tools,2.8333333333333335
1402,3,zoom.us,Tools,3.65
1403,4,openai.com,Tools,1.7833333333333332
1405,6,brave.com,Tools,3.85
1406,7,aol.com,Tools,10.5
1407,8,kakao.com,Tools,2.85
1408,9,character.ai,Tools,17.383333333333333
1409,10,note.com,Tools,2.5833333333333335
1410,11,wordpress.com,Tools,3.9166666666666665
1411,12,okta.com,Tools,3.85
1412,13,tistory.com,Tools,3.6666666666666665
1413,14,notion.so,Tools,9.133333333333333
1414,15,adjust.com,Tools,1.0
1415,16,cloud.mail.ru,Tools,5.0
1416,17,kick.com,Tools,8.333333333333334
1418,19,speedtest.net,Tools,2.6333333333333333
1419,20,goo.gl,Tools,0.7333333333333333
1420,21,amazonaws.com,Tools,3.6833333333333336
1421,22,itmedia.co.jp,Tools,1.6833333333333333
1422,23,figma.com,Tools,14.016666666666667
1423,24,zendesk.com,Tools,7.616666666666667
1426,27,pantip.com,Tools,2.5166666666666666
1427,28,g.co,Tools,0.75
1428,29,gsmarena.com,Tools,2.8666666666666667
1429,30,weibo.cn,Tools,6.55
1430,31,fast.com,Tools,1.7833333333333332
1431,32,hotmart.com,Tools,6.566666666666666
1432,33,stackexchange.com,Tools,1.7666666666666666
1433,34,ppomppu.co.kr,Tools,9.883333333333333
1435,36,chip.de,Tools,1.25
1436,37,croxyproxy.com,Tools,1.35
1437,38,att.net,Tools,2.6833333333333336
1438,39,guard.io,Tools,1.5166666666666666
1439,40,tinyurl.com,Tools,0.9166666666666666
1440,41,free.fr,Tools,5.483333333333333
1441,42,xataka.com,Tools,0.9
1442,43,music.apple.com,Tools,3.033333333333333
1443,44,tomsguide.com,Tools,1.1833333333333333
1444,45,telegram.me,Tools,1.6
1446,47,asana.com,Tools,11.45
1447,48,surveymonkey.com,Tools,2.1166666666666667
1449,50,habr.com,Tools,2.4833333333333334
1450,1,samsung.com,Technology,1.6666666666666665
1451,2,apple.com,Technology,2.5
1452,3,bestbuy.com,Technology,4.266666666666667
1453,4,huawei.com,Technology,9.8
1454,5,hp.com,Technology,4.466666666666667
1455,6,mi.com,Technology,2.7
1456,7,mediaexpert.pl,Technology,3.4333333333333336
1458,9,danawa.com,Technology,4.933333333333334
1459,10,samsung.com.cn,Technology,0.9333333333333333
1461,12,sony.com,Technology,1.9666666666666668
1462,13,mediamarkt.de,Technology,3.3333333333333335
1463,14,ring.com,Technology,3.8166666666666664
1464,15,lg.com,Technology,2.183333333333333
1465,16,roku.com,Technology,4.616666666666667
1466,17,cellphones.com.vn,Technology,2.5833333333333335
1468,19,shop.samsung.com.cn,Technology,2.2333333333333334
1469,20,shop.samsung.com,Technology,2.0
1470,21,jbhifi.com.au,Technology,3.6166666666666667
1473,24,euro.com.pl,Technology,2.5
1474,25,versus.com,Technology,2.15
1475,26,fptshop.com.vn,Technology,3.4333333333333336
1476,27,bestbuy.ca,Technology,3.3666666666666667
1477,28,newegg.com,Technology,4.566666666666666
1478,29,realme.com,Technology,1.5166666666666666
1479,30,rfgricoh.sharepoint.com,Technology,12.816666666666666
1480,31,bhphotovideo.com,Technology,3.283333333333333
1481,32,vivo.com,Technology,1.2166666666666668
1484,35,oppo.com,Technology,1.6
1485,36,kabum.com.br,Technology,3.966666666666667
1486,37,dji.com,Technology,3.1
1487,38,panasonic.jp,Technology,3.1666666666666665
1488,39,xiaomi.com,Technology,4.35
1489,40,casio.com,Technology,2.1166666666666667
1490,41,darty.com,Technology,3.0833333333333335
1491,42,pccomponentes.com,Technology,3.8833333333333333
1492,43,sony.jp,Technology,3.0833333333333335
1494,45,casio.jp,Technology,2.8333333333333335
1495,46,uscellular.com,Technology,4.566666666666666
1496,47,webuy.com,Technology,6.0
1497,48,rtings.com,Technology,2.6
1498,49,samsungcareplus.com,Technology,1.7833333333333332
1499,50,mediamarkt.es,Technology,2.75
1500,1,live.com,Tools,7.233333333333333
1501,2,mail.ru,Tools,7.8
1502,3,outlook.com,Tools,1.5
1503,4,web.de,Tools,6.266666666666667
1504,5,gmail.com,Tools,1.0166666666666666
1505,6,gmx.net,Tools,5.983333333333333
1506,7,list-manage.com,Tools,1.0
1509,10,hotmail.com,Tools,1.5
1511,12,evite.com,Tools,2.8833333333333333
1512,13,szn.cz,Tools,2.716666666666667
1513,14,tv-sporten.com,Tools,1.1
1514,15,temp-mail.org,Tools,4.666666666666667
1515,16,freemail.hu,Tools,6.883333333333333
1516,17,mailchimp.com,Tools,8.733333333333333
1517,18,linkedinmobileapp.com,Tools,0.16666666666666666
1518,19,mailchi.mp,Tools,1.1166666666666667
1519,20,mail.com,Tools,5.666666666666667
1520,21,emailnator.com,Tools,1.6833333333333333
1521,22,odido.nl,Tools,3.8166666666666664
1522,23,chatgptchatapp.com,Tools,4.45
1523,24,families.google,Tools,1.0666666666666667
1524,25,126.com,Tools,5.466666666666667
1525,26,mimecast.com,Tools,7.05
1528,29,liveinternet.ru,Tools,5.633333333333333
1529,30,gmx.ch,Tools,3.75
1530,31,posteo.de,Tools,5.2
1531,32,mlsend.com,Tools,0.8833333333333333
1532,33,webmail.free.fr,Tools,6.1
1533,34,kpnmail.nl,Tools,5.583333333333333
1534,35,fastmail.com,Tools,11.0
1537,38,gmx.com,Tools,5.916666666666667
1538,39,mpse.jp,Tools,1.1333333333333333
1541,42,cmail19.com,Tools,0.7166666666666667
1542,43,ferozo.email,Tools,14.233333333333333
1544,45,ok.de,Tools,21.466666666666665
1545,46,mail.bg,Tools,5.566666666666666
1546,47,cmail20.com,Tools,0.6166666666666667
1548,49,yopmail.com,Tools,4.8
1549,50,networksolutionsemail.com,Tools,7.633333333333333
1550,1,mediafire.com,Tools,3.55
1551,2,dropbox.com,Tools,5.383333333333334
1552,3,savefrom.net,Tools,3.1166666666666667
1553,4,imgur.com,Tools,2.6166666666666667
1554,5,mega.nz,Tools,4.133333333333334
1555,6,wetransfer.com,Tools,2.5166666666666666
1556,7,wearychallengeraise.com,Tools,1.2833333333333332
1557,8,box.com,Tools,11.4
1558,9,videy.co,Tools,7.75
1561,12,gofile.io,Tools,3.4833333333333334
1563,14,rainberrytv.com,Tools,3.8
1564,15,rapidgator.net,Tools,5.233333333333333
1566,17,apkmody.com,Tools,1.1666666666666667
1569,20,gamerxyt.com,Tools,3.0166666666666666
1570,21,yt1d.com,Tools,2.55
1571,22,1fichier.com,Tools,3.15
1572,23,1024tera.com,Tools,3.9833333333333334
1573,24,mixdrop.ps,Tools,4.666666666666667
1575,26,katfile.com,Tools,3.9333333333333336
1577,28,terabox.com,Tools,3.3666666666666667
1578,29,ibb.co,Tools,2.5833333333333335
1579,30,utorrent.com,Tools,1.3166666666666667
1580,31,freeip.me,Tools,2.3333333333333335
1582,33,advertisingcamps.com,Tools,5.616666666666667
1583,34,yummyadvertiseexploded.com,Tools,1.4333333333333333
1584,35,shrinkme.ink,Tools,3.35
1585,36,vcloud.lol,Tools,3.9833333333333334
1586,37,snapinsta.app,Tools,1.4833333333333334
1589,40,linkmake.in,Tools,3.6166666666666667
1591,42,pixeldra.in,Tools,3.3333333333333335
1592,43,devuploads.com,Tools,3.716666666666667
1593,44,mrproblogger.com,Tools,4.033333333333333
1595,46,k2s.cc,Tools,4.65
1597,48,readthedocs.io,Tools,3.6333333333333333
1598,49,postimg.cc,Tools,2.8
1599,50,hblinks.pro,Tools,3.4333333333333336
1600,1,canva.com,Tools,7.416666666666667
1601,2,doanaudabu.net,Tools,6.65
1602,3,remove.bg,Tools,4.233333333333333
1604,5,jotform.com,Tools,3.6
1605,6,capcut.com,Tools,3.6833333333333336
1606,7,me-qr.com,Tools,2.1333333333333333
1607,8,hailuoai.video,Tools,8.516666666666667
1608,9,saveclip.app,Tools,3.066666666666667
1609,10,affinity.net,Tools,0.8
1610,11,manage.wix.com,Tools,9.0
1611,12,iloveimg.com,Tools,4.2
1612,13,envato.com,Tools,7.266666666666667
1613,14,freeconvert.com,Tools,2.85
1614,15,beacons.ai,Tools,0.9166666666666666
1615,16,nordot.app,Tools,0.8666666666666667
1616,17,litaudrootsa.net,Tools,3.8166666666666664
1617,18,lit.link,Tools,2.4833333333333334
1618,19,dafont.com,Tools,4.3
1619,20,klingai.com,Tools,9.55
1620,21,loom.com,Tools,4.716666666666667
1621,22,snapsave.app,Tools,3.0
1622,23,nexdrive.lol,Tools,4.333333333333333
1623,24,y2meta.tube,Tools,3.6
1624,25,photopea.com,Tools,3.066666666666667
1625,26,zoho.in,Tools,15.45
1626,27,midjourney.com,Tools,13.383333333333333
1627,28,fastvideosave.net,Tools,3.7333333333333334
1628,29,pixelcut.ai,Tools,3.8833333333333333
1629,30,pngwing.com,Tools,3.8
1630,31,veed.io,Tools,4.683333333333334
1631,32,dribbble.com,Tools,4.35
1632,33,invideo.io,Tools,4.583333333333333
1634,35,myfonts.com,Tools,3.3333333333333335
1636,37,getrushapp.com,Tools,2.0166666666666666
1637,38,candy.ai,Tools,3.9833333333333334
1638,39,pcmirror.cc,Tools,3.25
1639,40,opensubtitles.org,Tools,3.2333333333333334
1642,43,thinkific.com,Tools,5.683333333333334
1643,44,pngegg.com,Tools,3.1666666666666665
1644,45,clipchamp.com,Tools,7.2
1646,47,domestika.org,Tools,3.466666666666667
1647,48,runwayml.com,Tools,4.3
1648,49,tally.so,Tools,2.85
1649,50,y2mate.tube,Tools,3.6166666666666667
1650,1,chatgpt.com,Tools,6.783333333333333
1652,3,office.com,Tools,11.233333333333333
1653,4,microsoft.com,Tools,3.35
1654,5,deepseek.com,Tools,4.916666666666667
1655,6,github.com,Tools,6.566666666666666
1656,7,office365.com,Tools,9.116666666666667
1657,8,ilovepdf.com,Tools,5.283333333333333
1658,9,getadblock.com,Tools,0.11666666666666667
1659,10,atlassian.net,Tools,11.816666666666666
1660,11,force.com,Tools,23.583333333333332
1661,12,stackoverflow.com,Tools,4.2
1662,13,answers.microsoft.com,Tools,2.05
1663,14,csdn.net,Tools,5.133333333333334
1664,15,icloud.com,Tools,4.333333333333333
1666,17,salesforce.com,Tools,6.033333333333333
1667,18,microsoft365.com,Tools,2.4
1668,19,oraclecloud.com,Tools,6.333333333333333
1669,20,trello.com,Tools,10.916666666666666
1670,21,claude.ai,Tools,5.883333333333333
1671,22,site.com,Tools,6.8
1672,23,classlink.com,Tools,2.75
1673,24,uptodown.com,Tools,2.6333333333333333
1674,25,appsflyer.com,Tools,0.75
1675,26,liteapks.com,Tools,3.9833333333333334
1676,27,zoho.com,Tools,16.216666666666665
1677,28,softonic.com,Tools,1.9666666666666668
1678,29,myworkday.com,Tools,8.183333333333334
1679,30,grok.com,Tools,6.35
1680,31,azure.com,Tools,12.166666666666666
1681,32,apkpure.com,Tools,2.5166666666666666
1682,33,powerbi.com,Tools,6.866666666666667
1683,34,windows.net,Tools,2.75
1684,35,vercel.app,Tools,4.15
1685,36,mozilla.org,Tools,1.9166666666666665
1686,37,bidease.com,Tools,1.2666666666666666
1688,39,geeksforgeeks.org,Tools,3.15
1690,41,smallpdf.com,Tools,3.4333333333333336
1691,42,rustore.ru,Tools,1.6166666666666667
1692,43,docusign.com,Tools,7.783333333333333
1693,44,cloud.google.com,Tools,8.616666666666667
1694,45,ondemand.com,Tools,5.166666666666667
1695,46,happymod.com,Tools,1.5166666666666666
1696,47,icims.com,Tools,4.816666666666666
1698,49,plex.tv,Tools,3.466666666666667
1699,50,w3schools.com,Tools,5.433333333333334
1700,1,google.com,Tools,10.766666666666667
1701,2,yandex.ru,Tools,8.8
1702,3,baidu.com,Tools,5.583333333333333
1703,4,bing.com,Tools,6.75
1704,5,duckduckgo.com,Tools,7.866666666666667
1706,7,google.de,Tools,7.483333333333333
1707,8,google.co.jp,Tools,8.133333333333333
1708,9,daum.net,Tools,15.716666666666667
1709,10,google.com.br,Tools,6.75
1710,11,music.youtube.com,Tools,30.55
1711,12,google.co.uk,Tools,6.133333333333334
1712,13,google.it,Tools,7.166666666666667
1713,14,google.fr,Tools,6.116666666666666
1714,15,webpkgcache.com,Tools,1.0
1715,16,seznam.cz,Tools,9.466666666666667
1716,17,google.co.in,Tools,5.85
1717,18,ecosia.org,Tools,5.533333333333333
1718,19,google.ca,Tools,5.2
1719,20,google.es,Tools,7.233333333333333
1720,21,google.pl,Tools,6.966666666666667
1721,22,yandex.com,Tools,5.233333333333333
1722,23,google.com.mx,Tools,6.316666666666666
1723,24,clarosva.com,Tools,0.9333333333333333
1724,25,google.ru,Tools,6.416666666666667
1725,26,google.com.tr,Tools,6.1
1728,29,google.co.th,Tools,5.083333333333333
1729,30,google.nl,Tools,6.783333333333333
1730,31,google.co.kr,Tools,6.05
1731,32,hao123.com,Tools,3.066666666666667
1732,33,yandex.com.tr,Tools,6.866666666666667
1734,35,google.com.ar,Tools,5.716666666666667
1735,36,google.com.hk,Tools,7.583333333333333
1736,37,google.com.tw,Tools,7.55
1737,38,googlevideo.com,Tools,3.3
1738,39,so.com,Tools,2.9833333333333334
1739,40,google.com.au,Tools,5.45
1740,41,google.cl,Tools,5.4
1741,42,startpage.com,Tools,6.166666666666667
1742,43,google.co.id,Tools,3.55
1743,44,google.com.vn,Tools,6.233333333333333
1744,45,yahoo.jp,Tools,2.0166666666666666
1745,46,google.hu,Tools,5.983333333333333
1746,47,google.pt,Tools,6.016666666666667
1747,48,google.ch,Tools,7.3
1749,50,ssyoutube.com,Tools,3.3333333333333335
1751,2,instagram.com,Social Media,8.683333333333334
1752,3,x.com,Social Media,12.616666666666667
1754,5,reddit.com,Social Media,6.116666666666666
1755,6,tiktok.com,Social Media,4.15
1756,7,linkedin.com,Social Media,8.55
1757,8,pinterest.com,Social Media,7.166666666666667
1758,9,vk.com,Social Media,9.216666666666667
1759,10,discord.com,Social Media,12.033333333333333
1760,11,telegram.org,Social Media,11.966666666666667
1761,12,ok.ru,Social Media,9.6
1762,13,namu.wiki,Social Media,7.333333333333333
1763,14,zhihu.com,Social Media,5.2
1764,15,messenger.com,Social Media,14.5
1765,16,kwai.com,Social Media,0.9666666666666667
1766,17,ameblo.jp,Social Media,3.5833333333333335
1767,18,threads.net,Social Media,3.55
1768,19,line.me,Social Media,1.5166666666666666
1769,20,nextdoor.com,Social Media,2.65
1770,21,weibo.com,Social Media,8.633333333333333
1771,22,bsky.app,Social Media,10.233333333333333
1772,23,tumblr.com,Social Media,7.633333333333333
1773,24,shinigami09.com,Social Media,17.766666666666666
1774,25,snapchat.com,Social Media,9.066666666666666
1775,26,heylink.me,Social Media,3.283333333333333
1776,27,ssstik.io,Social Media,2.35
1777,28,xiaohongshu.com,Social Media,11.05
1778,29,slack.com,Social Media,17.8
1779,30,patreon.com,Social Media,4.216666666666667
1781,32,bakusai.com,Social Media,7.833333333333333
1782,33,zalo.me,Social Media,6.333333333333333
1783,34,playtime.ph,Social Media,7.966666666666667
1784,35,quark.cn,Social Media,4.0
1786,37,1xlite-4262965.top,Social Media,4.55
1787,38,olympustaff.com,Social Media,23.116666666666667
1789,40,snaptik.app,Social Media,1.8833333333333333
1790,41,discordapp.com,Social Media,2.95
1791,42,hatenablog.com,Social Media,1.9666666666666668
1792,43,happymh.com,Social Media,7.416666666666667
1793,44,ptt.cc,Social Media,6.0
1794,45,slideshare.net,Social Media,3.35
1795,46,feishu.cn,Social Media,9.533333333333333
1796,47,doubao.com,Social Media,3.8666666666666667
1797,48,livejournal.com,Social Media,5.0
1799,50,4pda.to,Social Media,3.1
1850,1,fc2.com,Tools,5.966666666666667
1851,2,blog.jp,Tools,4.716666666666667
1852,3,aws.amazon.com,Tools,11.083333333333334
1853,4,shop.coinmaster.com,Tools,1.1833333333333333
1854,5,godaddy.com,Tools,4.9
1855,6,squarespace.com,Tools,4.883333333333333
1856,7,wix.com,Tools,7.65
1857,8,aruba.it,Tools,8.233333333333333
1858,9,hostinger.com,Tools,8.65
1859,10,weebly.com,Tools,2.4
1860,11,360.com,Tools,1.95
1861,12,cafe24.com,Tools,9.75
1863,14,sakura.ne.jp,Tools,4.833333333333333
1864,15,bgmiaimassist.in,Tools,3.533333333333333
1865,16,gigafile.nu,Tools,4.016666666666667
1866,17,kiwify.com.br,Tools,3.75
1867,18,smart.link,Tools,0.5
1868,19,digialm.com,Tools,6.583333333333333
1869,20,suprclicks.com,Tools,1.3333333333333333
1870,21,proxyium.com,Tools,2.4833333333333334
1871,22,one.com,Tools,9.166666666666666
1873,24,altervista.org,Tools,5.383333333333334
1875,26,x.gd,Tools,0.9
1876,27,2nt.com,Tools,3.15
1877,28,seesaawiki.jp,Tools,4.616666666666667
1878,29,namecheap.com,Tools,5.5
1879,30,instadelivery.com.br,Tools,8.433333333333334
1880,31,home.pl,Tools,10.866666666666667
1881,32,download.it,Tools,0.9166666666666666
1882,33,forumfree.it,Tools,5.05
1883,34,ovh.net,Tools,9.766666666666667
1884,35,pastebin.com,Tools,2.1333333333333333
1885,36,domaineasy.com,Tools,0.5
1886,37,kisaltma.link,Tools,4.05
1887,38,justpaste.it,Tools,2.15
1890,41,miraheze.org,Tools,4.633333333333333
1891,42,afternic.com,Tools,1.5666666666666667
1892,43,hennge.com,Tools,2.9
1894,45,myprofessionalmail.com,Tools,9.25
1895,46,eu.org,Tools,4.45
1896,47,aiseo.ai,Tools,1.1666666666666667
1897,48,ionos.com,Tools,5.483333333333333
1900,1,auction.co.kr,Shopping,2.9833333333333334
1901,2,ecount.com,Shopping,12.866666666666667
1902,3,mercadolibre.com,Shopping,2.3166666666666664
1903,4,trademe.co.nz,Shopping,7.266666666666667
1904,5,hibid.com,Shopping,10.383333333333333
1905,6,ricardo.ch,Shopping,6.916666666666667
1906,7,tradera.com,Shopping,6.466666666666667
1907,8,njuskalo.hr,Shopping,8.216666666666667
1908,9,allegro.cz,Shopping,2.1166666666666667
1909,10,shopgoodwill.com,Shopping,10.383333333333333
1910,11,az24.vn,Shopping,0.9
1911,12,buyee.jp,Shopping,6.933333333333334
1912,13,estatesales.net,Shopping,6.066666666666666
1913,14,1stdibs.com,Shopping,2.8833333333333333
1914,15,carousell.com.hk,Shopping,8.966666666666667
1915,16,invaluable.com,Shopping,2.7333333333333334
1916,17,liveauctioneers.com,Shopping,4.733333333333333
1917,18,huutokaupat.com,Shopping,7.616666666666667
1919,20,bidfta.com,Shopping,11.583333333333334
1920,21,auctionet.com,Shopping,4.083333333333333
1922,23,naturabuy.fr,Shopping,8.666666666666666
1923,24,troostwijkauctions.com,Shopping,8.2
1924,25,proxibid.com,Shopping,6.783333333333333
1925,26,interencheres.com,Shopping,11.2
1926,27,picclick.co.uk,Shopping,1.9166666666666665
1927,28,delcampe.net,Shopping,9.116666666666667
1929,30,vatera.hu,Shopping,6.083333333333333
1930,31,payngo.co.il,Shopping,2.5
1931,32,chitadelivery-cx.com,Shopping,2.8166666666666664
1932,33,limundo.com,Shopping,5.833333333333333
1933,34,kupindo.com,Shopping,2.2333333333333334
1934,35,ebay.be,Shopping,3.5833333333333335
1935,36,johnpyeauctions.co.uk,Shopping,10.616666666666667
1936,37,ha.com,Shopping,4.366666666666666
1937,38,huuto.net,Shopping,5.783333333333333
1938,39,sothebys.com,Shopping,1.9
1939,40,picclick.fr,Shopping,2.0
1940,41,jumbo.ch,Shopping,3.783333333333333
1942,43,easyliveauction.com,Shopping,7.783333333333333
1943,44,fromjapan.co.jp,Shopping,4.266666666666667
1944,45,osta.ee,Shopping,9.9
1946,47,picclick.it,Shopping,1.6666666666666665
1948,49,auctionzip.com,Shopping,5.9
1949,50,mygls.be,Shopping,3.45
2051,2,shopping.yahoo.co.jp,Shopping,3.7333333333333334
2052,3,kleinanzeigen.de,Shopping,7.333333333333333
2053,4,shopping.naver.com,Shopping,6.366666666666666
2054,5,ssg.com,Shopping,2.4333333333333336
2056,7,my-best.com,Shopping,1.8
2057,8,poshmark.com,Shopping,4.65
2058,9,gmarket.co.kr,Shopping,2.7333333333333334
2059,10,meesho.com,Shopping,5.183333333333334
2060,11,11st.co.kr,Shopping,2.966666666666667
2061,12,valuecommerce.com,Shopping,1.4666666666666668
2062,13,markt.de,Shopping,10.45
2063,14,e-himart.co.kr,Shopping,0.9333333333333333
2064,15,cjlogistics.com,Shopping,2.4833333333333334
2065,16,lotteon.com,Shopping,2.3
2066,17,litres.ru,Shopping,3.95
2067,18,boots.com,Shopping,3.8833333333333333
2068,19,michaels.com,Shopping,4.25
2069,20,papy.co.jp,Shopping,8.516666666666667
2070,21,l-tike.com,Shopping,4.833333333333333
2071,22,amazon.se,Shopping,1.5
2072,23,oliveyoung.co.kr,Shopping,2.033333333333333
2073,24,fnac.com,Shopping,2.9833333333333334
2074,25,n11.com,Shopping,3.283333333333333
2075,26,wallapop.com,Shopping,7.1
2076,27,falabella.com,Shopping,4.766666666666667
2077,28,ponta.jp,Shopping,3.3666666666666667
2078,29,kelkoogroup.net,Shopping,0.5333333333333333
2079,30,qvc.com,Shopping,5.166666666666667
2080,31,alza.cz,Shopping,4.733333333333333
2082,33,kt.com,Shopping,2.9333333333333336
2083,34,empik.com,Shopping,2.55
2084,35,pepper.pl,Shopping,5.0
2085,36,shufoo.net,Shopping,2.183333333333333
2086,37,daraz.pk,Shopping,3.6833333333333336
2087,38,barnesandnoble.com,Shopping,2.9
2090,41,amazon.pl,Shopping,2.3166666666666664
2091,42,kyobobook.co.kr,Shopping,4.433333333333334
2092,43,yes24.com,Shopping,3.6166666666666667
2093,44,adcell.com,Shopping,4.4
2094,45,homeplus.co.kr,Shopping,2.35
2095,46,jmty.jp,Shopping,6.166666666666667
2097,48,ohou.se,Shopping,4.15
2098,49,therealreal.com,Shopping,6.3
2099,50,allegrolokalnie.pl,Shopping,8.533333333333333
2100,1,amazon.com,Shopping,5.85
2101,2,temu.com,Shopping,4.016666666666667
2102,3,aliexpress.com,Shopping,4.716666666666667
2104,5,amazon.co.jp,Shopping,6.95
2105,6,rakuten.co.jp,Shopping,6.45
2106,7,ozon.ru,Shopping,9.283333333333333
2107,8,walmart.com,Shopping,4.35
2108,9,amazon.in,Shopping,4.066666666666666
2109,10,amazon.de,Shopping,6.216666666666667
2110,11,etsy.com,Shopping,5.15
2111,12,amazon.co.uk,Shopping,5.4
2113,14,mercadolivre.com.br,Shopping,7.75
2115,16,amazon.it,Shopping,4.966666666666667
2116,17,taobao.com,Shopping,7.75
2117,18,amazon.fr,Shopping,4.933333333333334
2118,19,allegro.pl,Shopping,7.166666666666667
2120,21,amazon.ca,Shopping,5.2
2121,22,flipkart.com,Shopping,4.983333333333333
2122,23,shopee.vn,Shopping,4.733333333333333
2123,24,target.com,Shopping,3.5
2124,25,market.yandex.ru,Shopping,6.1
2125,26,mercari.com,Shopping,7.35
2126,27,shopee.com.br,Shopping,10.816666666666666
2127,28,shopee.co.id,Shopping,7.8
2129,30,amazon.es,Shopping,6.183333333333334
2130,31,trendyol.com,Shopping,8.216666666666667
2131,32,dmm.com,Shopping,5.483333333333333
2132,33,shopee.co.th,Shopping,4.383333333333334
2133,34,mercadolibre.com.ar,Shopping,7.8
2134,35,costco.com,Shopping,3.9833333333333334
2135,36,olx.com.br,Shopping,7.383333333333334
2136,37,mercadolibre.com.mx,Shopping,6.233333333333333
2137,38,olx.pl,Shopping,9.766666666666667
2138,39,wayfair.com,Shopping,5.15
2139,40,amazon.com.mx,Shopping,4.466666666666667
2140,41,jd.com,Shopping,7.65
2141,42,alibaba.com,Shopping,6.666666666666667
2143,44,bol.com,Shopping,5.333333333333333
2145,46,amazon.com.au,Shopping,3.6833333333333336
2146,47,tokopedia.com,Shopping,7.183333333333334
2148,49,tmall.com,Shopping,8.55
2149,50,shopee.ph,Shopping,5.35
2150,1,kakaku.com,Shopping,5.016666666666667
2151,2,idealo.de,Shopping,3.05
2152,3,akakce.com,Shopping,2.3333333333333335
2153,4,ceneo.pl,Shopping,2.0833333333333335
2154,5,mydealz.de,Shopping,4.683333333333334
2155,6,trovaprezzi.it,Shopping,2.4833333333333334
2156,7,tweakers.net,Shopping,4.166666666666667
2157,8,epey.com,Shopping,4.166666666666667
2158,9,cimri.com,Shopping,1.5666666666666667
2159,10,heureka.cz,Shopping,3.4166666666666665
2160,11,smartprix.com,Shopping,2.2333333333333334
2161,12,bizrate.com,Shopping,1.25
2162,13,olx.pt,Shopping,7.416666666666667
2163,14,arukereso.hu,Shopping,4.2
2164,15,zbozi.cz,Shopping,2.783333333333333
2165,16,yadore.com,Shopping,0.08333333333333333
2166,17,geizhals.de,Shopping,3.95
2167,18,idealo.fr,Shopping,1.9166666666666665
2168,19,hotline.ua,Shopping,3.9833333333333334
2169,20,buscape.com.br,Shopping,2.4333333333333336
2170,21,dealsrazor.com,Shopping,0.08333333333333333
2171,22,comparis.ch,Shopping,5.0
2172,23,aucfan.com,Shopping,4.916666666666667
2173,24,prisjakt.nu,Shopping,2.5
2175,26,heureka.sk,Shopping,2.8333333333333335
2176,27,prisjakt.no,Shopping,2.3166666666666664
2177,28,pricerunner.dk,Shopping,2.8166666666666664
2178,29,shoppermeet.net,Shopping,0.08333333333333333
2179,30,conexaomadura.com.br,Shopping,1.45
2181,32,priceoye.pk,Shopping,3.4333333333333336
2182,33,zap.co.il,Shopping,4.033333333333333
2184,35,skapiec.pl,Shopping,0.6333333333333333
2185,36,compari.ro,Shopping,2.9166666666666665
2186,37,idealo.es,Shopping,2.6
2187,38,eponuda.com,Shopping,2.283333333333333
2188,39,moyo.ua,Shopping,2.4166666666666665
2189,40,idealo.it,Shopping,1.9833333333333334
2190,41,pricerunner.se,Shopping,1.7666666666666666
2191,42,kuantokusta.pt,Shopping,4.1
2192,43,geizhals.at,Shopping,3.716666666666667
2193,44,toppreise.ch,Shopping,3.533333333333333
2194,45,beslist.nl,Shopping,1.9
2195,46,lemeilleuravis.fr,Shopping,0.6333333333333333
2196,47,coolblue.de,Shopping,2.3
2197,48,muropaketti.com,Shopping,1.2
2198,49,custojusto.pt,Shopping,6.333333333333333
2199,50,maudau.com.ua,Shopping,3.2333333333333334
2250,1,kontur.ru,Finance,9.016666666666667
2251,2,hrblock.com,Finance,19.683333333333334
2252,3,cleartax.in,Finance,1.9333333333333333
2254,5,podatki.gov.pl,Finance,7.916666666666667
2255,6,deloitte.com,Finance,5.316666666666666
2256,7,ottplay.com,Finance,1.3
2258,9,paytmpayments.com,Finance,2.216666666666667
2259,10,audit-it.ru,Finance,1.85
2260,11,teachoo.com,Finance,7.616666666666667
2261,12,taxact.com,Finance,7.233333333333333
2262,13,urzadskarbowy.gov.pl,Finance,5.65
2263,14,habuild.in,Finance,1.1
2265,16,ey.com,Finance,2.6166666666666667
2266,17,taxconcept.net,Finance,1.6833333333333333
2267,18,pwc.com,Finance,3.033333333333333
2269,20,klerk.ru,Finance,1.8833333333333333
2270,21,studycafe.in,Finance,2.1166666666666667
2273,24,poradnikprzedsiebiorcy.pl,Finance,1.85
2274,25,efatura.gov.tr,Finance,6.516666666666667
2275,26,accaglobal.com,Finance,7.016666666666667
2276,27,corporatefinanceinstitute.com,Finance,3.6
2277,28,taxslayer.com,Finance,12.4
2278,29,taxscan.in,Finance,1.1
2279,30,buhonline.ru,Finance,2.85
2280,31,fakturownia.pl,Finance,9.733333333333333
2281,32,edmbilisim.com.tr,Finance,11.65
2282,33,pacjent.gov.pl,Finance,5.333333333333333
2283,34,kpmg.com,Finance,2.1
2285,36,nalog-nalog.ru,Finance,1.8166666666666667
2287,38,action-media.ru,Finance,4.866666666666667
2288,39,defterbeyan.gov.tr,Finance,18.816666666666666
2289,40,rzp.io,Finance,0.4666666666666667
2291,42,onvio.us,Finance,8.916666666666666
2292,43,vero.fi,Finance,5.6
2293,44,jacksonhewitt.com,Finance,3.8833333333333333
2294,45,biznes.gov.pl,Finance,5.583333333333333
2295,46,assistentus.ru,Finance,1.5833333333333335
2296,47,buhexpert8.ru,Finance,3.4
2297,48,gofin.pl,Finance,3.3333333333333335
2299,50,moj.gov.pl,Finance,4.783333333333333
2300,1,paypal.com,Finance,2.75
2301,2,chase.com,Finance,7.3
2302,3,capitalone.com,Finance,5.45
2303,4,citi.com,Finance,9.383333333333333
2304,5,bankofamerica.com,Finance,6.416666666666667
2305,6,wellsfargo.com,Finance,5.8
2306,7,americanexpress.com,Finance,4.383333333333334
2307,8,hdfcbank.com,Finance,5.0
2308,9,tbank.ru,Finance,4.1
2309,10,caixa.gov.br,Finance,6.466666666666667
2310,11,wise.com,Finance,2.65
2311,12,creditkarma.com,Finance,2.55
2312,13,icicibank.com,Finance,5.316666666666666
2313,14,td.com,Finance,5.05
2315,16,sberbank.ru,Finance,5.25
2316,17,discover.com,Finance,3.8833333333333333
2317,18,ideal.nl,Finance,0.8666666666666667
2318,19,synchrony.com,Finance,3.5166666666666666
2319,20,alfabank.ru,Finance,3.4333333333333336
2320,21,syf.com,Finance,2.066666666666667
2321,22,serasa.com.br,Finance,2.716666666666667
2322,23,banki.ru,Finance,2.0166666666666666
2323,24,usbank.com,Finance,5.8
2324,25,bb.com.br,Finance,8.133333333333333
2325,26,nubank.com.br,Finance,1.6666666666666665
2326,27,royalbank.com,Finance,6.866666666666667
2327,28,rakuten-bank.co.jp,Finance,3.183333333333333
2330,31,itau.com.br,Finance,2.8833333333333333
2331,32,rbcroyalbank.com,Finance,3.716666666666667
2332,33,interac.ca,Finance,1.95
2334,35,citibankonline.com,Finance,4.066666666666666
2335,36,commbank.com.au,Finance,4.583333333333333
2336,37,scotiabank.com,Finance,5.166666666666667
2337,38,maybank2u.com.my,Finance,6.383333333333334
2338,39,cibc.com,Finance,4.616666666666667
2339,40,bankid.no,Finance,2.6
2340,41,healthy.kaiserpermanente.org,Finance,6.6
2342,43,sravni.ru,Finance,1.7333333333333334
2344,45,sofi.com,Finance,3.8
2345,46,navyfederal.org,Finance,5.833333333333333
2346,47,tinkoff.ru,Finance,6.25
2348,49,santander.com.br,Finance,3.3833333333333333
2350,1,intuit.com,Finance,11.2
2351,2,trustpilot.com,Finance,2.066666666666667
2354,5,money.pl,Finance,1.35
2355,6,ft.com,Finance,2.3833333333333333
2356,7,mercadopago.com.ar,Finance,6.633333333333333
2357,8,moneyforward.com,Finance,8.833333333333334
2358,9,fortune.com,Finance,0.7166666666666667
2359,10,businesstoday.in,Finance,0.7166666666666667
2360,11,foxbusiness.com,Finance,2.6333333333333333
2361,12,ilsole24ore.com,Finance,4.066666666666666
2362,13,adyen.com,Finance,2.033333333333333
2363,14,sberbank.com,Finance,0.9333333333333333
2364,15,toyokeizai.net,Finance,2.7666666666666666
2365,16,coingecko.com,Finance,3.6666666666666665
2366,17,xe.com,Finance,2.3
2367,18,minepi.com,Finance,1.2
2368,19,cafef.vn,Finance,1.8666666666666667
2369,20,gate.io,Finance,3.65
2370,21,financialexpress.com,Finance,0.6666666666666666
2371,22,nerdwallet.com,Finance,1.75
2372,23,benjaminone.com,Finance,1.8666666666666667
2374,25,razorpay.com,Finance,2.4333333333333336
2376,27,paycomonline.net,Finance,5.6
2377,28,business-standard.com,Finance,1.2833333333333332
2378,29,altin.in,Finance,9.5
2379,30,seekingalpha.com,Finance,5.766666666666667
2380,31,short.gy,Finance,3.1166666666666667
2381,32,paypay.ne.jp,Finance,2.3166666666666664
2382,33,teamblind.com,Finance,2.3333333333333335
2383,34,bkm.com.tr,Finance,1.4666666666666668
2384,35,login.gov.pl,Finance,3.466666666666667
2385,36,finance.naver.com,Finance,8.516666666666667
2386,37,ebanx.com,Finance,0.26666666666666666
2387,38,doviz.com,Finance,3.4
2388,39,payu.in,Finance,3.3166666666666664
2389,40,vakinha.com.br,Finance,1.1666666666666667
2390,41,infomoney.com.br,Finance,3.0
2391,42,haremaltin.com,Finance,2.8833333333333333
2392,43,nequi.com.co,Finance,2.5833333333333335
2393,44,affirm.com,Finance,2.5166666666666666
2394,45,plaid.com,Finance,1.3833333333333333
2397,48,comenity.net,Finance,3.5166666666666666
2399,50,cash.app,Finance,4.033333333333333
2400,1,adp.com,Finance,5.2
2401,2,poste.it,Finance,4.033333333333333
2402,3,nspk.ru,Finance,0.6333333333333333
2403,4,klarna.com,Finance,1.9666666666666668
2404,5,alipay.com,Finance,5.266666666666667
2406,7,vtb.ru,Finance,4.483333333333333
2407,8,experian.com,Finance,4.05
2409,10,credit-agricole.fr,Finance,5.433333333333334
2410,11,mitid.dk,Finance,3.1166666666666667
2411,12,hometax.go.kr,Finance,10.533333333333333
2413,14,digid.nl,Finance,2.4166666666666665
2414,15,check24.de,Finance,7.233333333333333
2415,16,moneysavingexpert.com,Finance,3.033333333333333
2417,18,myna.go.jp,Finance,4.416666666666667
2418,19,freee.co.jp,Finance,11.55
2419,20,labanquepostale.fr,Finance,3.8666666666666667
2420,21,freetaxusa.com,Finance,6.433333333333334
2421,22,bancolombia.com,Finance,2.8333333333333335
2422,23,redsys.es,Finance,2.4333333333333336
2423,24,billdesk.com,Finance,3.1333333333333333
2424,25,revolut.com,Finance,3.8833333333333333
2426,27,caf.fr,Finance,5.983333333333333
2427,28,desjardins.com,Finance,5.633333333333333
2432,33,payu.com,Finance,1.05
2433,34,fu.do,Finance,21.766666666666666
2434,35,santander.com.ar,Finance,6.283333333333333
2435,36,saisoncard.co.jp,Finance,3.1
2436,37,kantangame.com,Finance,6.916666666666667
2437,38,afterpay.com,Finance,3.9
2438,39,shinhancard.com,Finance,1.8
2439,40,lguplus.com,Finance,1.1833333333333333
2440,41,mt.co.kr,Finance,0.8666666666666667
2442,43,bkash.com,Finance,2.8166666666666664
2443,44,bbva.com.ar,Finance,5.55
2446,47,dolarhoy.com,Finance,4.683333333333334
2449,50,infocert.it,Finance,7.133333333333334
2450,1,bajajfinserv.in,Finance,1.7333333333333334
2452,3,kaiserpermanente.org,Finance,6.05
2454,5,usaa.com,Finance,6.783333333333333
2455,6,uhc.com,Finance,6.033333333333333
2456,7,statefarm.com,Finance,4.9
2458,9,cigna.com,Finance,4.95
2459,10,geico.com,Finance,5.216666666666667
2460,11,bflcomm.in,Finance,3.5166666666666666
2462,13,aok.de,Finance,2.35
2463,14,allstate.com,Finance,3.966666666666667
2464,15,comparethemarket.com,Finance,6.6
2465,16,maxlifeinsurance.com,Finance,1.2833333333333332
2466,17,licindia.in,Finance,6.233333333333333
2468,19,portoseguro.com.br,Finance,9.033333333333333
2469,20,humana.com,Finance,5.466666666666667
2471,22,healthcare.gov,Finance,5.266666666666667
2472,23,tk.de,Finance,3.25
2473,24,health.aetna.com,Finance,8.383333333333333
2475,26,lassuranceretraite.fr,Finance,5.166666666666667
2476,27,acko.com,Finance,1.6833333333333333
2477,28,securecafenet.com,Finance,3.45
2478,29,sura.com,Finance,3.7333333333333334
2479,30,theaa.com,Finance,3.8166666666666664
2480,31,healthybenefitsplus.com,Finance,6.7
2482,33,iciciprulife.com,Finance,3.1166666666666667
2483,34,admiral.com,Finance,5.883333333333333
2484,35,starhealth.in,Finance,3.5166666666666666
2485,36,discovery.co.za,Finance,4.216666666666667
2486,37,principal.com,Finance,6.216666666666667
2487,38,bcbssettlement.com,Finance,3.466666666666667
2488,39,jgl.com.au,Finance,4.25
2489,40,super-savings-online.com,Finance,1.6
2490,41,hdfclife.com,Finance,4.616666666666667
2491,42,bajajfinservmarkets.in,Finance,1.6333333333333333
2492,43,hrb.tax,Finance,0.8666666666666667
2494,45,ambetterhealth.com,Finance,5.166666666666667
2495,46,epssura.com,Finance,4.666666666666667
2497,48,lft.to,Finance,3.3
2498,49,metlife.com,Finance,9.616666666666667
2499,50,aviva.co.uk,Finance,5.7
2500,1,tradingview.com,Finance,5.7
2501,2,investing.com,Finance,5.066666666666666
2502,3,economictimes.com,Finance,1.9
2503,4,moneycontrol.com,Finance,5.083333333333333
2504,5,coinmarketcap.com,Finance,4.4
2505,6,fidelity.com,Finance,8.133333333333333
2506,7,schwab.com,Finance,8.066666666666666
2508,9,peuru.com,Finance,2.6333333333333333
2509,10,finance.yahoo.co.jp,Finance,6.766666666666667
2511,12,rakuten-sec.co.jp,Finance,6.183333333333334
2513,14,zerodha.com,Finance,9.083333333333334
2514,15,exness.com,Finance,1.8
2515,16,etoro.com,Finance,3.1666666666666665
2516,17,robinhood.com,Finance,7.75
2517,18,eastmoney.com,Finance,29.133333333333333
2518,19,groww.in,Finance,5.483333333333333
2519,20,dpbossss.services,Finance,5.4
2520,21,investopedia.com,Finance,1.7
2521,22,goodreturns.in,Finance,1.5
2522,23,whitebit.com,Finance,6.683333333333334
2523,24,forexfactory.com,Finance,2.283333333333333
2524,25,dexscreener.com,Finance,12.216666666666667
2525,26,fool.com,Finance,1.7
2527,28,vanguard.com,Finance,7.633333333333333
2528,29,finviz.com,Finance,5.25
2529,30,etrade.com,Finance,10.783333333333333
2530,31,finance.sina.com.cn,Finance,2.9833333333333334
2531,32,mexc.com,Finance,5.516666666666667
2532,33,thestreet.com,Finance,0.9166666666666666
2533,34,screener.in,Finance,8.533333333333333
2534,35,xueqiu.com,Finance,10.666666666666666
2535,36,boursorama.com,Finance,13.95
2536,37,paws.community,Finance,4.516666666666667
2537,38,xmtrading.com,Finance,1.7666666666666666
2538,39,bitget.com,Finance,7.383333333333334
2539,40,finanzen.net,Finance,4.25
2540,41,bybit.com,Finance,9.9
2541,42,probo.in,Finance,1.8666666666666667
2542,43,angelone.in,Finance,7.4
2543,44,cnbctv18.com,Finance,0.55
2544,45,htx.com,Finance,2.6666666666666665
2545,46,canlidoviz.com,Finance,2.8166666666666664
2546,47,upstox.com,Finance,4.2
2547,48,skylindo.com,Finance,0.65
2548,49,nasdaq.com,Finance,2.3333333333333335
2549,50,xm.com,Finance,2.533333333333333
2550,1,suntory.co.jp,Health & Food,1.8333333333333335
2551,2,totalwine.com,Health & Food,3.6
2552,3,coca-cola.com,Health & Food,0.9333333333333333
2553,4,vivino.com,Health & Food,2.3166666666666664
2554,5,danmurphys.com.au,Health & Food,3.066666666666667
2555,6,asahibeer.co.jp,Health & Food,1.9666666666666668
2556,7,liquor.com,Health & Food,1.7166666666666668
2557,8,untappd.com,Health & Food,2.4833333333333334
2558,9,wine-searcher.com,Health & Food,2.85
2560,11,lcbo.com,Health & Food,2.95
2561,12,pepsico.com,Health & Food,4.25
2562,13,yango.com,Health & Food,2.5
2563,14,sapporobeer.jp,Health & Food,1.1666666666666667
2564,15,dosedaily.co,Health & Food,1.1
2566,17,livcheers.com,Health & Food,2.3166666666666664
2567,18,hellorayo.co.uk,Health & Food,2.3
2568,19,cocacola.co.jp,Health & Food,1.1166666666666667
2569,20,mikmak.ai,Health & Food,1.5666666666666667
2570,21,shop.mikmak.ai,Health & Food,1.5
2572,23,lvmh.com,Health & Food,2.35
2573,24,monsterenergy.com,Health & Food,1.25
2574,25,pepsico.info,Health & Food,0.3333333333333333
2575,26,cellartracker.com,Health & Food,3.7333333333333334
2576,27,falstaff.com,Health & Food,1.6666666666666665
2577,28,diffordsguide.com,Health & Food,2.0166666666666666
2579,30,beeradvocate.com,Health & Food,3.283333333333333
2580,31,lupicia.com,Health & Food,3.25
2581,32,liquorland.com.au,Health & Food,2.1166666666666667
2582,33,enoteca.co.jp,Health & Food,2.1166666666666667
2583,34,wine.com,Health & Food,1.7833333333333332
2584,35,heineken.com,Health & Food,1.7833333333333332
2585,36,readyrefresh.com,Health & Food,3.283333333333333
2586,37,dineplan.com,Health & Food,8.583333333333334
2587,38,alliedbeverage.com,Health & Food,12.816666666666666
2588,39,nescafe.com,Health & Food,1.1333333333333333
2589,40,whiskybase.com,Health & Food,3.05
2590,41,masterofmalt.com,Health & Food,2.6166666666666667
2591,42,delhidutyfree.co.in,Health & Food,1.0833333333333333
2592,43,home-barista.com,Health & Food,2.6166666666666667
2593,44,minibardelivery.com,Health & Food,2.4
2594,45,guinness.com,Health & Food,0.9166666666666666
2596,47,vinepair.com,Health & Food,0.9833333333333333
2597,48,brewdog.com,Health & Food,2.3166666666666664
2598,49,fellowproducts.com,Health & Food,1.7333333333333334
2599,50,finewineandgoodspirits.com,Health & Food,3.6666666666666665
2600,1,cookpad.com,Health & Food,1.7666666666666666
2601,2,allrecipes.com,Health & Food,2.2666666666666666
2602,3,kurashiru.com,Health & Food,1.2833333333333332
2603,4,russianfood.com,Health & Food,2.6166666666666667
2604,5,giallozafferano.it,Health & Food,2.8666666666666667
2605,6,tudogostoso.com.br,Health & Food,0.8333333333333334
2606,7,marmiton.org,Health & Food,2.1
2607,8,delishkitchen.tv,Health & Food,1.55
2608,9,bbcgoodfood.com,Health & Food,3.4333333333333336
2609,10,foodnetwork.com,Health & Food,2.1166666666666667
2610,11,recipetineats.com,Health & Food,3.533333333333333
2611,12,thekitchn.com,Health & Food,1.6833333333333333
2612,13,chefkoch.de,Health & Food,3.0
2613,14,parade.com,Health & Food,0.8833333333333333
2614,15,lettuceclub.net,Health & Food,0.8166666666666667
2615,16,mastertheenglish.com,Health & Food,20.95
2616,17,1000.menu,Health & Food,1.7833333333333332
2617,18,simplyrecipes.com,Health & Food,1.7833333333333332
2618,19,nefisyemektarifleri.com,Health & Food,1.6833333333333333
2619,20,delish.com,Health & Food,2.6833333333333336
2620,21,eatingwell.com,Health & Food,1.5
2621,22,oceans-nadia.com,Health & Food,2.0
2622,23,macaro-ni.jp,Health & Food,1.4
2623,24,seriouseats.com,Health & Food,2.7
2624,25,tasteofhome.com,Health & Food,2.1166666666666667
2625,26,aniagotuje.pl,Health & Food,1.1833333333333333
2626,27,cuisineaz.com,Health & Food,1.7666666666666666
2627,28,loveandlemons.com,Health & Food,2.066666666666667
2628,29,fattoincasadabenedetta.it,Health & Food,1.2833333333333332
2629,30,thepioneerwoman.com,Health & Food,2.183333333333333
2630,31,food.com,Health & Food,1.85
2631,32,sallysbakingaddiction.com,Health & Food,3.4833333333333334
2632,33,iamcook.ru,Health & Food,1.5833333333333335
2633,34,foodandwine.com,Health & Food,1.3833333333333333
2634,35,pysznosci.pl,Health & Food,0.8666666666666667
2635,36,sirogohan.com,Health & Food,1.7833333333333332
2636,37,tastesbetterfromscratch.com,Health & Food,2.6166666666666667
2637,38,einfachbacken.de,Health & Food,2.4333333333333336
2638,39,kwestiasmaku.com,Health & Food,1.5
2639,40,spendwithpennies.com,Health & Food,2.6833333333333336
2640,41,housedigest.com,Health & Food,1.9333333333333333
2641,42,food.ru,Health & Food,6.5
2642,43,eda.ru,Health & Food,1.3833333333333333
2644,45,toprecepty.cz,Health & Food,2.1333333333333333
2645,46,ricardocuisine.com,Health & Food,3.033333333333333
2646,47,natashaskitchen.com,Health & Food,2.716666666666667
2647,48,povar.ru,Health & Food,1.2833333333333332
2648,49,gastronom.ru,Health & Food,0.7833333333333333
2649,50,82cook.com,Health & Food,5.283333333333333
2650,1,trilltrill.jp,Health & Food,2.3666666666666667
2651,2,tabelog.com,Health & Food,4.4
2652,3,hotpepper.jp,Health & Food,4.866666666666667
2653,4,recruit.co.jp,Health & Food,1.8166666666666667
2654,5,dropgame.jp,Health & Food,5.116666666666666
2655,6,otzovik.com,Health & Food,2.466666666666667
2656,7,tokubai.co.jp,Health & Food,2.25
2657,8,ica.se,Health & Food,5.066666666666666
2658,9,news.ntv.co.jp,Health & Food,1.4
2659,10,starbucks.co.jp,Health & Food,2.6166666666666667
2660,11,retty.me,Health & Food,2.466666666666667
2661,12,gnavi.co.jp,Health & Food,2.6333333333333333
2662,13,wamgame.jp,Health & Food,6.55
2663,14,ah.nl,Health & Food,3.3
2664,15,ajinomoto.co.jp,Health & Food,1.4166666666666667
2665,16,directoalpaladar.com,Health & Food,0.9833333333333333
2666,17,nespresso.com,Health & Food,2.65
2668,19,eater.com,Health & Food,1.5666666666666667
2670,21,wolt.com,Health & Food,4.7
2671,22,webstaurantstore.com,Health & Food,3.95
2672,23,hellofresh.com,Health & Food,2.3333333333333335
2673,24,vauva.fi,Health & Food,8.083333333333334
2674,25,championcross.jp,Health & Food,4.516666666666667
2675,26,k-ruoka.fi,Health & Food,1.2333333333333334
2676,27,factor75.com,Health & Food,2.2666666666666666
2677,28,libbyapp.com,Health & Food,4.6
2679,30,jp.sharp,Health & Food,3.1166666666666667
2680,31,dianping.com,Health & Food,2.8
2681,32,epark.jp,Health & Food,3.3833333333333333
2682,33,cookaround.com,Health & Food,1.75
2683,34,vkusvill.ru,Health & Food,5.016666666666667
2685,36,eway.in.ua,Health & Food,3.2333333333333334
2686,37,foodlion.com,Health & Food,4.75
2687,38,napbizblog.jp,Health & Food,4.866666666666667
2688,39,cmnw.jp,Health & Food,7.25
2689,40,survey-z.com,Health & Food,2.0
2690,41,mozaikportail.ca,Health & Food,3.3333333333333335
2691,42,morinaga.co.jp,Health & Food,1.1333333333333333
2692,43,eatbu.com,Health & Food,1.0833333333333333
2693,44,sukiya.jp,Health & Food,2.216666666666667
2694,45,aumo.jp,Health & Food,0.4666666666666667
2696,47,cotta.jp,Health & Food,3.0833333333333335
2697,48,meny.no,Health & Food,2.3333333333333335
2698,49,gorp.jp,Health & Food,1.7166666666666668
2699,50,willys.se,Health & Food,3.033333333333333
2701,2,instacart.com,Health & Food,5.833333333333333
2702,3,asda.com,Health & Food,5.166666666666667
2704,5,kaufland.de,Health & Food,2.8666666666666667
2705,6,sainsburys.co.uk,Health & Food,4.883333333333333
2706,7,carrefour.fr,Health & Food,3.3666666666666667
2707,8,woolworths.com.au,Health & Food,4.15
2708,9,rewe.de,Health & Food,2.1333333333333333
2709,10,publix.com,Health & Food,3.9333333333333336
2710,11,aldi.us,Health & Food,3.066666666666667
2711,12,coles.com.au,Health & Food,4.483333333333333
2712,13,lidl.fr,Health & Food,2.1
2713,14,safeway.com,Health & Food,4.283333333333333
2714,15,heb.com,Health & Food,5.816666666666666
2715,16,kaufland.com,Health & Food,4.216666666666667
2716,17,lidl.pl,Health & Food,2.55
2717,18,morrisons.com,Health & Food,4.733333333333333
2718,19,biedronka.pl,Health & Food,2.3
2719,20,carrefour.es,Health & Food,3.3666666666666667
2720,21,wholefoodsmarket.com,Health & Food,2.2333333333333334
2722,23,lidl.it,Health & Food,2.0166666666666666
2723,24,ocado.com,Health & Food,6.05
2724,25,lidl.nl,Health & Food,3.3166666666666664
2725,26,migros.com.tr,Health & Food,3.75
2726,27,roller.app,Health & Food,10.683333333333334
2727,28,yemeksepeti.com,Health & Food,6.983333333333333
2728,29,aldi-sued.de,Health & Food,2.2333333333333334
2729,30,lidl.co.uk,Health & Food,2.35
2730,31,searcheasytab.com,Health & Food,13.6
2731,32,aldi.co.uk,Health & Food,3.55
2732,33,kuper.ru,Health & Food,4.033333333333333
2735,36,edeka.de,Health & Food,1.35
2736,37,inst.cr,Health & Food,3.35
2737,38,iceland.co.uk,Health & Food,7.066666666666666
2738,39,hy-vee.com,Health & Food,3.6333333333333333
2739,40,coop.se,Health & Food,3.15
2740,41,netto-online.de,Health & Food,2.0833333333333335
2742,43,fasteasy.io,Health & Food,0.7
2743,44,shop.rewe.de,Health & Food,3.4833333333333334
2744,45,aldi-nord.de,Health & Food,2.183333333333333
2746,47,coop.co.uk,Health & Food,2.3666666666666667
2747,48,samokat.ru,Health & Food,8.316666666666666
2748,49,albertsons.com,Health & Food,3.5666666666666664
2749,50,perekrestok.ru,Health & Food,2.6833333333333336
2750,1,harimanga.me,Health & Food,21.316666666666666
2751,2,doordash.com,Health & Food,7.066666666666666
2752,3,toasttab.com,Health & Food,3.533333333333333
2753,4,ubereats.com,Health & Food,6.516666666666667
2754,5,ytmp3.la,Health & Food,4.116666666666666
2755,6,opentable.com,Health & Food,3.2
2756,7,invl.io,Health & Food,1.3666666666666667
2757,8,dominos.com,Health & Food,6.65
2758,9,ifood.com.br,Health & Food,9.133333333333333
2759,10,square.site,Health & Food,2.3333333333333335
2760,11,shoptastic.io,Health & Food,0.3333333333333333
2761,12,swiggy.com,Health & Food,10.1
2762,13,tvwiki13.com,Health & Food,6.633333333333333
2763,14,mcdonalds.com,Health & Food,1.1833333333333333
2764,15,starbucks.com,Health & Food,1.95
2765,16,zomato.com,Health & Food,6.483333333333333
2766,17,resy.com,Health & Food,3.066666666666667
2767,18,sevenrooms.com,Health & Food,2.4833333333333334
2768,19,order.online,Health & Food,2.8166666666666664
2769,20,grubhub.com,Health & Food,5.85
2770,21,bttn.io,Health & Food,0.95
2771,22,just-eat.co.uk,Health & Food,7.833333333333333
2772,23,mcdonalds.co.jp,Health & Food,1.65
2773,24,pizzahut.com,Health & Food,5.1
2774,25,wongnai.com,Health & Food,1.1
2775,26,inline.app,Health & Food,2.0
2776,27,tablecheck.com,Health & Food,4.166666666666667
2778,29,papajohns.com,Health & Food,5.516666666666667
2781,32,tacobell.com,Health & Food,2.783333333333333
2782,33,chick-fil-a.com,Health & Food,2.3833333333333333
2785,36,chipotle.com,Health & Food,2.9333333333333336
2786,37,lieferando.de,Health & Food,6.266666666666667
2787,38,trendndaily.com,Health & Food,2.9833333333333334
2789,40,accurx.nhs.uk,Health & Food,4.383333333333334
2790,41,crumblcookies.com,Health & Food,1.9
2791,42,deliveroo.co.uk,Health & Food,6.433333333333334
2792,43,olivegarden.com,Health & Food,4.25
2793,44,dodopizza.ru,Health & Food,5.516666666666667
2794,45,wingstop.com,Health & Food,3.5
2795,46,littlecaesars.com,Health & Food,3.5
2797,48,exploretock.com,Health & Food,2.4333333333333336
2798,49,restaurantguru.com,Health & Food,1.1833333333333333
2799,50,menudino.com,Health & Food,2.8333333333333335
2801,2,peta.org,Health & Food,1.1666666666666667
2802,3,itdoesnttastelikechicken.com,Health & Food,2.5
2803,4,elavegan.com,Health & Food,1.75
2804,5,happycow.net,Health & Food,2.0
2805,6,mediafyre.net,Health & Food,2.0833333333333335
2806,7,eatwithclarity.com,Health & Food,2.35
2807,8,theconsciousplantkitchen.com,Health & Food,1.5833333333333335
2808,9,zuckerjagdwurst.com,Health & Food,2.3
2809,10,plantbasednews.org,Health & Food,1.15
2810,11,frommybowl.com,Health & Food,2.966666666666667
2811,12,pickuplimes.com,Health & Food,3.0166666666666666
2812,13,thefoodietakesflight.com,Health & Food,1.6833333333333333
2813,14,theplantbasedschool.com,Health & Food,4.416666666666667
2814,15,plantyou.com,Health & Food,2.6166666666666667
2815,16,vegnews.com,Health & Food,1.7833333333333332
2816,17,lovingitvegan.com,Health & Food,2.3666666666666667
2817,18,veganricha.com,Health & Food,2.9
2818,19,eat-this.org,Health & Food,2.4333333333333336
2819,20,qopla.com,Health & Food,3.85
2820,21,plantbasedrdblog.com,Health & Food,5.1
2821,22,danzadefogones.com,Health & Food,1.1166666666666667
2822,23,thebananadiaries.com,Health & Food,1.3333333333333333
2823,24,wodup.com,Health & Food,1.9333333333333333
2824,25,planthood.co.uk,Health & Food,12.45
2825,26,makeitdairyfree.com,Health & Food,2.9
2826,27,satvicmovement.org,Health & Food,1.0166666666666666
2827,28,nashgogogo.tw,Health & Food,1.9
2828,29,sweetsimplevegan.com,Health & Food,1.6333333333333333
2829,30,abillion.com,Health & Food,0.7666666666666667
2830,31,fairment.de,Health & Food,1.7
2831,32,sarahsvegankitchen.com,Health & Food,2.3333333333333335
2832,33,rainbownourishments.com,Health & Food,1.9
2833,34,schoolnightvegan.com,Health & Food,1.4833333333333334
2834,35,plantbasedonabudget.com,Health & Food,1.7666666666666666
2835,36,shaneandsimple.com,Health & Food,2.0166666666666666
2836,37,plantbaes.com,Health & Food,2.183333333333333
2837,38,farmfreshtoyou.com,Health & Food,3.5166666666666666
2838,39,myquietkitchen.com,Health & Food,2.0166666666666666
2839,40,cucinabotanica.com,Health & Food,1.3333333333333333
2840,41,thelittleblogofvegan.com,Health & Food,1.1833333333333333
2841,42,namawell.com,Health & Food,2.7333333333333334
2842,43,onegreenplanet.org,Health & Food,0.8333333333333334
2843,44,beyondmeat.com,Health & Food,0.7333333333333333
2844,45,soupersage.com,Health & Food,1.0666666666666667
2845,46,addictedtodates.com,Health & Food,2.95
2846,47,theeburgerdude.com,Health & Food,2.75
2847,48,veganuary.com,Health & Food,1.3
2848,49,upbeetandkaleingitblog.com,Health & Food,3.7333333333333334
2849,50,crowdedkitchen.com,Health & Food,1.0833333333333333
3150,1,chess.com,Games,14.533333333333333
3151,2,lichess.org,Games,16.533333333333335
3152,3,solitaired.com,Games,20.116666666666667
3153,4,cardgames.io,Games,15.616666666666667
3154,5,boardgamegeek.com,Games,4.983333333333333
3155,6,cardmarket.com,Games,8.933333333333334
3156,7,playingcards.jp,Games,7.566666666666666
3157,8,solitr.com,Games,4.9
3158,9,worldofsolitaire.com,Games,2.45
3159,10,scryfall.com,Games,7.7
3160,11,moxfield.com,Games,6.3
3161,12,free-spider-solitaire.com,Games,5.05
3162,13,cdromance.org,Games,2.5666666666666664
3163,14,edhrec.com,Games,6.533333333333333
3164,15,bloxfruitsvalues.com,Games,2.783333333333333
3165,16,warhammer.com,Games,2.9333333333333336
3166,17,chess-results.com,Games,6.083333333333333
3167,18,free-freecell-solitaire.com,Games,4.866666666666667
3168,19,247solitaire.com,Games,3.2666666666666666
3169,20,solitairebliss.com,Games,15.4
3170,21,sanguosha.com,Games,2.95
3173,24,colonist.io,Games,13.65
3174,25,jeu-du-solitaire.com,Games,2.5833333333333335
3175,26,gamefound.com,Games,5.0
3176,27,nothing.tech,Games,2.5833333333333335
3177,28,deepwoken.co,Games,4.716666666666667
3178,29,tactics.tools,Games,4.333333333333333
3179,30,flyordie.com,Games,8.9
3180,31,archidekt.com,Games,5.4
3181,32,fide.com,Games,2.2
3182,33,scryfall.io,Games,3.35
3183,34,soritia.jp,Games,9.45
3184,35,chessbase.com,Games,3.4333333333333336
3185,36,cardtrader.com,Games,6.75
3186,37,greenfelt.net,Games,5.5
3187,38,sudokupad.app,Games,10.166666666666666
3188,39,similarsearch.net,Games,0.7833333333333333
3189,40,rummycircle.com,Games,3.0166666666666666
3190,41,mahjon.gg,Games,2.283333333333333
3191,42,247backgammon.org,Games,3.466666666666667
3192,43,wahapedia.ru,Games,5.816666666666666
3193,44,spider-solitaire-game.com,Games,1.8166666666666667
3194,45,spotle.io,Games,2.4333333333333336
3195,46,newrecruit.eu,Games,7.216666666666667
3196,47,nextchessmove.com,Games,1.7833333333333332
3197,48,draftsim.com,Games,2.3166666666666664
3198,49,aide-scrabble.fr,Games,6.9
3199,50,trickstercards.com,Games,20.816666666666666
3200,1,truyenqqto.com,Games,22.483333333333334
3201,2,5ch.net,Games,7.783333333333333
3202,3,douyu.com,Games,7.183333333333334
3205,6,huya.com,Games,5.466666666666667
3206,7,atwiki.jp,Games,6.5
3207,8,nga.cn,Games,10.983333333333333
3208,9,platoboost.com,Games,2.6333333333333333
3209,10,wcofun.net,Games,14.066666666666666
3210,11,lego.com,Games,3.3166666666666664
3211,12,answers.yahoo.com,Games,2.066666666666667
3212,13,u.gg,Games,6.466666666666667
3214,15,pch.com,Games,17.9
3215,16,boardgamearena.com,Games,16.383333333333333
3216,17,tcgplayer.com,Games,6.75
3217,18,mobalytics.gg,Games,4.033333333333333
3218,19,tanki.su,Games,2.533333333333333
3219,20,notube.si,Games,5.866666666666667
3220,21,rik.vip,Games,1.1666666666666667
3221,22,games.yahoo.co.jp,Games,4.333333333333333
3222,23,fortnite.com,Games,2.55
3224,25,sololevelingmangafree.com,Games,25.7
3225,26,kickstarter.com,Games,2.75
3226,27,pokemonshowdown.com,Games,15.65
3228,29,dndbeyond.com,Games,8.466666666666667
3229,30,steamdb.info,Games,3.1166666666666667
3231,32,perchance.org,Games,3.6166666666666667
3232,33,freecash.com,Games,5.016666666666667
3233,34,triviatoday.com,Games,2.283333333333333
3234,35,worldoftanks.eu,Games,2.033333333333333
3235,36,netmarble.com,Games,2.25
3236,37,razlozhi.ru,Games,7.05
3237,38,pricecharting.com,Games,5.033333333333333
3238,39,modrinth.com,Games,6.283333333333333
3239,40,fischipedia.org,Games,6.55
3240,41,doodles.google,Games,3.5
3241,42,granbluefantasy.jp,Games,32.7
3242,43,yt1s.com.co,Games,4.116666666666666
3243,44,gamebanana.com,Games,14.0
3245,46,pokemondb.net,Games,6.45
3246,47,web-jong.com,Games,3.1666666666666665
3247,48,wizards.com,Games,2.783333333333333
3248,49,wargaming.net,Games,3.8
3249,50,pockettactics.com,Games,1.8666666666666667
3250,1,sudoku.com,Games,7.55
3251,2,games.aarp.org,Games,14.533333333333333
3253,4,thejigsawpuzzles.com,Games,10.866666666666667
3254,5,minutecryptic.com,Games,5.266666666666667
3255,6,wordunscrambler.me,Games,5.6
3256,7,wafflegame.net,Games,2.6333333333333333
3257,8,danword.com,Games,6.783333333333333
3258,9,scrabblewordfinder.org,Games,6.45
3259,10,thewordfinder.com,Games,3.65
3260,11,crosswordsolver.com,Games,2.95
3261,12,websudoku.com,Games,5.166666666666667
3262,13,wordunscrambler.net,Games,2.5
3263,14,wort-suchen.de,Games,7.733333333333333
3264,15,jigsawexplorer.com,Games,8.65
3265,16,arealme.com,Games,4.35
3266,17,freedom.to,Games,5.833333333333333
3268,19,sbsolver.com,Games,2.5833333333333335
3269,20,pie.org,Games,1.3166666666666667
3270,21,makeitmeme.com,Games,8.733333333333333
3271,22,crosswordsolver.org,Games,3.6833333333333336
3272,23,zistop.com,Games,0.7333333333333333
3273,24,sudoku.game,Games,1.9833333333333334
3274,25,nerdlegame.com,Games,4.1
3275,26,geogridgame.com,Games,6.733333333333333
3276,27,boatloadpuzzles.com,Games,5.4
3277,28,247sudoku.com,Games,3.283333333333333
3278,29,jigidi.com,Games,8.333333333333334
3279,30,kids.lego.com,Games,2.4833333333333334
3280,31,quordle.com,Games,0.75
3281,32,codycross.info,Games,3.6
3282,33,terrayou.com,Games,6.15
3283,34,lumosity.com,Games,8.183333333333334
3284,35,rachacuca.com.br,Games,8.25
3285,36,6mal5.com,Games,5.5
3286,37,themahjong.com,Games,8.316666666666666
3287,38,puzzlebaron.com,Games,15.783333333333333
3288,39,puzzle-nonograms.com,Games,12.466666666666667
3289,40,flagle-game.com,Games,2.8
3290,41,lovattspuzzles.com,Games,4.5
3291,42,si-coding.net,Games,8.566666666666666
3292,43,numberplace.net,Games,8.233333333333333
3293,44,korsordsvar.com,Games,9.916666666666666
3294,45,ultimatesuccesspuzzle.com,Games,5.866666666666667
3295,46,farmville3.com,Games,1.0166666666666666
3296,47,unscramble.me,Games,1.4166666666666667
3297,48,culturequizz.com,Games,9.283333333333333
3298,49,nonograms.org,Games,10.85
3299,50,heywise.com,Games,3.283333333333333
3302,3,roll20.net,Games,7.116666666666666
3303,4,secondlife.com,Games,9.483333333333333
3304,5,igg.com,Games,1.8333333333333335
3305,6,lanzoup.com,Games,1.65
3306,7,deeplol.gg,Games,6.4
3307,8,5e.tools,Games,10.216666666666667
3308,9,fantasynamegenerators.com,Games,2.2333333333333334
3309,10,dnd.su,Games,9.666666666666666
3310,11,heroforge.com,Games,2.7333333333333334
3311,12,aonprd.com,Games,8.516666666666667
3312,13,imgchest.com,Games,4.533333333333333
3313,14,nxbrew.net,Games,2.8666666666666667
3314,15,f-list.net,Games,12.75
3317,18,rusticotvhd.com,Games,4.466666666666667
3318,19,giantitp.com,Games,2.1666666666666665
3319,20,poppyplaytime.com,Games,1.8
3320,21,aidedd.org,Games,4.633333333333333
3321,22,probuildstats.com,Games,2.2
3322,23,gam.onl,Games,5.783333333333333
3323,24,drivethrurpg.com,Games,3.1666666666666665
3324,25,worldanvil.com,Games,3.033333333333333
3326,27,swudb.com,Games,7.1
3327,28,rpgbot.net,Games,5.9
3328,29,owlbear.rodeo,Games,5.383333333333334
3329,30,eveonline.com,Games,3.0
3330,31,fallenlondon.com,Games,4.766666666666667
3331,32,inkarnate.com,Games,4.966666666666667
3332,33,uniteapi.dev,Games,4.75
3333,34,marketplace.dndbeyond.com,Games,2.4333333333333336
3334,35,sabbat.su,Games,0.7333333333333333
3335,36,7fz7efcr.click,Games,1.65
3336,37,anichin.fun,Games,9.6
3337,38,enworld.org,Games,2.7
3338,39,acgyyg.ru,Games,4.3
3339,40,tribalwars.net,Games,9.833333333333334
3340,41,wfwf367.com,Games,9.15
3342,43,123912.com,Games,1.2333333333333334
3344,45,gmbinder.com,Games,1.5666666666666667
3345,46,forge-vtt.com,Games,5.45
3346,47,vaycasino279.com,Games,6.65
3347,48,rpg.net,Games,4.0
3348,49,beacon.tv,Games,3.033333333333333
3350,1,twitch.tv,Games,8.7
3351,2,roblox.com,Games,10.266666666666667
3352,3,asuracomic.net,Games,12.6
3353,4,steampowered.com,Games,2.716666666666667
3354,5,steamcommunity.com,Games,3.783333333333333
3355,6,poki.com,Games,9.05
3356,7,ign.com,Games,1.7666666666666666
3357,8,game8.jp,Games,4.633333333333333
3358,9,gamewith.jp,Games,4.733333333333333
3359,10,gamer.com.tw,Games,6.083333333333333
3360,11,epicgames.com,Games,3.0166666666666666
3361,12,crazygames.com,Games,8.266666666666667
3362,13,gamerant.com,Games,0.85
3363,14,nexusmods.com,Games,10.7
3365,16,ea.com,Games,3.033333333333333
3366,17,jeuxvideo.com,Games,5.266666666666667
3367,18,xbox.com,Games,3.7666666666666666
3368,19,kahoot.it,Games,9.116666666666667
3369,20,hltv.org,Games,6.266666666666667
3370,21,op.gg,Games,6.5
3371,22,sooplive.co.kr,Games,14.7
3372,23,gamespot.com,Games,3.033333333333333
3373,24,inven.co.kr,Games,11.483333333333333
3374,25,3dmgame.com,Games,3.066666666666667
3375,26,ruliweb.com,Games,16.966666666666665
3376,27,nintendo.com,Games,3.6
3377,28,otnolatrnup.com,Games,2.5666666666666664
3378,29,g123.jp,Games,1.4833333333333334
3379,30,arca.live,Games,10.233333333333333
3380,31,itch.io,Games,3.9333333333333336
3381,32,gutefrage.net,Games,1.8833333333333333
3382,33,futbin.com,Games,7.133333333333334
3383,34,nexon.com,Games,5.383333333333334
3384,35,spicychat.ai,Games,13.333333333333334
3385,36,mediago.io,Games,0.9666666666666667
3386,37,gamesradar.com,Games,0.95
3387,38,gamersky.com,Games,4.283333333333333
3388,39,faceit.com,Games,8.783333333333333
3389,40,liquipedia.net,Games,3.15
3390,41,pathofexile.com,Games,15.15
3391,42,fanbox.cc,Games,2.533333333333333
3392,43,supercell.com,Games,1.5
3393,44,vtubermatomerevival.com,Games,9.2
3394,45,kamigame.jp,Games,4.65
3395,46,riotgames.com,Games,2.3
3396,47,aternos.org,Games,7.116666666666666
3397,48,pcgamer.com,Games,1.0166666666666666
3398,49,hoyolab.com,Games,3.15
3399,50,curseforge.com,Games,6.55
3400,1,blocksite.co,Health & Food,1.5666666666666667
3403,4,nofap.com,Health & Food,2.9833333333333334
3405,6,kipu-11004.s3.amazonaws.com,Health & Food,3.55
3406,7,notdrink.ru,Health & Food,35.266666666666666
3407,8,0x3.com,Health & Food,2.8333333333333335
3408,9,americanaddictioncenters.org,Health & Food,0.8
3409,10,dea.gov,Health & Food,0.8
3411,12,advmd.co,Health & Food,0.5333333333333333
3413,14,aa.org,Health & Food,1.45
3415,16,rehabfamily.com,Health & Food,0.45
3417,18,joyous.team,Health & Food,3.5833333333333335
3418,19,localplan.co,Health & Food,1.2833333333333332
3419,20,grower.ch,Health & Food,9.0
3420,21,addictioncenter.com,Health & Food,0.5833333333333334
3421,22,therecoveryvillage.com,Health & Food,0.7166666666666667
3422,23,jftna.org,Health & Food,1.6833333333333333
3423,24,behavioralhealth-centers.com,Health & Food,1.7
3424,25,psychonautwiki.org,Health & Food,3.55
3429,30,hapvidandi.com.br,Health & Food,1.3333333333333333
3430,31,laakeinfo.fi,Health & Food,0.8666666666666667
3431,32,adf.org.au,Health & Food,0.55
3434,35,cerebellumacademy.com,Health & Food,7.383333333333334
3435,36,saa-recovery.org,Health & Food,2.183333333333333
3437,38,liki.uz,Health & Food,0.6166666666666667
3438,39,samsa.org.in,Health & Food,1.4833333333333334
3439,40,zinniahealth.com,Health & Food,0.6333333333333333
3440,41,internetaddictsanonymous.org,Health & Food,4.5
3441,42,employersolutions.com,Health & Food,5.383333333333334
3442,43,jomo.so,Health & Food,6.966666666666667
3444,45,ggplus.pro,Health & Food,54.35
3446,47,hazeldenbettyford.org,Health & Food,0.6666666666666666
3447,48,jellinek.nl,Health & Food,0.8
3448,49,calmark.io,Health & Food,2.85
3449,50,verimed.ru,Health & Food,0.5
3450,1,iherb.com,Health & Food,3.966666666666667
3451,2,ga.de,Health & Food,2.1333333333333333
3453,4,mercola.com,Health & Food,2.0
3454,5,news.hidoc.co.kr,Health & Food,0.4666666666666667
3455,6,massagebook.com,Health & Food,5.3
3456,7,liebscher-bracht.com,Health & Food,2.033333333333333
3457,8,functionhealth.com,Health & Food,5.216666666666667
3458,9,bananam.co.kr,Health & Food,1.3333333333333333
3459,10,zanducare.com,Health & Food,0.75
3460,11,aklamator.com,Health & Food,4.15
3462,13,moneple.com,Health & Food,0.6333333333333333
3463,14,naturheilkompass.de,Health & Food,0.5333333333333333
3464,15,benu.rs,Health & Food,1.8166666666666667
3465,16,himalayawellness.in,Health & Food,1.0833333333333333
3466,17,younity.com,Health & Food,2.966666666666667
3467,18,punarjanayurveda.com,Health & Food,1.9
3468,19,apotekajankovic.rs,Health & Food,11.5
3469,20,childrenshealthdefense.org,Health & Food,1.6166666666666667
3471,22,dijeta.in.rs,Health & Food,0.5333333333333333
3472,23,wisey.app,Health & Food,3.533333333333333
3473,24,drjoedispenza.com,Health & Food,3.2666666666666666
3474,25,resalib.fr,Health & Food,1.55
3475,26,clinicsense.com,Health & Food,4.166666666666667
3476,27,mercolamarket.com,Health & Food,1.2
3477,28,chirotouch.com,Health & Food,19.4
3479,30,narayana-verlag.de,Health & Food,3.783333333333333
3480,31,biogena.com,Health & Food,2.0166666666666666
3481,32,ksamata.ru,Health & Food,5.966666666666667
3482,33,vitakruid.nl,Health & Food,2.183333333333333
3483,34,simplero.com,Health & Food,3.1333333333333333
3484,35,drhomeo.com,Health & Food,1.55
3485,36,love.janeapp.com,Health & Food,0.016666666666666666
3487,38,sante-nutrition.org,Health & Food,1.8
3488,39,meditree.kr,Health & Food,4.333333333333333
3489,40,meinmed.at,Health & Food,0.9333333333333333
3490,41,optimantra.com,Health & Food,12.983333333333333
3491,42,decouvertes-sante.com,Health & Food,1.0166666666666666
3492,43,korenovsk-rc.ru,Health & Food,0.1
3493,44,tkp.at,Health & Food,1.2666666666666666
3494,45,shop.benu.rs,Health & Food,0.016666666666666666
3495,46,midwesterndoctor.com,Health & Food,3.2666666666666666
3496,47,cureveda.com,Health & Food,1.1166666666666667
3497,48,eusemfronteiras.com.br,Health & Food,0.45
3498,49,inspirerendleven.nl,Health & Food,1.6
3499,50,therapia.gr,Health & Food,1.3333333333333333
3500,1,mevosaude.com.br,Health & Food,0.5833333333333334
3502,3,veevavault.com,Health & Food,14.35
3504,5,cytamins.ru,Health & Food,1.1666666666666667
3506,7,farmazon.com.tr,Health & Food,12.166666666666666
3507,8,drmax.pl,Health & Food,0.9333333333333333
3508,9,9meters.com,Health & Food,0.85
3509,10,pfizerforall.com,Health & Food,1.1166666666666667
3510,11,rohto.com,Health & Food,1.2
3511,12,pfizer.com,Health & Food,2.4333333333333336
3512,13,kenei-pharm.com,Health & Food,0.4166666666666667
3514,15,alinamin-kenko.jp,Health & Food,0.5833333333333334
3515,16,roche.com,Health & Food,3.183333333333333
3516,17,mt-pharma.co.jp,Health & Food,0.6333333333333333
3517,18,abbvie.com,Health & Food,3.9
3520,21,iqvia.com,Health & Food,4.666666666666667
3521,22,webdiet.com.br,Health & Food,20.083333333333332
3523,24,prevnar20.com,Health & Food,0.95
3524,25,zutool.jp,Health & Food,1.6
3525,26,novartis.com,Health & Food,1.7666666666666666
3526,27,bayer.com,Health & Food,1.55
3528,29,kamimutsukawa.com,Health & Food,0.5666666666666667
3529,30,imedidata.com,Health & Food,12.0
3530,31,otelixio.com,Health & Food,0.06666666666666667
3531,32,merck.com,Health & Food,5.05
3532,33,ratiopharm.de,Health & Food,0.5833333333333334
3533,34,sberhealth.ru,Health & Food,2.8
3536,37,fiercebiotech.com,Health & Food,1.35
3538,39,astrazeneca.com,Health & Food,2.4833333333333334
3539,40,redcare-apotheke.ch,Health & Food,3.6166666666666667
3540,41,endpts.com,Health & Food,2.4
3541,42,news.popyard.space,Health & Food,10.716666666666667
3542,43,fit.clinic,Health & Food,0.4166666666666667
3543,44,takeda.com,Health & Food,1.3833333333333333
3544,45,careers.lilly.com,Health & Food,3.283333333333333
3545,46,eurofarma.com.br,Health & Food,1.05
3546,47,symbion.com.au,Health & Food,9.066666666666666
3547,48,center-dental-clinic.com,Health & Food,2.0
3548,49,amgen.com,Health & Food,1.5666666666666667
3549,50,prescriberpoint.com,Health & Food,1.1333333333333333
3550,1,babycenter.com,Health & Food,1.5833333333333335
3551,2,babyblog.ru,Health & Food,4.2
3552,3,parenting.pl,Health & Food,0.8
3553,4,parents.com,Health & Food,1.05
3554,5,kidshealth.org,Health & Food,1.0
3555,6,baby.ru,Health & Food,4.566666666666666
3556,7,u-mama.ru,Health & Food,7.166666666666667
3557,8,sibmama.ru,Health & Food,2.5
3558,9,guiainfantil.com,Health & Food,2.033333333333333
3559,10,7ya.ru,Health & Food,5.533333333333333
3560,11,stanfordchildrens.org,Health & Food,2.4
3561,12,littleone.ru,Health & Food,9.983333333333333
3562,13,mom.life,Health & Food,1.6666666666666665
3563,14,party.pl,Health & Food,0.8833333333333333
3564,15,happiestbaby.com,Health & Food,1.6166666666666667
3565,16,huckleberrycare.com,Health & Food,1.35
3566,17,raisingchildren.net.au,Health & Food,1.0166666666666666
3567,18,gdemoideti.ru,Health & Food,1.1166666666666667
3568,19,childmind.org,Health & Food,1.0666666666666667
3569,20,perfactive.fr,Health & Food,4.7
3570,21,bebemamae.com,Health & Food,0.9166666666666666
3571,22,attractivenesstest.com,Health & Food,5.55
3572,23,madeformums.com,Health & Food,1.0166666666666666
3573,24,babyhome.com.tw,Health & Food,2.0833333333333335
3574,25,healthify.nz,Health & Food,1.4333333333333333
3575,26,parents.ru,Health & Food,1.2166666666666668
3576,27,serpadres.es,Health & Food,1.2
3577,28,kinderaerzte-im-netz.de,Health & Food,0.8333333333333334
3578,29,dodot.es,Health & Food,0.6
3579,30,medela.com,Health & Food,1.1333333333333333
3580,31,clinics-app.com,Health & Food,1.2666666666666666
3581,32,huggies.ru,Health & Food,0.7
3582,33,ilkadimlarim.com,Health & Food,0.6833333333333333
3583,34,pinmed.co,Health & Food,0.9
3584,35,materinstvo.ru,Health & Food,3.6833333333333336
3585,36,mamotoja.pl,Health & Food,1.2
3586,37,kindergesundheit-info.de,Health & Food,0.8166666666666667
3587,38,mjakmama24.pl,Health & Food,0.8333333333333334
3589,40,wosp.org.pl,Health & Food,1.4333333333333333
3590,41,kimbino.hu,Health & Food,4.5
3591,42,bebesymas.com,Health & Food,1.3166666666666667
3592,43,cps.ca,Health & Food,1.0666666666666667
3593,44,sickkids.ca,Health & Food,2.8666666666666667
3594,45,intelite.com.br,Health & Food,71.88333333333334
3595,46,childcare.co.uk,Health & Food,3.9
3596,47,kita.de,Health & Food,1.2333333333333334
3597,48,llli.org,Health & Food,1.0166666666666666
3598,49,mamanoko.jp,Health & Food,1.5
3599,50,todopapas.com,Health & Food,1.4833333333333334
3600,1,invisalign.com,Health & Food,6.683333333333334
3602,3,intakeq.com,Health & Food,7.216666666666667
3603,4,haisha-yoyaku.jp,Health & Food,4.216666666666667
3604,5,medicaldoc.jp,Health & Food,1.8166666666666667
3605,6,denticon.com,Health & Food,34.25
3606,7,aligntech.com,Health & Food,14.616666666666667
3607,8,simplesdental.com,Health & Food,42.666666666666664
3609,10,visitqatar.com,Health & Food,1.1666666666666667
3610,11,modento.io,Health & Food,5.066666666666666
3612,13,stransa.co.jp,Health & Food,7.45
3613,14,dentrixascend.com,Health & Food,27.116666666666667
3614,15,dentalxchange.com,Health & Food,7.15
3615,16,poponveneers.com,Health & Food,5.116666666666666
3616,17,dentally.co,Health & Food,70.33333333333333
3617,18,aspendental.com,Health & Food,2.45
3618,19,solutionreach.com,Health & Food,6.55
3619,20,vynetrellis.com,Health & Food,6.45
3620,21,simples-saude.com,Health & Food,0.016666666666666666
3621,22,myitero.com,Health & Food,8.4
3623,24,ada.org,Health & Food,2.0166666666666666
3624,25,operadds.com,Health & Food,4.466666666666667
3625,26,rectanglehealth.com,Health & Food,7.266666666666667
3626,27,chatmix.com.br,Health & Food,89.78333333333333
3627,28,dentalhub.com,Health & Food,9.483333333333333
3628,29,myoryx.com,Health & Food,16.566666666666666
3629,30,curvehero.com,Health & Food,57.35
3630,31,etabletka.sk,Health & Food,2.6
3631,32,fnanen.com,Health & Food,1.6333333333333333
3632,33,codental.com.br,Health & Food,22.1
3633,34,sensodyne.com,Health & Food,0.6166666666666667
3635,36,24stoma.ru,Health & Food,0.75
3637,38,getweave.com,Health & Food,3.4833333333333334
3638,39,judenedds.com,Health & Food,3.1666666666666665
3639,40,clearchoice.com,Health & Food,1.15
3640,41,oralb.com,Health & Food,1.3833333333333333
3641,42,americareadysupply.com,Health & Food,2.1
3642,43,invisalign.com.br,Health & Food,1.2166666666666668
3643,44,3shape.com,Health & Food,7.083333333333333
3644,45,patientconnect365.com,Health & Food,1.9166666666666665
3646,47,enguard.com,Health & Food,10.95
3648,49,dentalkart.com,Health & Food,1.2833333333333332
3649,50,vevidental.com,Health & Food,11.266666666666667
3650,1,litalico.jp,Health & Food,1.3833333333333333
3651,2,thementornetwork.com,Health & Food,3.0833333333333335
3653,4,benefitsandwork.co.uk,Health & Food,2.066666666666667
3654,5,autism.org.uk,Health & Food,1.6333333333333333
3655,6,cnsa.fr,Health & Food,3.45
3656,7,vdk.de,Health & Food,2.25
3657,8,set-works.com,Health & Food,7.983333333333333
3658,9,goodwill.org,Health & Food,1.0333333333333334
3659,10,statres.com,Health & Food,13.9
3660,11,oref.org.il,Health & Food,0.38333333333333336
3661,12,monparcourshandicap.gouv.fr,Health & Food,1.7166666666666668
3662,13,dcig-forum.de,Health & Food,2.75
3664,15,care-wing.jp,Health & Food,22.966666666666665
3665,16,sevitahealth.com,Health & Food,2.55
3666,17,guardner.jp,Health & Food,0.6666666666666666
3668,19,handicap.fr,Health & Food,0.9666666666666667
3669,20,shohgaisha.com,Health & Food,1.15
3670,21,enableme.de,Health & Food,1.7
3673,24,disabili.com,Health & Food,1.1333333333333333
3675,26,seikatsuhogo.biz,Health & Food,1.8166666666666667
3676,27,rakuraku.or.jp,Health & Food,3.066666666666667
3677,28,granfarma.it,Health & Food,2.5166666666666666
3678,29,pflegecampus.de,Health & Food,31.416666666666668
3679,30,ashdodonline.co.il,Health & Food,1.15
3680,31,sovd-sh.de,Health & Food,1.6166666666666667
3681,32,niepelnosprawni.pl,Health & Food,1.0666666666666667
3682,33,mobilityworks.com,Health & Food,2.1
3683,34,dredf.org,Health & Food,1.1666666666666667
3684,35,abilitynet.org.uk,Health & Food,0.6
3685,36,hdsunflower.com,Health & Food,1.6166666666666667
3686,37,mymodivcare.com,Health & Food,1.9
3687,38,lebenshilfe.de,Health & Food,1.0166666666666666
3688,39,disabilityrightsuk.org,Health & Food,1.0
3689,40,doorinworld.ru,Health & Food,1.6
3690,41,disabilityscoop.com,Health & Food,1.15
3691,42,rh-dt.de,Health & Food,3.3166666666666664
3692,43,korian.it,Health & Food,1.4666666666666668
3693,44,elo-forum.org,Health & Food,2.7
3694,45,shuro-shien.or.jp,Health & Food,1.35
3695,46,invalidnost.com,Health & Food,1.15
3696,47,rehakids.de,Health & Food,2.1166666666666667
3697,48,handylex.org,Health & Food,1.3666666666666667
3698,49,bloghoptoys.fr,Health & Food,0.6666666666666666
3699,50,eyleahd.com,Health & Food,0.2
3700,1,reliaslearning.com,Health & Food,14.016666666666667
3701,2,fox13seattle.com,Health & Food,1.8166666666666667
3702,3,clearcareonline.com,Health & Food,20.583333333333332
3703,4,tyojyu.or.jp,Health & Food,1.1833333333333333
3704,5,aplaceformom.com,Health & Food,1.9333333333333333
3705,6,matrixcare.com,Health & Food,25.466666666666665
3706,7,agingcare.com,Health & Food,1.45
3707,8,checkanswers.co,Health & Food,0.7666666666666667
3708,9,alayacare.com,Health & Food,4.716666666666667
3709,10,mindfuladvantage.com,Health & Food,2.3
3710,11,ncoa.org,Health & Food,0.7833333333333333
3711,12,seniorliving.org,Health & Food,1.35
3712,13,monetise.com,Health & Food,2.05
3713,14,axxessweb.com,Health & Food,6.816666666666666
3714,15,wellsky.com,Health & Food,23.6
3715,16,capretraite.fr,Health & Food,1.7
3716,17,onlinefabricstore.com,Health & Food,1.9166666666666665
3717,18,reversephone.com,Health & Food,3.3666666666666667
3718,19,axiscare.com,Health & Food,18.566666666666666
3719,20,truelinkfinancial.com,Health & Food,1.4333333333333333
3720,21,modivcare.com,Health & Food,4.366666666666666
3721,22,jabraenhance.com,Health & Food,6.733333333333333
3722,23,pour-les-personnes-agees.gouv.fr,Health & Food,3.3333333333333335
3723,24,sante-ra.fr,Health & Food,6.116666666666666
3724,25,ryokorouter.com,Health & Food,1.55
3725,26,brightstarcare.com,Health & Food,17.383333333333333
3726,27,caring.com,Health & Food,1.9166666666666665
3728,29,lifelinesupport.org,Health & Food,1.9666666666666668
3730,31,hublo.com,Health & Food,3.4333333333333336
3731,32,action-sociale.org,Health & Food,2.3666666666666667
3732,33,freedomcare.com,Health & Food,1.2666666666666666
3733,34,sanitaire-social.com,Health & Food,1.4333333333333333
3735,36,aloraplus.com,Health & Food,22.4
3736,37,residentapps.com,Health & Food,2.8
3737,38,ultrahhc.com,Health & Food,26.583333333333332
3738,39,flmedicaidmanagedcare.com,Health & Food,4.75
3739,40,theseniorlist.com,Health & Food,1.45
3741,42,tels.net,Health & Food,7.066666666666666
3743,44,homeinstead.com,Health & Food,1.8
3744,45,sunriseseniorliving.com,Health & Food,1.35
3745,46,seniorly.com,Health & Food,2.6333333333333333
3746,47,gogograndparent.com,Health & Food,10.783333333333333
3747,48,networkofcare.org,Health & Food,1.3
3748,49,aarpfoundation.org,Health & Food,2.0
3749,50,brookdale.com,Health & Food,1.7666666666666666
3750,1,webmd.com,Health & Food,1.2833333333333332
3752,3,verywellhealth.com,Health & Food,1.1666666666666667
3753,4,health.clevelandclinic.org,Health & Food,0.7666666666666667
3754,5,mobcup.com.co,Health & Food,1.9
3755,6,cancer.gov,Health & Food,1.4666666666666668
3756,7,healthdirect.gov.au,Health & Food,0.9666666666666667
3757,8,sleepfoundation.org,Health & Food,0.7833333333333333
3758,9,cancer.org,Health & Food,1.75
3759,10,nhsinform.scot,Health & Food,1.1
3760,11,news-medical.net,Health & Food,0.9666666666666667
3761,12,mdanderson.org,Health & Food,2.0
3762,13,cancerresearchuk.org,Health & Food,1.5833333333333335
3763,14,freestyle.abbott,Health & Food,1.5666666666666667
3764,15,bhf.org.uk,Health & Food,1.75
3765,16,dermnetnz.org,Health & Food,1.4666666666666668
3766,17,cancer.ca,Health & Food,1.1833333333333333
3767,18,merckmanuals.com,Health & Food,1.8666666666666667
3768,19,getsmartinsights.com,Health & Food,2.3833333333333333
3770,21,kidney.org,Health & Food,1.1833333333333333
3771,22,healthmatch.io,Health & Food,3.1166666666666667
3772,23,kff.org,Health & Food,1.5166666666666666
3773,24,lung.org,Health & Food,0.9
3774,25,herzstiftung.de,Health & Food,1.4166666666666667
3776,27,spine-health.com,Health & Food,1.4333333333333333
3777,28,answers.mawdoo3.com,Health & Food,1.0
3778,29,sanego.de,Health & Food,1.2166666666666668
3779,30,usenourish.com,Health & Food,3.9166666666666665
3780,31,diabetes.org,Health & Food,1.55
3781,32,lakartidningen.se,Health & Food,2.8166666666666664
3784,35,diabetes.org.uk,Health & Food,1.8833333333333333
3785,36,farmasiet.no,Health & Food,3.283333333333333
3786,37,libreview.com,Health & Food,3.0833333333333335
3787,38,omnipod.com,Health & Food,2.6333333333333333
3788,39,alz.org,Health & Food,1.4166666666666667
3789,40,nanbyou.or.jp,Health & Food,1.9666666666666668
3790,41,arthritis.org,Health & Food,0.7333333333333333
3791,42,mohw.go.kr,Health & Food,3.95
3792,43,duodecimlehti.fi,Health & Food,1.1333333333333333
3794,45,alzheimers.org.uk,Health & Food,1.9
3795,46,amsterdamumc.nl,Health & Food,3.7333333333333334
3796,47,hug.ch,Health & Food,1.25
3797,48,davita.com,Health & Food,3.183333333333333
3798,49,felleskatalogen.no,Health & Food,2.7666666666666666
3799,50,ourfuturehealth.org.uk,Health & Food,7.95
3801,2,healthline.com,Health & Food,1.9666666666666668
3802,3,walgreens.com,Health & Food,3.65
3803,4,1mg.com,Health & Food,2.5
3804,5,medicalnewstoday.com,Health & Food,1.3
3805,6,nhs.uk,Health & Food,1.7
3806,7,aarp.org,Health & Food,8.116666666666667
3807,8,doctolib.fr,Health & Food,5.433333333333334
3808,9,nhathuoclongchau.com.vn,Health & Food,3.6333333333333333
3809,10,alodokter.com,Health & Food,1.6166666666666667
3810,11,athenahealth.com,Health & Food,5.15
3811,12,altibbi.com,Health & Food,1.2333333333333334
3812,13,tuasaude.com,Health & Food,1.4666666666666668
3814,15,cdc.gov,Health & Food,2.0833333333333335
3815,16,medlineplus.gov,Health & Food,0.9166666666666666
3816,17,prodoctorov.ru,Health & Food,3.1666666666666665
3817,18,janeapp.com,Health & Food,9.633333333333333
3818,19,abczdrowie.pl,Health & Food,0.9666666666666667
3819,20,webteb.com,Health & Food,1.0333333333333334
3821,22,doctoralia.com.br,Health & Food,3.3
3822,23,halodoc.com,Health & Food,1.6833333333333333
3824,25,sprosivracha.com,Health & Food,1.2833333333333332
3825,26,vinmec.com,Health & Food,1.8333333333333335
3826,27,memorial.com.tr,Health & Food,1.4833333333333334
3827,28,imss.gob.mx,Health & Food,6.983333333333333
3828,29,medonet.pl,Health & Food,0.6833333333333333
3829,30,health.mail.ru,Health & Food,2.2666666666666666
3830,31,uworld.com,Health & Food,8.4
3831,32,suckhoedoisong.vn,Health & Food,0.3333333333333333
3833,34,chemistwarehouse.com.au,Health & Food,3.45
3834,35,shop-apotheke.com,Health & Food,3.2
3836,37,questdiagnostics.com,Health & Food,5.666666666666667
3837,38,rxinform.org,Health & Food,1.6666666666666665
3838,39,who.int,Health & Food,2.4
3839,40,labcorp.com,Health & Food,4.416666666666667
3841,42,practo.com,Health & Food,2.3666666666666667
3842,43,hesaplama.net,Health & Food,1.9833333333333334
3843,44,doctolib.de,Health & Food,3.9
3844,45,memed.com.br,Health & Food,1.2833333333333332
3845,46,gemotest.ru,Health & Food,1.7666666666666666
3846,47,doctoralia.com.mx,Health & Food,2.6166666666666667
3847,48,gsuplementos.com.br,Health & Food,2.9
3848,49,healthgrades.com,Health & Food,1.9833333333333334
3849,50,uptodate.com,Health & Food,5.166666666666667
3850,1,mayoclinic.org,Health & Food,1.0166666666666666
3851,2,clevelandclinic.org,Health & Food,1.3166666666666667
3852,3,msdmanuals.com,Health & Food,1.75
3853,4,vidal.ru,Health & Food,1.3833333333333333
3854,5,invitro.ru,Health & Food,4.066666666666666
3855,6,hopkinsmedicine.org,Health & Food,1.5166666666666666
3856,7,rlsnet.ru,Health & Food,1.65
3857,8,znanylekarz.pl,Health & Food,3.05
3858,9,mp.pl,Health & Food,1.3833333333333333
3859,10,medscape.com,Health & Food,2.2
3860,11,doccheck.com,Health & Food,3.1166666666666667
3861,12,lww.com,Health & Food,2.8666666666666667
3862,13,amboss.com,Health & Food,15.0
3863,14,103.by,Health & Food,3.1166666666666667
3864,15,humanitas.it,Health & Food,1.0166666666666666
3865,16,providence.org,Health & Food,5.25
3867,18,bmj.com,Health & Food,2.0833333333333335
3868,19,kp.org,Health & Food,5.583333333333333
3869,20,m3.com,Health & Food,5.483333333333333
3871,22,doximity.com,Health & Food,3.9
3872,23,jamanetwork.com,Health & Food,1.7166666666666668
3873,24,libvio.fun,Health & Food,6.3
3874,25,adventhealth.com,Health & Food,5.216666666666667
3875,26,sutterhealth.org,Health & Food,6.75
3876,27,uclahealth.org,Health & Food,3.4166666666666665
3878,29,mailsuite.com,Health & Food,3.8833333333333333
3879,30,aamc.org,Health & Food,5.4
3880,31,massgeneralbrigham.org,Health & Food,5.766666666666667
3881,32,passmedicine.com,Health & Food,8.783333333333333
3882,33,iqhealth.com,Health & Food,4.116666666666666
3883,34,upmc.com,Health & Food,3.216666666666667
3884,35,physio-pedia.com,Health & Food,2.0166666666666666
3885,36,health.kr,Health & Food,2.05
3886,37,thewom.it,Health & Food,1.9666666666666668
3888,39,med.or.jp,Health & Food,2.283333333333333
3889,40,amc.seoul.kr,Health & Food,0.8333333333333334
3892,43,nm.org,Health & Food,4.033333333333333
3893,44,nrmp.org,Health & Food,3.6833333333333336
3894,45,uhhospitals.org,Health & Food,3.05
3895,46,apollohospitals.com,Health & Food,2.283333333333333
3896,47,mskcc.org,Health & Food,3.783333333333333
3897,48,studentdoctor.net,Health & Food,2.9
3898,49,cedars-sinai.org,Health & Food,1.85
3899,50,aafp.org,Health & Food,1.7
3900,1,clinikally.com,Health & Food,2.9166666666666665
3901,2,harrys.com,Health & Food,1.8
3902,3,okusurinavi.shop,Health & Food,2.3833333333333333
3903,4,dollarshaveclub.com,Health & Food,1.5833333333333335
3904,5,mobizio.com,Health & Food,26.016666666666666
3905,6,adaptiveems.com,Health & Food,4.733333333333333
3906,7,gillette.com,Health & Food,0.7666666666666667
3907,8,organicsocean.com,Health & Food,2.0833333333333335
3909,10,betterconsult.com,Health & Food,2.216666666666667
3910,11,calcsd.info,Health & Food,2.5666666666666664
3911,12,rocketrx.com,Health & Food,2.7666666666666666
3912,13,d-clinicgroup.jp,Health & Food,0.4
3913,14,healthadvicetoday.com,Health & Food,0.9333333333333333
3915,16,mycarecorner.net,Health & Food,4.15
3916,17,careers.health.qld.gov.au,Health & Food,2.25
3917,18,looksmaxxing.com,Health & Food,4.216666666666667
3918,19,thunders.place,Health & Food,5.6
3919,20,issm.info,Health & Food,0.2
3920,21,airmedscrubs.com.au,Health & Food,3.716666666666667
3921,22,mynucleus.com,Health & Food,3.1
3922,23,newyorkurologyspecialists.com,Health & Food,0.75
3923,24,shop.drinkag1.com,Health & Food,3.066666666666667
3924,25,mitoredlight.com,Health & Food,2.7666666666666666
3925,26,movember.com,Health & Food,0.48333333333333334
3926,27,citycave.com.au,Health & Food,2.75
3927,28,unidru.com,Health & Food,3.183333333333333
3928,29,franktalk.org,Health & Food,8.966666666666667
3929,30,phallosan.com,Health & Food,6.7
3930,31,healthsea.com,Health & Food,2.1333333333333333
3931,32,maennergesundheit.info,Health & Food,1.2166666666666668
3932,33,agacare.clinic,Health & Food,0.4666666666666667
3934,35,growplex.co,Health & Food,3.4
3935,36,e-aga.jp,Health & Food,0.03333333333333333
3936,37,drakner.ru,Health & Food,0.45
3937,38,zdorovnik.com,Health & Food,0.2
3938,39,sbc-aga.jp,Health & Food,1.5166666666666666
3940,41,will-agaclinic.com,Health & Food,0.43333333333333335
3941,42,barsclassaction.com,Health & Food,1.9
3942,43,themenshealthclinic.co.uk,Health & Food,1.85
3943,44,kato-aga-clinic.com,Health & Food,0.6166666666666667
3944,45,aventusclinic.com,Health & Food,0.7
3945,46,prostata.de,Health & Food,1.5
3946,47,meindirektlabor.de,Health & Food,1.3166666666666667
3947,48,dirxhealth.com,Health & Food,1.95
3948,49,lilli.ch,Health & Food,1.3666666666666667
3949,50,forestbell.jp,Health & Food,0.5166666666666667
3950,1,psychologytoday.com,Health & Food,2.35
3951,2,simplepractice.com,Health & Food,9.816666666666666
3952,3,doxy.me,Health & Food,3.716666666666667
3953,4,verywellmind.com,Health & Food,1.3333333333333333
3954,5,betterhelp.com,Health & Food,2.7666666666666666
3956,7,therapynotes.com,Health & Food,14.483333333333333
3957,8,psychcentral.com,Health & Food,1.6166666666666667
3958,9,growtherapy.com,Health & Food,5.416666666666667
3959,10,therapyportal.com,Health & Food,3.8333333333333335
3960,11,psychologies.ru,Health & Food,1.0166666666666666
3961,12,additudemag.com,Health & Food,1.65
3962,13,calm.com,Health & Food,1.05
3963,14,headway.co,Health & Food,4.05
3964,15,loopearplugs.com,Health & Food,3.066666666666667
3965,16,h-navi.jp,Health & Food,4.083333333333333
3966,17,psicoadvisor.com,Health & Food,0.31666666666666665
3967,18,helloalma.com,Health & Food,5.783333333333333
3968,19,talkspace.com,Health & Food,5.483333333333333
3969,20,lifestance.com,Health & Food,1.2833333333333332
3970,21,theranest.com,Health & Food,13.383333333333333
3971,22,guidapsicologi.it,Health & Food,1.7
3972,23,focusmate.com,Health & Food,9.883333333333333
3973,24,headspace.com,Health & Food,1.6333333333333333
3974,25,trendyol-milla.com,Health & Food,3.6
3975,26,positivepsychology.com,Health & Food,1.2333333333333334
3976,27,halaxy.com,Health & Food,10.0
3977,28,attachmentproject.com,Health & Food,4.333333333333333
3978,29,zandahealth.com,Health & Food,7.6
3979,30,mind.org.uk,Health & Food,2.033333333333333
3980,31,anahana.com,Health & Food,1.5666666666666667
3981,32,treatmyocd.com,Health & Food,3.15
3982,33,breeze-wellbeing.com,Health & Food,2.783333333333333
3983,34,embrace-autism.com,Health & Food,4.283333333333333
3984,35,choosingtherapy.com,Health & Food,1.8333333333333335
3985,36,charliehealth.com,Health & Food,2.283333333333333
3986,37,helpguide.org,Health & Food,0.9333333333333333
3987,38,psychologue.net,Health & Food,1.75
3989,40,therapyappointment.com,Health & Food,9.766666666666667
3990,41,appt.to,Health & Food,0.9333333333333333
3992,43,clinical-partners.co.uk,Health & Food,1.8666666666666667
3993,44,mhanational.org,Health & Food,1.45
3994,45,talkiatry.com,Health & Food,2.9166666666666665
3995,46,serenis.it,Health & Food,2.55
3996,47,7cups.com,Health & Food,4.683333333333334
3998,49,insighttimer.com,Health & Food,2.066666666666667
3999,50,aisaver.io,Health & Food,1.9666666666666668
4000,1,my-personaltrainer.it,Health & Food,1.8
4001,2,menshealth.com,Health & Food,0.8666666666666667
4002,3,myfitnesspal.com,Health & Food,4.15
4003,4,health.com,Health & Food,0.8833333333333333
4004,5,prevention.com,Health & Food,1.2166666666666668
4005,6,eatthis.com,Health & Food,0.8666666666666667
4006,7,gympass.com,Health & Food,9.033333333333333
4007,8,alfemminile.com,Health & Food,2.9
4008,9,planetfitness.com,Health & Food,2.5833333333333335
4009,10,unimeal.com,Health & Food,1.4666666666666668
4010,11,myprotein.com,Health & Food,2.533333333333333
4011,12,nutritionix.com,Health & Food,1.4833333333333334
4012,13,classpass.com,Health & Food,3.183333333333333
4013,14,basic-fit.com,Health & Food,1.85
4014,15,framar.bg,Health & Food,1.5
4015,16,weightwatchers.com,Health & Food,2.1
4017,18,verywellfit.com,Health & Food,0.9166666666666666
4018,19,self.com,Health & Food,0.9833333333333333
4019,20,stips.co.il,Health & Food,4.55
4020,21,totalpass.com,Health & Food,9.05
4021,22,smartfit.com.br,Health & Food,2.7666666666666666
4022,23,muscleandstrength.com,Health & Food,2.7333333333333334
4023,24,livestrong.com,Health & Food,0.9833333333333333
4024,25,trans-returnsummarycard-images-na.s3.amazonaws.com,Health & Food,1.9
4025,26,tutorplace.ru,Health & Food,1.9166666666666665
4026,27,ouraring.com,Health & Food,2.066666666666667
4027,28,sopharmacy.bg,Health & Food,1.9166666666666665
4028,29,bulk.com,Health & Food,4.583333333333333
4029,30,puregym.com,Health & Food,2.75
4030,31,healthy.thewom.it,Health & Food,1.9833333333333334
4031,32,cronometer.com,Health & Food,3.2
4032,33,vitaminshoppe.com,Health & Food,2.783333333333333
4033,34,gnc.com,Health & Food,2.45
4034,35,roguefitness.com,Health & Food,2.4333333333333336
4035,36,yoga-lava.com,Health & Food,7.183333333333334
4036,37,wellnessliving.com,Health & Food,4.683333333333334
4038,39,lifetime.life,Health & Food,2.6166666666666667
4039,40,eatthismuch.com,Health & Food,1.2
4040,41,voedingscentrum.nl,Health & Food,1.8833333333333333
4041,42,tdeecalculator.net,Health & Food,1.6
4042,43,nativepath.com,Health & Food,1.85
4043,44,bryanjohnson.com,Health & Food,4.2
4044,45,mfitpersonal.com.br,Health & Food,8.833333333333334
4045,46,crunch.com,Health & Food,2.033333333333333
4046,47,calorizator.ru,Health & Food,1.7
4047,48,athleanx.com,Health & Food,3.0166666666666666
4048,49,muscleblaze.com,Health & Food,1.7666666666666666
4049,50,mynetdiary.com,Health & Food,1.3666666666666667
4050,1,cvs.com,Health & Food,3.1166666666666667
4052,3,drugs.com,Health & Food,1.5666666666666667
4053,4,tabletki.ua,Health & Food,3.1166666666666667
4054,5,goodrx.com,Health & Food,1.95
4055,6,eapteka.ru,Health & Food,1.55
4056,7,drogasil.com.br,Health & Food,2.5166666666666666
4057,8,apollopharmacy.in,Health & Food,1.05
4058,9,drogaraia.com.br,Health & Food,2.066666666666667
4059,10,consultaremedios.com.br,Health & Food,1.3833333333333333
4063,14,fahorro.com,Health & Food,1.8333333333333335
4064,15,drogariasaopaulo.com.br,Health & Food,2.35
4065,16,netmeds.com,Health & Food,1.5
4067,18,apotea.se,Health & Food,4.966666666666667
4069,20,pharmeasy.in,Health & Food,1.5166666666666666
4070,21,gorzdrav.org,Health & Food,1.7166666666666668
4071,22,stolichki.ru,Health & Food,2.8333333333333335
4073,24,zdravcity.ru,Health & Food,2.35
4074,25,kusurinomadoguchi.com,Health & Food,1.7333333333333334
4075,26,shoppersdrugmart.ca,Health & Food,3.2666666666666666
4076,27,apteka911.ua,Health & Food,2.8833333333333333
4077,28,apteka-april.ru,Health & Food,2.85
4078,29,selcukecza.com.tr,Health & Food,7.066666666666666
4079,30,medex.com.bd,Health & Food,3.0833333333333335
4080,31,drogariaspacheco.com.br,Health & Food,2.716666666666667
4083,34,kegg.jp,Health & Food,1.8166666666666667
4084,35,redcare.it,Health & Food,4.233333333333333
4085,36,mintmanga.one,Health & Food,24.516666666666666
4086,37,apotekhjartat.se,Health & Food,3.7666666666666666
4087,38,366.ru,Health & Food,1.1
4088,39,panvel.com,Health & Food,1.8666666666666667
4089,40,cruzverde.cl,Health & Food,2.0833333333333335
4090,41,farmaciasdesimilares.com,Health & Food,2.216666666666667
4091,42,salcobrand.cl,Health & Food,2.6166666666666667
4092,43,apteka.net.ua,Health & Food,2.8666666666666667
4093,44,gelbe-liste.de,Health & Food,1.3666666666666667
4094,45,erx.com.au,Health & Food,3.55
4095,46,riteaid.com,Health & Food,1.8333333333333335
4096,47,singlecare.com,Health & Food,1.4666666666666668
4098,49,helsi.me,Health & Food,3.033333333333333
4099,50,kronansapotek.se,Health & Food,2.9
4100,1,rynekzdrowia.pl,Health & Food,0.8833333333333333
4101,2,helsenorge.no,Health & Food,5.233333333333333
4102,3,mp3juice.ninja,Health & Food,2.95
4103,4,esosuite.net,Health & Food,8.183333333333334
4104,5,jrc.or.jp,Health & Food,2.066666666666667
4105,6,aladtec.com,Health & Food,3.7333333333333334
4106,7,nfz.gov.pl,Health & Food,2.75
4107,8,rivm.nl,Health & Food,1.3333333333333333
4108,9,leki.pl,Health & Food,1.4
4109,10,health.state.mn.us,Health & Food,2.5166666666666666
4110,11,hvzeeland.nl,Health & Food,3.0166666666666666
4112,13,myeyedr.com,Health & Food,3.2333333333333334
4115,16,traumasoft.com,Health & Food,11.616666666666667
4116,17,medfile.pl,Health & Food,17.55
4117,18,ezdrowie.gov.pl,Health & Food,5.116666666666666
4118,19,johanniter.de,Health & Food,2.8333333333333335
4119,20,swiatzdrowia.pl,Health & Food,1.35
4122,23,nremt.org,Health & Food,5.05
4123,24,saintfrancis.com,Health & Food,4.716666666666667
4125,26,gabinet.gov.pl,Health & Food,5.483333333333333
4126,27,pzh.gov.pl,Health & Food,1.8833333333333333
4127,28,inspq.qc.ca,Health & Food,1.1
4128,29,cri.it,Health & Food,6.55
4129,30,lshtm.ac.uk,Health & Food,3.5
4130,31,112meldingen.nl,Health & Food,1.6166666666666667
4132,33,sygeforsikring.dk,Health & Food,3.2
4134,35,remedium.md,Health & Food,4.9
4135,36,dlrg.de,Health & Food,3.0
4136,37,healthdata.org,Health & Food,2.0166666666666666
4137,38,receptomat.pl,Health & Food,2.3
4138,39,easypractice.net,Health & Food,5.75
4140,41,whentohelp.com,Health & Food,4.016666666666667
4141,42,meretusa.com,Health & Food,0.18333333333333332
4142,43,ezdrav.si,Health & Food,4.9
4143,44,inrs.fr,Health & Food,2.95
4144,45,rm.dk,Health & Food,2.4166666666666665
4145,46,cowzdrowiu.pl,Health & Food,5.7
4146,47,firehouse.com,Health & Food,1.25
4147,48,regionh.dk,Health & Food,2.066666666666667
4148,49,healthaffairs.org,Health & Food,1.2833333333333332
4149,50,gelsenkirchen.de,Health & Food,2.716666666666667
4150,1,womenshealthmag.com,Health & Food,0.7333333333333333
4151,2,aufeminin.com,Health & Food,1.5833333333333335
4152,3,flo.health,Health & Food,1.6
4153,4,urbia.de,Health & Food,4.016666666666667
4154,5,netmums.com,Health & Food,2.1333333333333333
4155,6,plannedparenthood.org,Health & Food,1.3666666666666667
4156,7,parents.fr,Health & Food,1.1333333333333333
4157,8,santagostino.it,Health & Food,2.0
4158,9,mamari.jp,Health & Food,1.35
4159,10,24baby.nl,Health & Food,2.5
4161,12,eltern.de,Health & Food,1.15
4162,13,magicmaman.com,Health & Food,0.9833333333333333
4163,14,cartaodetodos.com.br,Health & Food,3.6
4165,16,happylifetherapy.fr,Health & Food,1.7166666666666668
4166,17,rund-ums-baby.de,Health & Food,1.4833333333333334
4167,18,reproduccionasistida.org,Health & Food,1.55
4168,19,clearblue.com,Health & Food,0.8833333333333333
4169,20,babycentre.co.uk,Health & Food,1.25
4170,21,helloclue.com,Health & Food,0.55
4172,23,zwangerschapspagina.nl,Health & Food,3.45
4173,24,pigeon.info,Health & Food,0.55
4174,25,nostrofiglio.it,Health & Food,1.9
4175,26,tommys.org,Health & Food,1.2333333333333334
4176,27,uppa.it,Health & Food,1.05
4177,28,natalben.com,Health & Food,1.15
4178,29,volleyballworld.com,Health & Food,6.916666666666667
4179,30,natera.com,Health & Food,5.016666666666667
4180,31,unclinic.ru,Health & Food,1.25
4181,32,americanpregnancy.org,Health & Food,0.9166666666666666
4182,33,pregnancybirthbaby.org.au,Health & Food,0.8166666666666667
4183,34,myplannedparenthoodchart.org,Health & Food,6.516666666666667
4184,35,annelertoplandik.com,Health & Food,4.066666666666666
4186,37,peanut-app.io,Health & Food,0.7833333333333333
4187,38,mamanatural.com,Health & Food,0.9833333333333333
4188,39,babycenter.ca,Health & Food,0.95
4189,40,babycenter.com.au,Health & Food,0.9833333333333333
4190,41,womenshealth.gov,Health & Food,0.6333333333333333
4192,43,marchofdimes.org,Health & Food,0.85
4193,44,mylofamily.com,Health & Food,0.48333333333333334
4194,45,joinmidi.com,Health & Food,1.1666666666666667
4195,46,frauenaerzte-im-netz.de,Health & Food,0.8333333333333334
4196,47,ovufriend.pl,Health & Food,5.6
4197,48,rcog.org.uk,Health & Food,3.9
4198,49,docasap.com,Health & Food,4.333333333333333
4199,50,thewomens.org.au,Health & Food,0.9666666666666667
4650,1,ancestry.com,Life Style & Hobbies,13.966666666666667
4651,2,familysearch.org,Life Style & Hobbies,13.083333333333334
4652,3,myheritage.com,Life Style & Hobbies,5.416666666666667
4653,4,geneanet.org,Life Style & Hobbies,11.75
4654,5,23andme.com,Life Style & Hobbies,4.1
4655,6,ancestry.co.uk,Life Style & Hobbies,17.633333333333333
4656,7,geni.com,Life Style & Hobbies,7.466666666666667
4657,8,wikitree.com,Life Style & Hobbies,7.883333333333333
4658,9,ancestry.ca,Life Style & Hobbies,14.733333333333333
4659,10,ancestry.com.au,Life Style & Hobbies,13.95
4660,11,findmypast.co.uk,Life Style & Hobbies,11.683333333333334
4661,12,myheritage.fr,Life Style & Hobbies,6.866666666666667
4662,13,myheritage.de,Life Style & Hobbies,8.266666666666667
4663,14,filae.com,Life Style & Hobbies,9.816666666666666
4664,15,myheritage.es,Life Style & Hobbies,4.083333333333333
4665,16,familytreedna.com,Life Style & Hobbies,4.8
4666,17,ancestry.de,Life Style & Hobbies,10.716666666666667
4667,18,vgd.ru,Life Style & Hobbies,6.2
4668,19,houseofnames.com,Life Style & Hobbies,1.1666666666666667
4669,20,rootsweb.com,Life Style & Hobbies,1.9166666666666665
4670,21,genealodzy.pl,Life Style & Hobbies,10.116666666666667
4671,22,familytreex.com,Life Style & Hobbies,0.25
4672,23,chatbotgpt.fr,Life Style & Hobbies,1.1
4673,24,grobonet.com,Life Style & Hobbies,4.233333333333333
4674,25,genomelink.io,Life Style & Hobbies,2.1
4675,26,genealogybank.com,Life Style & Hobbies,3.8666666666666667
4676,27,historicengland.org.uk,Life Style & Hobbies,2.216666666666667
4677,28,myheritage.se,Life Style & Hobbies,5.683333333333334
4678,29,myheritage.pl,Life Style & Hobbies,6.833333333333333
4679,30,findmypast.com,Life Style & Hobbies,2.9
4680,31,myheritage.nl,Life Style & Hobbies,6.216666666666667
4681,32,cognomix.it,Life Style & Hobbies,1.6666666666666665
4682,33,arkivdigital.se,Life Style & Hobbies,37.733333333333334
4683,34,genealogy.net,Life Style & Hobbies,5.55
4684,35,digitalarkivet.no,Life Style & Hobbies,9.983333333333333
4685,36,familyecho.com,Life Style & Hobbies,3.1
4686,37,afdoede.dk,Life Style & Hobbies,2.6333333333333333
4687,38,archives.com,Life Style & Hobbies,2.6166666666666667
4688,39,myheritage.com.br,Life Style & Hobbies,3.9
4689,40,nam.ac.uk,Life Style & Hobbies,0.8833333333333333
4690,41,freebmd.org.uk,Life Style & Hobbies,10.716666666666667
4691,42,deces-en-france.fr,Life Style & Hobbies,2.85
4692,43,myheritage.dk,Life Style & Hobbies,8.1
4693,44,newspaperarchive.com,Life Style & Hobbies,3.3166666666666664
4694,45,fold3.com,Life Style & Hobbies,4.483333333333333
4695,46,smartholidayshopping.com,Life Style & Hobbies,2.033333333333333
4697,48,spokt.com,Life Style & Hobbies,5.983333333333333
4698,49,myheritage.it,Life Style & Hobbies,6.233333333333333
4699,50,hmdb.org,Life Style & Hobbies,1.8666666666666667
4700,1,todocoleccion.net,Life Style & Hobbies,7.85
4701,2,apmex.com,Life Style & Hobbies,2.9
4702,3,worthpoint.com,Life Style & Hobbies,1.7666666666666666
4703,4,psacard.com,Life Style & Hobbies,3.3333333333333335
4704,5,jmbullion.com,Life Style & Hobbies,2.55
4705,6,brickset.com,Life Style & Hobbies,3.0
4706,7,ucoin.net,Life Style & Hobbies,6.333333333333333
4707,8,sdbullion.com,Life Style & Hobbies,3.6666666666666665
4708,9,bradfordexchange.com,Life Style & Hobbies,1.8333333333333335
4709,10,comc.com,Life Style & Hobbies,9.983333333333333
4710,11,numista.com,Life Style & Hobbies,5.583333333333333
4711,12,usmint.gov,Life Style & Hobbies,2.1666666666666665
4712,13,royalmint.com,Life Style & Hobbies,2.8666666666666667
4713,14,mutualart.com,Life Style & Hobbies,1.5833333333333335
4714,15,pcgs.com,Life Style & Hobbies,5.25
4715,16,ngccoin.com,Life Style & Hobbies,3.9166666666666665
4716,17,postcrossing.com,Life Style & Hobbies,13.0
4717,18,collectors.com,Life Style & Hobbies,3.25
4718,19,monetnik.ru,Life Style & Hobbies,2.8333333333333335
4719,20,tcdb.com,Life Style & Hobbies,7.283333333333333
4720,21,bidspirit.com,Life Style & Hobbies,7.216666666666667
4721,22,coinvaluechecker.com,Life Style & Hobbies,3.1666666666666665
4722,23,radiomuseum.org,Life Style & Hobbies,1.85
4723,24,rubylane.com,Life Style & Hobbies,2.8833333333333333
4724,25,colnect.com,Life Style & Hobbies,8.816666666666666
4725,26,kettner-edelmetalle.de,Life Style & Hobbies,2.2
4726,27,littletoncoin.com,Life Style & Hobbies,2.3666666666666667
4727,28,westminstercollection.com,Life Style & Hobbies,3.183333333333333
4728,29,horlogeforum.nl,Life Style & Hobbies,3.9833333333333334
4729,30,paniniamerica.net,Life Style & Hobbies,2.75
4730,31,lofty.com,Life Style & Hobbies,6.35
4731,32,mennica.com.pl,Life Style & Hobbies,1.5166666666666666
4732,33,watchprosite.com,Life Style & Hobbies,7.066666666666666
4733,34,mdm.de,Life Style & Hobbies,1.6333333333333333
4734,35,picryl.com,Life Style & Hobbies,1.6333333333333333
4735,36,stampworld.com,Life Style & Hobbies,15.9
4737,38,bullionbypost.eu,Life Style & Hobbies,1.7166666666666668
4738,39,heubach-edelmetalle.de,Life Style & Hobbies,3.783333333333333
4739,40,bullionexchanges.com,Life Style & Hobbies,2.066666666666667
4740,41,onebid.pl,Life Style & Hobbies,3.1333333333333333
4741,42,yy11.com,Life Style & Hobbies,2.466666666666667
4742,43,hobbydb.com,Life Style & Hobbies,2.2333333333333334
4743,44,govmint.com,Life Style & Hobbies,1.8
4744,45,usacoinbook.com,Life Style & Hobbies,3.3333333333333335
4745,46,messicks.com,Life Style & Hobbies,3.9833333333333334
4746,47,mp-edelmetalle.de,Life Style & Hobbies,3.4166666666666665
4747,48,coinapps.com,Life Style & Hobbies,2.15
4748,49,5ktoys.com,Life Style & Hobbies,2.3333333333333335
4749,50,muenzeoesterreich.at,Life Style & Hobbies,1.95
4800,1,ravelry.com,Life Style & Hobbies,6.716666666666667
4801,2,hobbylobby.com,Life Style & Hobbies,2.966666666666667
4802,3,lu.ma,Life Style & Hobbies,3.966666666666667
4804,5,parentfromheart.com,Life Style & Hobbies,1.6666666666666665
4805,6,katiaribeiro.com.br,Life Style & Hobbies,0.48333333333333334
4806,7,mondaymandala.com,Life Style & Hobbies,3.033333333333333
4807,8,lovecrafts.com,Life Style & Hobbies,3.6333333333333333
4808,9,postila.ru,Life Style & Hobbies,1.4333333333333333
4809,10,stranamam.ru,Life Style & Hobbies,3.9166666666666665
4810,11,missouriquiltco.com,Life Style & Hobbies,4.583333333333333
4811,12,strana.today,Life Style & Hobbies,7.083333333333333
4812,13,thesprucecrafts.com,Life Style & Hobbies,1.15
4813,14,hobbii.com,Life Style & Hobbies,3.25
4814,15,entertainment.ie,Life Style & Hobbies,0.9
4815,16,crayola.com,Life Style & Hobbies,1.5666666666666667
4816,17,babiki.ru,Life Style & Hobbies,4.166666666666667
4817,18,electricdaisycarnival.com,Life Style & Hobbies,1.1666666666666667
4818,19,lionbrand.com,Life Style & Hobbies,2.9333333333333336
4819,20,musely.com,Life Style & Hobbies,1.55
4820,21,mondialtissus.fr,Life Style & Hobbies,4.566666666666666
4821,22,craftsy.com,Life Style & Hobbies,1.9
4822,23,homemade-gifts-made-easy.com,Life Style & Hobbies,1.8666666666666667
4823,24,pindiy.com,Life Style & Hobbies,5.783333333333333
4824,25,braceletbook.com,Life Style & Hobbies,4.766666666666667
4825,26,celebrations.com,Life Style & Hobbies,0.9666666666666667
4826,27,talentsy.ru,Life Style & Hobbies,2.1166666666666667
4827,28,scrapbook.com,Life Style & Hobbies,5.283333333333333
4828,29,knitpicks.com,Life Style & Hobbies,3.1333333333333333
4829,30,crazypatterns.net,Life Style & Hobbies,3.966666666666667
4830,31,wanderprints.com,Life Style & Hobbies,2.283333333333333
4832,33,patternreview.com,Life Style & Hobbies,2.8
4833,34,finewoodworking.com,Life Style & Hobbies,1.45
4834,35,stitchfiddle.com,Life Style & Hobbies,5.166666666666667
4835,36,piletilevi.ee,Life Style & Hobbies,3.8833333333333333
4836,37,chicagoautoshow.com,Life Style & Hobbies,4.316666666666666
4837,38,iheartcraftythings.com,Life Style & Hobbies,1.0
4838,39,ribblr.com,Life Style & Hobbies,3.4
4840,41,irinely.art,Life Style & Hobbies,3.283333333333333
4841,42,printabulls.com,Life Style & Hobbies,1.6833333333333333
4842,43,gosyo.co.jp,Life Style & Hobbies,1.8833333333333333
4843,44,li.ru,Life Style & Hobbies,1.85
4844,45,corjl.com,Life Style & Hobbies,7.8
4845,46,allfreecrochet.com,Life Style & Hobbies,2.3833333333333333
4846,47,makeanddocrew.com,Life Style & Hobbies,1.4333333333333333
4847,48,daisyfarmcrafts.com,Life Style & Hobbies,1.6
4848,49,justcolor.net,Life Style & Hobbies,1.25
4849,50,easycrochet.com,Life Style & Hobbies,1.15
4950,1,janitorai.com,Life Style & Hobbies,16.983333333333334
4951,2,shutterstock.com,Life Style & Hobbies,3.783333333333333
4953,4,flickr.com,Life Style & Hobbies,4.783333333333333
4954,5,istockphoto.com,Life Style & Hobbies,2.9166666666666665
4955,6,pixabay.com,Life Style & Hobbies,4.6
4956,7,pexels.com,Life Style & Hobbies,4.816666666666666
4957,8,unsplash.com,Life Style & Hobbies,4.066666666666666
4958,9,gettyimages.com,Life Style & Hobbies,3.3166666666666664
4960,11,alamy.com,Life Style & Hobbies,1.4333333333333333
4961,12,furaffinity.net,Life Style & Hobbies,7.7
4963,14,fotor.com,Life Style & Hobbies,2.716666666666667
4964,15,pixieset.com,Life Style & Hobbies,4.85
4965,16,picsart.com,Life Style & Hobbies,2.6
4966,17,huaban.com,Life Style & Hobbies,13.75
4967,18,chance-for-bigwin.com,Life Style & Hobbies,0.5333333333333333
4968,19,depositphotos.com,Life Style & Hobbies,2.6166666666666667
4969,20,123rf.com,Life Style & Hobbies,2.4166666666666665
4971,22,imagetwist.com,Life Style & Hobbies,4.683333333333334
4972,23,yupoo.com,Life Style & Hobbies,7.616666666666667
4973,24,imgsrc.ru,Life Style & Hobbies,11.133333333333333
4974,25,postermywall.com,Life Style & Hobbies,6.8
4975,26,fujifilm.com,Life Style & Hobbies,4.766666666666667
4977,28,workupload.com,Life Style & Hobbies,2.5166666666666666
4978,29,smugmug.com,Life Style & Hobbies,5.366666666666666
4979,30,dpreview.com,Life Style & Hobbies,2.5
4980,31,peakpx.com,Life Style & Hobbies,0.9833333333333333
4981,32,canon.com,Life Style & Hobbies,3.3833333333333333
4982,33,gettyimages.in,Life Style & Hobbies,1.9666666666666668
4984,35,gettyimages.co.uk,Life Style & Hobbies,4.933333333333334
4985,36,skillshare.com,Life Style & Hobbies,2.9166666666666665
4986,37,mpb.com,Life Style & Hobbies,3.8
4990,41,petapixel.com,Life Style & Hobbies,0.7833333333333333
4991,42,kittl.com,Life Style & Hobbies,5.35
4992,43,kgnow.com,Life Style & Hobbies,0.6666666666666666
4993,44,gettyimages.es,Life Style & Hobbies,2.6333333333333333
4994,45,befunky.com,Life Style & Hobbies,2.2666666666666666
4995,46,artnet.com,Life Style & Hobbies,1.35
4996,47,gld.nl,Life Style & Hobbies,1.9166666666666665
4997,48,500px.com,Life Style & Hobbies,3.033333333333333
4998,49,pixta.jp,Life Style & Hobbies,4.133333333333334
4999,50,vlasta.cz,Life Style & Hobbies,0.7666666666666667
5000,1,ikea.com,Home & Garden,4.8
5002,3,ashleyfurniture.com,Home & Garden,3.6166666666666667
5004,5,crateandbarrel.com,Home & Garden,3.45
5005,6,wayfair.co.uk,Home & Garden,4.166666666666667
5006,7,xxxlutz.de,Home & Garden,3.95
5007,8,sklum.com,Home & Garden,4.0
5008,9,mybobs.com,Home & Garden,3.9166666666666665
5009,10,mattressfirm.com,Home & Garden,3.183333333333333
5010,11,templeandwebster.com.au,Home & Garden,4.7
5011,12,article.com,Home & Garden,3.3666666666666667
5012,13,roomstogo.com,Home & Garden,4.816666666666666
5013,14,cb2.com,Home & Garden,2.9833333333333334
5014,15,livingspaces.com,Home & Garden,3.8333333333333335
5015,16,elmueble.com,Home & Garden,1.4666666666666668
5016,17,castlery.com,Home & Garden,2.8
5017,18,allmodern.com,Home & Garden,3.4166666666666665
5018,19,perigold.com,Home & Garden,3.533333333333333
5019,20,dfs.co.uk,Home & Garden,3.8833333333333333
5020,21,sleepnumber.com,Home & Garden,2.6
5021,22,dispatchtrack.com,Home & Garden,7.833333333333333
5022,23,homary.com,Home & Garden,2.1666666666666665
5023,24,hoeffner.de,Home & Garden,3.8333333333333335
5024,25,birchlane.com,Home & Garden,3.066666666666667
5025,26,nectarsleep.com,Home & Garden,2.4166666666666665
5026,27,xxxlutz.at,Home & Garden,4.05
5027,28,la-z-boy.com,Home & Garden,4.116666666666666
5028,29,pepperfry.com,Home & Garden,3.8166666666666664
5029,30,moebel.de,Home & Garden,2.283333333333333
5030,31,westwing.de,Home & Garden,3.15
5031,32,obramat.es,Home & Garden,4.983333333333333
5032,33,moemax.de,Home & Garden,3.216666666666667
5033,34,homecentre.com,Home & Garden,3.183333333333333
5034,35,divan.ru,Home & Garden,2.4333333333333336
5035,36,fantasticfurniture.com.au,Home & Garden,4.0
5036,37,roller.de,Home & Garden,3.5833333333333335
5037,38,wakefit.co,Home & Garden,2.5166666666666666
5038,39,nonton.ru,Home & Garden,3.8666666666666667
5039,40,rh.com,Home & Garden,3.05
5040,41,rentacenter.com,Home & Garden,3.5833333333333335
5041,42,daals.co.uk,Home & Garden,2.3666666666666667
5042,43,habitat.co.uk,Home & Garden,3.1333333333333333
5043,44,structube.com,Home & Garden,3.75
5044,45,saatva.com,Home & Garden,2.15
5045,46,arhaus.com,Home & Garden,3.9166666666666665
5046,47,roomandboard.com,Home & Garden,4.083333333333333
5047,48,mobly.com.br,Home & Garden,3.216666666666667
5048,49,thebrick.com,Home & Garden,4.066666666666666
5049,50,low-ya.com,Home & Garden,3.6333333333333333
5050,1,mein-schoener-garten.de,Home & Garden,1.4333333333333333
5051,2,shuminoengei.jp,Home & Garden,2.2333333333333334
5052,3,kaercher.com,Home & Garden,2.8
5053,4,rhs.org.uk,Home & Garden,2.8
5054,5,gardeningknowhow.com,Home & Garden,1.15
5055,6,picturethisai.com,Home & Garden,1.05
5056,7,gardenersworld.com,Home & Garden,2.0833333333333335
5057,8,chez-vous.info,Home & Garden,1.3333333333333333
5058,9,7dach.ru,Home & Garden,1.2
5059,10,plantura.garden,Home & Garden,1.0833333333333333
5060,11,intratuin.nl,Home & Garden,3.4833333333333334
5061,12,ogorod.ru,Home & Garden,1.85
5062,13,greg.app,Home & Garden,1.3166666666666667
5063,14,promessedefleurs.com,Home & Garden,9.933333333333334
5064,15,greensnap.co.jp,Home & Garden,1.2166666666666668
5065,16,epicgardening.com,Home & Garden,1.4833333333333334
5066,17,rustica.fr,Home & Garden,0.9833333333333333
5067,18,jardiland.com,Home & Garden,2.1333333333333333
5068,19,blomsterlandet.se,Home & Garden,2.95
5069,20,botanichka.ru,Home & Garden,2.033333333333333
5070,21,agro-market.net,Home & Garden,3.65
5072,23,sad-i-ogorod.ru,Home & Garden,4.283333333333333
5074,25,dachnyuchastok.ru,Home & Garden,1.1666666666666667
5075,26,semena74.com,Home & Garden,4.016666666666667
5076,27,greensnap.jp,Home & Garden,1.5666666666666667
5077,28,urvann.com,Home & Garden,3.8
5078,29,orton.ru,Home & Garden,1.1166666666666667
5079,30,lubera.com,Home & Garden,1.5333333333333332
5080,31,baumschule-horstmann.de,Home & Garden,3.25
5081,32,poradnikogrodniczy.pl,Home & Garden,0.9666666666666667
5082,33,antonovsad.ru,Home & Garden,0.75
5083,34,ruralsprout.com,Home & Garden,1.0
5084,35,agro-market24.ru,Home & Garden,1.85
5085,36,garden.org,Home & Garden,1.6
5086,37,gerbeaud.com,Home & Garden,1.2166666666666668
5087,38,diyeverywhere.com,Home & Garden,2.183333333333333
5088,39,ugaoo.com,Home & Garden,2.1166666666666667
5089,40,infojardin.com,Home & Garden,1.5666666666666667
5090,41,willemsefrance.fr,Home & Garden,2.6
5091,42,lovegreen.net,Home & Garden,1.7333333333333334
5092,43,florium.ua,Home & Garden,4.05
5093,44,semena.ru,Home & Garden,3.3833333333333333
5094,45,garshinka.ru,Home & Garden,2.5166666666666666
5095,46,gardenmart24.ru,Home & Garden,2.35
5096,47,birdsandblooms.com,Home & Garden,1.2166666666666668
5097,48,hitohana.tokyo,Home & Garden,2.6333333333333333
5098,49,semena-zakaz.ru,Home & Garden,5.85
5099,50,gardena.com,Home & Garden,2.6166666666666667
5100,1,homedepot.com,Home & Garden,4.883333333333333
5101,2,vseinstrumenti.ru,Home & Garden,5.716666666666667
5103,4,leroymerlin.fr,Home & Garden,4.5
5106,7,bunnings.com.au,Home & Garden,3.8666666666666667
5108,9,menards.com,Home & Garden,4.866666666666667
5109,10,dunelm.com,Home & Garden,5.083333333333333
5110,11,homedepot.ca,Home & Garden,4.366666666666666
5111,12,leroymerlin.es,Home & Garden,4.116666666666666
5112,13,acehardware.com,Home & Garden,3.5166666666666666
5113,14,wink.ru,Home & Garden,3.5833333333333335
5114,15,joann.com,Home & Garden,4.516666666666667
5116,17,potterybarn.com,Home & Garden,3.7333333333333334
5117,18,leroymerlin.com.br,Home & Garden,3.0
5118,19,leroymerlin.it,Home & Garden,3.4833333333333334
5119,20,wayfair.ca,Home & Garden,4.9
5120,21,maisonsdumonde.com,Home & Garden,4.216666666666667
5121,22,aquareader.net,Home & Garden,21.983333333333334
5122,23,bhg.com,Home & Garden,1.4166666666666667
5123,24,madeiramadeira.com.br,Home & Garden,3.8166666666666664
5125,26,manomano.fr,Home & Garden,3.033333333333333
5126,27,therange.co.uk,Home & Garden,4.033333333333333
5127,28,lixil.co.jp,Home & Garden,6.116666666666666
5128,29,homesandgardens.com,Home & Garden,1.1166666666666667
5129,30,leroymerlin.pl,Home & Garden,2.75
5130,31,toolstation.com,Home & Garden,4.266666666666667
5131,32,spareroom.co.uk,Home & Garden,6.633333333333333
5132,33,buyersguide.org,Home & Garden,1.8166666666666667
5135,36,wickes.co.uk,Home & Garden,4.133333333333334
5137,38,build.com,Home & Garden,5.183333333333334
5138,39,gls-group.com,Home & Garden,2.066666666666667
5139,40,but.fr,Home & Garden,3.3333333333333335
5140,41,sodimac.cl,Home & Garden,5.466666666666667
5141,42,zarahome.com,Home & Garden,3.7666666666666666
5142,43,freecycle.org,Home & Garden,5.866666666666667
5143,44,conforama.fr,Home & Garden,3.4166666666666665
5144,45,litfad.com,Home & Garden,2.05
5145,46,praxis.nl,Home & Garden,3.7666666666666666
5146,47,gamma.nl,Home & Garden,3.45
5147,48,afamily.vn,Home & Garden,1.9333333333333333
5148,49,thumbtack.com,Home & Garden,3.4333333333333336
5149,50,flooranddecor.com,Home & Garden,4.533333333333333
5150,1,lowes.com,Home & Garden,4.35
5151,2,goodhousekeeping.com,Home & Garden,1.2166666666666668
5152,3,sikayetvar.com,Home & Garden,2.2333333333333334
5153,4,hgtv.com,Home & Garden,1.7166666666666668
5155,6,marthastewart.com,Home & Garden,1.4666666666666668
5156,7,consumerreports.org,Home & Garden,3.2333333333333334
5157,8,bbb.org,Home & Garden,1.95
5158,9,apartmenttherapy.com,Home & Garden,1.3333333333333333
5159,10,obi.de,Home & Garden,3.183333333333333
5160,11,houzz.com,Home & Garden,2.6
5161,12,hometalk.com,Home & Garden,1.8
5162,13,hornbach.de,Home & Garden,4.116666666666666
5163,14,bauhaus.info,Home & Garden,3.8
5164,15,familyhandyman.com,Home & Garden,1.3166666666666667
5165,16,quechoisir.org,Home & Garden,1.7833333333333332
5166,17,sherwin-williams.com,Home & Garden,3.95
5167,18,petrovich.ru,Home & Garden,4.483333333333333
5168,19,housebeautiful.com,Home & Garden,1.15
5169,20,jdpower.com,Home & Garden,1.8666666666666667
5170,21,verivox.de,Home & Garden,3.7666666666666666
5171,22,billiger.de,Home & Garden,1.4166666666666667
5172,23,citizensadvice.org.uk,Home & Garden,2.15
5173,24,altroconsumo.it,Home & Garden,1.9333333333333333
5174,25,consumeraffairs.com,Home & Garden,2.0
5175,26,ocu.org,Home & Garden,1.5666666666666667
5176,27,globus-baumarkt.de,Home & Garden,3.533333333333333
5177,28,ivd.ru,Home & Garden,1.6
5178,29,nyheder24.dk,Home & Garden,2.8166666666666664
5179,30,pissedconsumer.com,Home & Garden,1.5
5180,31,byggahus.se,Home & Garden,4.283333333333333
5181,32,bobvila.com,Home & Garden,1.05
5182,33,diynot.com,Home & Garden,2.3
5183,34,teltarif.de,Home & Garden,0.9
5184,35,bestereviews.de,Home & Garden,1.6833333333333333
5185,36,backyardchickens.com,Home & Garden,5.283333333333333
5186,37,kainos.lt,Home & Garden,2.716666666666667
5188,39,elcats.ru,Home & Garden,34.63333333333333
5189,40,thisoldhouse.com,Home & Garden,1.3666666666666667
5190,41,deutschlandcard.de,Home & Garden,2.05
5191,42,doityourself.com,Home & Garden,1.1
5192,43,hornbach.ro,Home & Garden,2.35
5193,44,homegoods.com,Home & Garden,1.1166666666666667
5196,47,telefonino.net,Home & Garden,0.36666666666666664
5197,48,medizinfuchs.de,Home & Garden,3.783333333333333
5198,49,proff.dk,Home & Garden,2.1666666666666665
5199,50,foodtalkdaily.com,Home & Garden,2.1166666666666667
5200,1,countryliving.com,Home & Garden,1.25
5201,2,inmyroom.ru,Home & Garden,2.6
5202,3,roomclip.jp,Home & Garden,2.4166666666666665
5203,4,hubpages.com,Home & Garden,0.7666666666666667
5204,5,asianpaints.com,Home & Garden,2.2333333333333334
5205,6,jaquar.com,Home & Garden,1.3833333333333333
5206,7,homestyler.com,Home & Garden,17.016666666666666
5209,10,ikea.gr,Home & Garden,4.666666666666667
5210,11,livspace.com,Home & Garden,1.4333333333333333
5211,12,casaefesta.com,Home & Garden,1.6333333333333333
5212,13,jysk.gr,Home & Garden,3.8
5213,14,westwing.pl,Home & Garden,2.65
5214,15,dulux.co.uk,Home & Garden,3.2
5215,16,houzz.ru,Home & Garden,2.6166666666666667
5216,17,dogtas.com,Home & Garden,2.65
5217,18,remplanner.ru,Home & Garden,5.433333333333334
5218,19,enzahome.com.tr,Home & Garden,2.5166666666666666
5219,20,godrejinterio.com,Home & Garden,1.55
5220,21,roomsketcher.com,Home & Garden,2.0
5221,22,limia.jp,Home & Garden,0.25
5222,23,vivadecora.com.br,Home & Garden,1.2666666666666666
5223,24,floorplancreator.net,Home & Garden,1.5166666666666666
5224,25,grahambrown.com,Home & Garden,2.0833333333333335
5225,26,kelebek.com,Home & Garden,2.55
5226,27,deco.fr,Home & Garden,1.1
5227,28,ideabrasil.com.br,Home & Garden,0.5166666666666667
5228,29,colorprofi.ru,Home & Garden,0.85
5229,30,cotemaison.fr,Home & Garden,7.3
5230,31,homelane.com,Home & Garden,1.55
5231,32,bergerpaints.com,Home & Garden,1.7333333333333334
5232,33,roomstyler.com,Home & Garden,1.6
5233,34,4murs.com,Home & Garden,4.583333333333333
5234,35,polihome.gr,Home & Garden,3.3833333333333333
5235,36,1stbreath.ru,Home & Garden,
5236,37,faberindia.com,Home & Garden,2.3333333333333335
5237,38,planyourroom.com,Home & Garden,1.2833333333333332
5238,39,houzz.com.au,Home & Garden,2.0
5239,40,orientbell.com,Home & Garden,0.6666666666666666
5240,41,roomtodo.com,Home & Garden,4.75
5241,42,pufikhomes.com,Home & Garden,1.3333333333333333
5242,43,kajariaceramics.com,Home & Garden,1.8166666666666667
5243,44,ruheindia.com,Home & Garden,1.7666666666666666
5244,45,designcafe.com,Home & Garden,0.8666666666666667
5245,46,makemyhouse.com,Home & Garden,1.8833333333333333
5246,47,alessi.com,Home & Garden,1.75
5247,48,idei.club,Home & Garden,0.4
5248,49,nerolac.com,Home & Garden,0.7833333333333333
5249,50,kredits.su,Home & Garden,0.05
5250,1,moonshot.cn,Jobs & Careers,4.05
5251,2,animesugetv.to,Jobs & Careers,9.0
5252,3,16personalities.com,Jobs & Careers,5.016666666666667
5254,5,bunkr.ph,Jobs & Careers,3.5666666666666664
5255,6,gusto.com,Jobs & Careers,4.566666666666666
5256,7,ashbyhq.com,Jobs & Careers,3.2666666666666666
5257,8,pm61qtrk.com,Jobs & Careers,1.65
5258,9,omzal.com,Jobs & Careers,1.2666666666666666
5260,11,luacomic.org,Jobs & Careers,5.533333333333333
5261,12,shopping.bookoff.co.jp,Jobs & Careers,4.3
5262,13,tosspayments.com,Jobs & Careers,2.533333333333333
5263,14,dol.gov,Jobs & Careers,2.3833333333333333
5265,16,startuppedia.in,Jobs & Careers,1.6
5268,19,privatter.me,Jobs & Careers,5.8
5269,20,cokcoktv4.com,Jobs & Careers,8.35
5270,21,mojposao.hr,Jobs & Careers,3.1666666666666665
5271,22,kdelo.ru,Jobs & Careers,1.8166666666666667
5273,24,mycareersfuture.gov.sg,Jobs & Careers,5.366666666666666
5274,25,streamlit.app,Jobs & Careers,3.7333333333333334
5275,26,theforage.com,Jobs & Careers,4.266666666666667
5276,27,pinpointhq.com,Jobs & Careers,2.55
5277,28,jss.com.cn,Jobs & Careers,1.9666666666666668
5278,29,monad.xyz,Jobs & Careers,4.833333333333333
5279,30,meritzpartners.com,Jobs & Careers,0.43333333333333335
5280,31,leadermune.com,Jobs & Careers,2.65
5281,32,prosple.com,Jobs & Careers,2.716666666666667
5282,33,finn-app.com,Jobs & Careers,2.1333333333333333
5283,34,wageworks.com,Jobs & Careers,6.566666666666666
5284,35,trinet.com,Jobs & Careers,1.9666666666666668
5285,36,recruitingbypaycor.com,Jobs & Careers,3.05
5286,37,peopleadmin.com,Jobs & Careers,6.75
5288,39,shrm.org,Jobs & Careers,2.1
5290,41,careers.adobe.com,Jobs & Careers,4.683333333333334
5291,42,sparkdriverapp.com,Jobs & Careers,2.1333333333333333
5292,43,hirevue.com,Jobs & Careers,3.15
5293,44,gamatotv.info,Jobs & Careers,3.183333333333333
5295,46,super.money,Jobs & Careers,1.1
5297,48,wrkstrm.us,Jobs & Careers,1.4166666666666667
5300,1,unstop.com,Jobs & Careers,3.8
5301,2,paradox.ai,Jobs & Careers,3.1333333333333333
5302,3,district.in,Jobs & Careers,1.8333333333333335
5304,5,kusuguru.co.jp,Jobs & Careers,2.5833333333333335
5306,7,workday.com,Jobs & Careers,7.116666666666666
5307,8,crowdgen.com,Jobs & Careers,4.6
5308,9,builtin.com,Jobs & Careers,1.9666666666666668
5309,10,parcoursup.gouv.fr,Jobs & Careers,2.466666666666667
5310,11,italent.cn,Jobs & Careers,37.083333333333336
5311,12,shl.com,Jobs & Careers,8.5
5312,13,charlotte.edu,Jobs & Careers,6.666666666666667
5313,14,talentd.in,Jobs & Careers,2.65
5314,15,jobright.ai,Jobs & Careers,9.116666666666667
5315,16,jobs.flybreeze.com,Jobs & Careers,
5316,17,spp-indonesia.com,Jobs & Careers,5.883333333333333
5318,19,proson.gr,Jobs & Careers,0.38333333333333336
5319,20,jobfind.gr,Jobs & Careers,4.4
5320,21,hint.app,Jobs & Careers,2.033333333333333
5321,22,krogerfamilycareers.com,Jobs & Careers,5.3
5322,23,simplify.jobs,Jobs & Careers,5.8
5324,25,glassdoor.sg,Jobs & Careers,2.5833333333333335
5325,26,pkpics.site,Jobs & Careers,3.55
5326,27,schooljobs.com,Jobs & Careers,4.916666666666667
5327,28,cloud.italent.cn,Jobs & Careers,29.4
5330,31,brightnetwork.co.uk,Jobs & Careers,4.133333333333334
5331,32,careers.airbnb.com,Jobs & Careers,1.7666666666666666
5333,34,personio.com,Jobs & Careers,1.5
5334,35,navan.com,Jobs & Careers,7.516666666666667
5335,36,oli.vi,Jobs & Careers,2.1
5336,37,yello.co,Jobs & Careers,3.216666666666667
5337,38,hirequotient.com,Jobs & Careers,0.9
5338,39,careers.mastercard.com,Jobs & Careers,4.633333333333333
5340,41,jobly.fi,Jobs & Careers,4.766666666666667
5341,42,hotjob.cn,Jobs & Careers,5.233333333333333
5342,43,careers.jpmorgan.com,Jobs & Careers,1.25
5344,45,cgpa2percentage.com,Jobs & Careers,2.183333333333333
5345,46,aicteinternship.in,Jobs & Careers,2.35
5346,47,newaiming.com,Jobs & Careers,2.6833333333333336
5347,48,recruitcrm.io,Jobs & Careers,3.783333333333333
5348,49,careers.blackrock.com,Jobs & Careers,1.35
5350,1,indeed.com,Jobs & Careers,7.65
5352,3,hh.ru,Jobs & Careers,7.6
5353,4,computrabajo.com,Jobs & Careers,6.4
5354,5,glassdoor.com,Jobs & Careers,3.25
5355,6,jooble.org,Jobs & Careers,4.8
5356,7,seek.com.au,Jobs & Careers,6.316666666666666
5357,8,appcast.io,Jobs & Careers,1.3
5358,9,greenhouse.io,Jobs & Careers,4.316666666666666
5359,10,ziprecruiter.com,Jobs & Careers,4.133333333333334
5360,11,naukri.com,Jobs & Careers,7.333333333333333
5361,12,francetravail.fr,Jobs & Careers,6.05
5362,13,ultipro.com,Jobs & Careers,4.433333333333334
5363,14,successfactors.eu,Jobs & Careers,4.566666666666666
5364,15,arbeitsagentur.de,Jobs & Careers,6.25
5365,16,jobstreet.com,Jobs & Careers,5.3
5366,17,gupy.io,Jobs & Careers,5.733333333333333
5368,19,dayforcehcm.com,Jobs & Careers,3.5833333333333335
5369,20,joongang.co.kr,Jobs & Careers,2.9166666666666665
5370,21,104.com.tw,Jobs & Careers,8.083333333333334
5371,22,saramin.co.kr,Jobs & Careers,6.833333333333333
5372,23,csod.com,Jobs & Careers,6.783333333333333
5374,25,infojobs.com.br,Jobs & Careers,4.783333333333333
5375,26,governmentjobs.com,Jobs & Careers,6.683333333333334
5376,27,smartrecruiters.com,Jobs & Careers,4.0
5377,28,careerpower.in,Jobs & Careers,2.1
5378,29,talent.com,Jobs & Careers,2.0
5379,30,lever.co,Jobs & Careers,3.85
5380,31,amazon.jobs,Jobs & Careers,3.6166666666666667
5381,32,stepstone.de,Jobs & Careers,4.25
5382,33,bamboohr.com,Jobs & Careers,3.0
5383,34,jobkorea.co.kr,Jobs & Careers,6.633333333333333
5384,35,zhipin.com,Jobs & Careers,8.966666666666667
5385,36,jobs.lever.co,Jobs & Careers,3.3666666666666667
5386,37,bio.site,Jobs & Careers,2.2666666666666666
5387,38,books.ms,Jobs & Careers,4.6
5388,39,pracuj.pl,Jobs & Careers,5.316666666666666
5389,40,求人ボックス.com,Jobs & Careers,3.3166666666666664
5390,41,jobs.smartrecruiters.com,Jobs & Careers,3.7333333333333334
5391,42,infojobs.net,Jobs & Careers,4.95
5392,43,coxautoinc.com,Jobs & Careers,22.016666666666666
5393,44,jobcase.com,Jobs & Careers,2.5833333333333335
5394,45,glassdoor.co.in,Jobs & Careers,2.5833333333333335
5395,46,74.ru,Jobs & Careers,4.233333333333333
5397,48,hellowork.com,Jobs & Careers,2.75
5398,49,kariyer.net,Jobs & Careers,5.05
5399,50,lidl.com,Jobs & Careers,1.5166666666666666
5700,1,sephora.com,Life Style & Hobbies,3.5666666666666664
5701,2,beauty.hotpepper.jp,Life Style & Hobbies,6.033333333333333
5702,3,fragrantica.com,Life Style & Hobbies,4.916666666666667
5703,4,ulta.com,Life Style & Hobbies,3.75
5704,5,cosme.net,Life Style & Hobbies,4.016666666666667
5705,6,hpplus.jp,Life Style & Hobbies,1.8833333333333333
5707,8,natura.com.br,Life Style & Hobbies,3.283333333333333
5709,10,dm.de,Life Style & Hobbies,2.4333333333333336
5710,11,nykaa.com,Life Style & Hobbies,2.8333333333333335
5711,12,fresha.com,Life Style & Hobbies,4.4
5712,13,lemon8-app.com,Life Style & Hobbies,1.0
5714,15,fragrancenet.com,Life Style & Hobbies,3.7333333333333334
5715,16,fragrantica.ru,Life Style & Hobbies,6.316666666666666
5716,17,ilmakiage.com,Life Style & Hobbies,2.9
5717,18,yesstyle.com,Life Style & Hobbies,5.216666666666667
5718,19,vagaro.com,Life Style & Hobbies,3.2
5719,20,fragrantica.es,Life Style & Hobbies,5.5
5720,21,lipscosme.com,Life Style & Hobbies,2.5166666666666666
5721,22,lafoy.ru,Life Style & Hobbies,1.05
5722,23,letu.ru,Life Style & Hobbies,2.8666666666666667
5723,24,makeup.com.ua,Life Style & Hobbies,5.1
5724,25,primor.eu,Life Style & Hobbies,4.633333333333333
5725,26,shiseido.co.jp,Life Style & Hobbies,2.25
5727,28,salonboard.com,Life Style & Hobbies,11.583333333333334
5728,29,randewoo.ru,Life Style & Hobbies,4.7
5729,30,nahdionline.com,Life Style & Hobbies,1.9
5730,31,byrdie.com,Life Style & Hobbies,1.25
5731,32,al-dawaa.com,Life Style & Hobbies,0.9333333333333333
5733,34,planity.com,Life Style & Hobbies,3.0833333333333335
5734,35,stylevana.com,Life Style & Hobbies,4.783333333333333
5735,36,eva.ua,Life Style & Hobbies,4.15
5736,37,greatclips.com,Life Style & Hobbies,4.766666666666667
5737,38,lookfantastic.com,Life Style & Hobbies,3.3666666666666667
5738,39,faberlic.com,Life Style & Hobbies,12.016666666666667
5739,40,druni.es,Life Style & Hobbies,4.0
5740,41,notino.pl,Life Style & Hobbies,2.4166666666666665
5742,43,hebe.pl,Life Style & Hobbies,2.6166666666666667
5743,44,rossmann.pl,Life Style & Hobbies,1.3833333333333333
5744,45,parfumo.de,Life Style & Hobbies,9.283333333333333
5745,46,spoiledchild.com,Life Style & Hobbies,2.5
5746,47,meevo.com,Life Style & Hobbies,5.066666666666666
5747,48,glossgenius.com,Life Style & Hobbies,2.3666666666666667
5748,49,oggi.jp,Life Style & Hobbies,0.9833333333333333
5749,50,rituals.com,Life Style & Hobbies,2.4833333333333334
5750,1,babylist.com,Life Style & Hobbies,3.8
5751,2,firstcry.com,Life Style & Hobbies,2.6833333333333336
5752,3,carters.com,Life Style & Hobbies,4.333333333333333
5753,4,haibunda.com,Life Style & Hobbies,1.3833333333333333
5754,5,kidstaff.com.ua,Life Style & Hobbies,8.166666666666666
5756,7,mattel.com,Life Style & Hobbies,1.8666666666666667
5757,8,jellycat.com,Life Style & Hobbies,2.533333333333333
5758,9,disneystore.com,Life Style & Hobbies,2.2333333333333334
5759,10,potterybarnkids.com,Life Style & Hobbies,3.466666666666667
5760,11,buildabear.com,Life Style & Hobbies,3.3333333333333335
5761,12,kasta.ua,Life Style & Hobbies,3.183333333333333
5762,13,derma-express.com,Life Style & Hobbies,25.65
5763,14,vertbaudet.fr,Life Style & Hobbies,5.166666666666667
5764,15,tonies.com,Life Style & Hobbies,2.0833333333333335
5765,16,popmama.com,Life Style & Hobbies,0.9833333333333333
5766,17,theasianparent.com,Life Style & Hobbies,1.0666666666666667
5767,18,nikulya.ru,Life Style & Hobbies,1.0833333333333333
5768,19,babybunting.com.au,Life Style & Hobbies,3.7333333333333334
5769,20,intertop.ua,Life Style & Hobbies,2.966666666666667
5770,21,yapokupayu.ru,Life Style & Hobbies,1.1666666666666667
5771,22,akachan.jp,Life Style & Hobbies,2.05
5772,23,next.ua,Life Style & Hobbies,2.4333333333333336
5773,24,chikiriki.ru,Life Style & Hobbies,3.533333333333333
5774,25,mamasandpapas.com,Life Style & Hobbies,2.4833333333333334
5775,26,king-jouet.com,Life Style & Hobbies,3.066666666666667
5776,27,lovevery.com,Life Style & Hobbies,2.1166666666666667
5777,28,intertoys.nl,Life Style & Hobbies,3.05
5778,29,takingcarababies.com,Life Style & Hobbies,2.8833333333333333
5779,30,cartersoshkosh.ca,Life Style & Hobbies,7.35
5780,31,bebetei.ro,Life Style & Hobbies,2.3666666666666667
5781,32,toysrus.ca,Life Style & Hobbies,2.0833333333333335
5782,33,littlesleepies.com,Life Style & Hobbies,1.8
5783,34,americangirl.com,Life Style & Hobbies,2.1666666666666665
5785,36,star-tex.ru,Life Style & Hobbies,2.6833333333333336
5786,37,prenatal.nl,Life Style & Hobbies,3.033333333333333
5787,38,baby-walz.de,Life Style & Hobbies,3.2
5788,39,thetoyshop.com,Life Style & Hobbies,2.3166666666666664
5789,40,followish.io,Life Style & Hobbies,2.6833333333333336
5790,41,wildberries.am,Life Style & Hobbies,2.8166666666666664
5791,42,civilim.com,Life Style & Hobbies,3.6666666666666665
5792,43,mobz.click,Life Style & Hobbies,0.15
5793,44,joueclub.fr,Life Style & Hobbies,3.05
5794,45,mesenvies.fr,Life Style & Hobbies,4.666666666666667
5795,46,tipotv.com,Life Style & Hobbies,1.4833333333333334
5796,47,rebelstork.com,Life Style & Hobbies,3.0166666666666666
5797,48,momcozy.com,Life Style & Hobbies,33.8
5798,49,littlespoon.com,Life Style & Hobbies,0.8833333333333333
5799,50,harpersbazaar.fr,Life Style & Hobbies,1.0166666666666666
5800,1,shein.com,Life Style & Hobbies,5.8
5801,2,nike.com,Life Style & Hobbies,2.85
5802,3,zara.com,Life Style & Hobbies,5.433333333333334
5805,6,uniqlo.com,Life Style & Hobbies,2.75
5806,7,macys.com,Life Style & Hobbies,4.766666666666667
5807,8,asos.com,Life Style & Hobbies,3.9
5808,9,gap.com,Life Style & Hobbies,4.916666666666667
5810,11,nordstrom.com,Life Style & Hobbies,3.5833333333333335
5811,12,elle.com,Life Style & Hobbies,0.9666666666666667
5812,13,mango.com,Life Style & Hobbies,3.6166666666666667
5813,14,shop.mango.com,Life Style & Hobbies,3.65
5814,15,vinted.fr,Life Style & Hobbies,13.533333333333333
5815,16,stockx.com,Life Style & Hobbies,2.216666666666667
5816,17,musinsa.com,Life Style & Hobbies,3.0833333333333335
5817,18,jeomsin.co.kr,Life Style & Hobbies,1.55
5818,19,marksandspencer.com,Life Style & Hobbies,4.3
5819,20,next.co.uk,Life Style & Hobbies,5.416666666666667
5820,21,puma.com,Life Style & Hobbies,2.8166666666666664
5822,23,quince.com,Life Style & Hobbies,4.233333333333333
5823,24,jcpenney.com,Life Style & Hobbies,4.45
5824,25,fashionnova.com,Life Style & Hobbies,6.8
5825,26,lululemon.com,Life Style & Hobbies,3.0833333333333335
5826,27,anthropologie.com,Life Style & Hobbies,4.566666666666666
5827,28,zalando.de,Life Style & Hobbies,4.316666666666666
5828,29,nordstromrack.com,Life Style & Hobbies,5.183333333333334
5829,30,shop.lululemon.com,Life Style & Hobbies,3.066666666666667
5830,31,farfetch.com,Life Style & Hobbies,2.15
5831,32,vinted.co.uk,Life Style & Hobbies,8.15
5832,33,ajio.com,Life Style & Hobbies,3.4333333333333336
5834,35,depop.com,Life Style & Hobbies,4.583333333333333
5835,36,adidas.com,Life Style & Hobbies,2.35
5836,37,hollisterco.com,Life Style & Hobbies,4.283333333333333
5838,39,ae.com,Life Style & Hobbies,3.7666666666666666
5839,40,sportsdirect.com,Life Style & Hobbies,4.05
5840,41,klclick1.com,Life Style & Hobbies,0.4666666666666667
5841,42,abercrombie.com,Life Style & Hobbies,4.133333333333334
5842,43,urbanoutfitters.com,Life Style & Hobbies,3.2333333333333334
5843,44,lamoda.ru,Life Style & Hobbies,5.35
5844,45,dsw.com,Life Style & Hobbies,3.8833333333333333
5845,46,yeezy.com,Life Style & Hobbies,0.75
5847,48,sinsay.com,Life Style & Hobbies,5.1
5848,49,reserved.com,Life Style & Hobbies,3.8666666666666667
5849,50,coachoutlet.com,Life Style & Hobbies,4.3
5850,1,partnermatic.com,Life Style & Hobbies,0.21666666666666667
5851,2,ciceksepeti.com,Life Style & Hobbies,4.683333333333334
5852,3,paperlesspost.com,Life Style & Hobbies,2.966666666666667
5853,4,livemaster.ru,Life Style & Hobbies,3.75
5854,5,1800flowers.com,Life Style & Hobbies,4.833333333333333
5858,9,fnp.com,Life Style & Hobbies,2.85
5859,10,flowwow.com,Life Style & Hobbies,3.7
5860,11,giftmall.co.jp,Life Style & Hobbies,3.3333333333333335
5861,12,moonpig.com,Life Style & Hobbies,6.25
5862,13,fromyouflowers.com,Life Style & Hobbies,5.45
5863,14,cenreader.com,Life Style & Hobbies,13.366666666666667
5864,15,festalab.com.br,Life Style & Hobbies,2.0833333333333335
5865,16,punchbowl.com,Life Style & Hobbies,2.45
5866,17,jacquielawson.com,Life Style & Hobbies,4.066666666666666
5867,18,smartbox.com,Life Style & Hobbies,8.233333333333333
5868,19,giftcards.com,Life Style & Hobbies,2.3
5869,20,lijstje.nl,Life Style & Hobbies,3.8333333333333335
5870,21,igp.com,Life Style & Hobbies,3.0833333333333335
5871,22,notonthehighstreet.com,Life Style & Hobbies,2.8333333333333335
5872,23,ringbell.co.jp,Life Style & Hobbies,3.6666666666666665
5873,24,refoorest.com,Life Style & Hobbies,2.4
5874,25,virginexperiencedays.co.uk,Life Style & Hobbies,3.1666666666666665
5875,26,flair.nl,Life Style & Hobbies,0.9
5876,27,myregistry.com,Life Style & Hobbies,3.1
5877,28,hema.com,Life Style & Hobbies,3.4833333333333334
5878,29,floweraura.com,Life Style & Hobbies,4.166666666666667
5879,30,bloomandwild.com,Life Style & Hobbies,2.8
5880,31,prestigeflowers.co.uk,Life Style & Hobbies,2.0166666666666666
5881,32,ftd.com,Life Style & Hobbies,3.3166666666666664
5882,33,teleflora.com,Life Style & Hobbies,4.416666666666667
5883,34,interflora.fr,Life Style & Hobbies,4.25
5884,35,personalizationmall.com,Life Style & Hobbies,3.466666666666667
5885,36,greetz.nl,Life Style & Hobbies,5.5
5886,37,avasflowers.net,Life Style & Hobbies,4.216666666666667
5887,38,bouqs.com,Life Style & Hobbies,2.05
5888,39,callie.com,Life Style & Hobbies,2.05
5889,40,parnassys.net,Life Style & Hobbies,4.733333333333333
5890,41,thortful.com,Life Style & Hobbies,3.7666666666666666
5891,42,bestpresent.jp,Life Style & Hobbies,1.9166666666666665
5892,43,interflora.co.uk,Life Style & Hobbies,3.4166666666666665
5893,44,tanp.jp,Life Style & Hobbies,2.8333333333333335
5894,45,123greetings.com,Life Style & Hobbies,2.9833333333333334
5895,46,hediyesepeti.com,Life Style & Hobbies,2.1666666666666665
5896,47,cardcash.com,Life Style & Hobbies,2.65
5897,48,mangomint.com,Life Style & Hobbies,2.966666666666667
5898,49,eflorist.co.uk,Life Style & Hobbies,3.2666666666666666
5899,50,kaartje2go.nl,Life Style & Hobbies,7.066666666666666
5900,1,pandora.net,Life Style & Hobbies,3.3666666666666667
5901,2,familhao.com,Life Style & Hobbies,1.85
5902,3,jomashop.com,Life Style & Hobbies,3.85
5903,4,kay.com,Life Style & Hobbies,3.45
5904,5,swarovski.com,Life Style & Hobbies,2.966666666666667
5906,7,bluestone.com,Life Style & Hobbies,1.0666666666666667
5907,8,pnj.com.vn,Life Style & Hobbies,1.8333333333333335
5908,9,sunlight.net,Life Style & Hobbies,2.95
5909,10,tanishq.co.in,Life Style & Hobbies,2.716666666666667
5910,11,rolex.com,Life Style & Hobbies,2.5666666666666664
5911,12,titan.co.in,Life Style & Hobbies,2.4333333333333336
5912,13,brilliantearth.com,Life Style & Hobbies,2.0833333333333335
5913,14,zales.com,Life Style & Hobbies,2.95
5914,15,vivara.com.br,Life Style & Hobbies,2.5166666666666666
5916,17,giva.co,Life Style & Hobbies,2.7
5917,18,alltime.ru,Life Style & Hobbies,2.5166666666666666
5918,19,chrono24.com,Life Style & Hobbies,3.9833333333333334
5919,20,caratlane.com,Life Style & Hobbies,1.7666666666666666
5920,21,monkeyd.com.vn,Life Style & Hobbies,7.45
5922,23,jared.com,Life Style & Hobbies,2.466666666666667
5923,24,jtv.com,Life Style & Hobbies,5.533333333333333
5924,25,seikowatches.com,Life Style & Hobbies,2.2333333333333334
5925,26,malabargoldanddiamonds.com,Life Style & Hobbies,1.75
5926,27,shop.paireyewear.com,Life Style & Hobbies,2.283333333333333
5927,28,fossil.com,Life Style & Hobbies,2.533333333333333
5928,29,tissotwatches.com,Life Style & Hobbies,2.466666666666667
5931,32,histoiredor.com,Life Style & Hobbies,3.1666666666666665
5933,34,apart.pl,Life Style & Hobbies,5.05
5936,37,btmc.vn,Life Style & Hobbies,1.2666666666666666
5937,38,kendrascott.com,Life Style & Hobbies,2.7666666666666666
5938,39,lvsl.ru,Life Style & Hobbies,0.16666666666666666
5940,41,niwaka.com,Life Style & Hobbies,1.85
5942,43,rarecarat.com,Life Style & Hobbies,3.9
5943,44,hodinkee.com,Life Style & Hobbies,1.4833333333333334
5946,47,vnvc.vn,Life Style & Hobbies,1.7833333333333332
5948,49,fastrackeyewear.com,Life Style & Hobbies,2.65
5949,50,grtjewels.com,Life Style & Hobbies,2.183333333333333
6100,1,yahoo.com,News & Sport,7.716666666666667
6101,2,yahoo.co.jp,News & Sport,8.9
6102,3,naver.com,News & Sport,16.066666666666666
6103,4,news.yahoo.co.jp,News & Sport,6.816666666666666
6104,5,globo.com,News & Sport,3.4833333333333334
6105,6,nytimes.com,News & Sport,4.283333333333333
6106,7,bbc.co.uk,News & Sport,4.85
6107,8,msn.com,News & Sport,5.483333333333333
6108,9,cnn.com,News & Sport,2.966666666666667
6109,10,bbc.com,News & Sport,2.6666666666666665
6110,11,qq.com,News & Sport,4.616666666666667
6111,12,news.google.com,News & Sport,5.816666666666666
6112,13,uol.com.br,News & Sport,6.166666666666667
6113,14,theguardian.com,News & Sport,3.4333333333333336
6114,15,foxnews.com,News & Sport,5.966666666666667
6115,16,infobae.com,News & Sport,3.6333333333333333
6116,17,douyin.com,News & Sport,9.25
6117,18,dailymail.co.uk,News & Sport,4.016666666666667
6118,19,onet.pl,News & Sport,5.25
6119,20,wp.pl,News & Sport,6.383333333333334
6120,21,finance.yahoo.com,News & Sport,5.266666666666667
6121,22,news.naver.com,News & Sport,6.266666666666667
6122,23,auone.jp,News & Sport,3.1666666666666665
6123,24,people.com,News & Sport,2.033333333333333
6125,26,bild.de,News & Sport,5.133333333333334
6126,27,detik.com,News & Sport,3.4
6127,28,news.yahoo.com,News & Sport,3.1
6128,29,news18.com,News & Sport,1.75
6129,30,indiatimes.com,News & Sport,2.8166666666666664
6130,31,t-online.de,News & Sport,7.7
6131,32,usatoday.com,News & Sport,1.95
6132,33,india.com,News & Sport,1.7166666666666668
6133,34,163.com,News & Sport,3.1333333333333333
6134,35,apnews.com,News & Sport,1.9166666666666665
6135,36,aajtak.in,News & Sport,3.6
6136,37,interia.pl,News & Sport,4.683333333333334
6137,38,forbes.com,News & Sport,0.9666666666666667
6138,39,nypost.com,News & Sport,2.75
6139,40,n-tv.de,News & Sport,4.466666666666667
6140,41,vnexpress.net,News & Sport,4.716666666666667
6141,42,ndtv.com,News & Sport,2.3666666666666667
6142,43,hindustantimes.com,News & Sport,1.85
6143,44,substack.com,News & Sport,3.15
6144,45,rbc.ru,News & Sport,3.4833333333333334
6146,47,indianexpress.com,News & Sport,2.5
6147,48,cnbc.com,News & Sport,2.7666666666666666
6148,49,corriere.it,News & Sport,6.283333333333333
6149,50,elpais.com,News & Sport,3.6166666666666667
6500,1,wikipedia.org,Science & Education,3.3
6501,2,quora.com,Science & Education,1.7833333333333332
6502,3,deepl.com,Science & Education,10.033333333333333
6503,4,perplexity.ai,Science & Education,6.483333333333333
6504,5,sciencedirect.com,Science & Education,4.833333333333333
6505,6,eksisozluk.com,Science & Education,4.383333333333334
6506,7,merriam-webster.com,Science & Education,2.5
6507,8,reverso.net,Science & Education,5.016666666666667
6508,9,dictionary.cambridge.org,Science & Education,4.866666666666667
6509,10,britannica.com,Science & Education,2.4166666666666665
6510,11,wiktionary.org,Science & Education,2.5666666666666664
6511,12,wordreference.com,Science & Education,5.983333333333333
6512,13,word.tips,Science & Education,5.8
6514,15,thesaurus.com,Science & Education,3.8666666666666667
6515,16,urbandictionary.com,Science & Education,0.7666666666666667
6516,17,idos.cz,Science & Education,2.75
6517,18,email.cz,Science & Education,4.75
6518,19,gov.cz,Science & Education,4.516666666666667
6519,20,dictionary.com,Science & Education,2.05
6521,22,treccani.it,Science & Education,1.5333333333333332
6522,23,dictionary.goo.ne.jp,Science & Education,2.15
6523,24,pons.com,Science & Education,4.233333333333333
6524,25,kotobank.jp,Science & Education,1.5166666666666666
6525,26,glosbe.com,Science & Education,3.5833333333333335
6526,27,wordhippo.com,Science & Education,3.1
6527,28,collinsdictionary.com,Science & Education,1.9833333333333334
6528,29,wikisource.org,Science & Education,2.4
6529,30,almaany.com,Science & Education,2.6166666666666667
6530,31,spanishdict.com,Science & Education,6.983333333333333
6531,32,leo.org,Science & Education,6.333333333333333
6532,33,bab.la,Science & Education,1.5
6533,34,oxfordlearnersdictionaries.com,Science & Education,5.683333333333334
6534,35,kartaslov.ru,Science & Education,2.15
6535,36,imagetotext.info,Science & Education,2.45
6536,37,alc.co.jp,Science & Education,5.45
6537,38,larousse.fr,Science & Education,1.7666666666666666
6538,39,yourdictionary.com,Science & Education,5.133333333333334
6539,40,scielo.br,Science & Education,3.05
6540,41,dict.cc,Science & Education,6.066666666666666
6541,42,rekhta.org,Science & Education,1.6833333333333333
6542,43,firmy.cz,Science & Education,2.15
6543,44,tureng.com,Science & Education,5.533333333333333
6544,45,dexonline.ro,Science & Education,2.2333333333333334
6546,47,rhymezone.com,Science & Education,6.083333333333333
6547,48,shabdkosh.com,Science & Education,1.3833333333333333
6548,49,squaredle.app,Science & Education,9.866666666666667
6549,50,thefreedictionary.com,Science & Education,2.466666666666667
6650,1,wikimedia.org,Science & Education,1.9
6651,2,wikihow.com,Science & Education,1.1
6652,3,wikiwiki.jp,Science & Education,6.283333333333333
6653,4,gramedia.com,Science & Education,1.15
6654,5,pagesjaunes.fr,Science & Education,1.8666666666666667
6655,6,laposte.net,Science & Education,7.916666666666667
6656,7,proquest.com,Science & Education,7.483333333333333
6657,8,noor-book.com,Science & Education,2.55
6658,9,time.is,Science & Education,5.516666666666667
6659,10,amalgama-lab.com,Science & Education,1.4666666666666668
6660,11,manualslib.com,Science & Education,3.05
6661,12,rapidtables.com,Science & Education,2.9
6662,13,azet.sk,Science & Education,12.1
6663,14,kompasiana.com,Science & Education,2.9833333333333334
6664,15,sinonim.org,Science & Education,3.0166666666666666
6665,16,meteored.mx,Science & Education,1.2166666666666668
6666,17,worldcat.org,Science & Education,3.9833333333333334
6667,18,xo.gr,Science & Education,1.55
6668,19,ukrlib.com.ua,Science & Education,3.2333333333333334
6669,20,worldometers.info,Science & Education,1.1
6671,22,wikidata.org,Science & Education,1.5166666666666666
6672,23,lexilogos.com,Science & Education,2.033333333333333
6673,24,yabiladi.com,Science & Education,5.0
6674,25,brainyquote.com,Science & Education,1.65
6675,26,ebscohost.com,Science & Education,4.483333333333333
6676,27,wikiquote.org,Science & Education,1.25
6677,28,shamela.ws,Science & Education,2.6666666666666665
6678,29,pkup.fr,Science & Education,2.1666666666666665
6679,30,azquotes.com,Science & Education,2.15
6681,32,alukah.net,Science & Education,1.75
6682,33,mensagemaniversario.com.br,Science & Education,1.0
6683,34,aldiwan.net,Science & Education,1.8666666666666667
6684,35,toolforge.org,Science & Education,1.4166666666666667
6686,37,inwi.ma,Science & Education,2.95
6687,38,foulabook.com,Science & Education,1.6833333333333333
6688,39,spellbee.org,Science & Education,5.533333333333333
6691,42,lifeder.com,Science & Education,2.0166666666666666
6692,43,famikura-store.jp,Science & Education,4.016666666666667
6693,44,jitenon.jp,Science & Education,3.9166666666666665
6694,45,mots-croises-solutions.com,Science & Education,2.35
6695,46,login.gov.az,Science & Education,6.3
6696,47,guinnessworldrecords.com,Science & Education,0.7833333333333333
6698,49,lovetoknow.com,Science & Education,1.0333333333333334
6699,50,citaty.net,Science & Education,1.45
6700,1,timeanddate.com,Science & Education,1.5
6701,2,printables.com,Science & Education,5.0
6702,3,space.com,Science & Education,1.0166666666666666
6703,4,dailygalaxy.com,Science & Education,0.9166666666666666
6704,5,spaceweatherlive.com,Science & Education,1.0833333333333333
6706,7,cloudynights.com,Science & Education,5.0
6707,8,zeiss.com,Science & Education,4.133333333333334
6708,9,myflixer.is,Science & Education,7.366666666666666
6709,10,earthsky.org,Science & Education,0.8166666666666667
6710,11,moongiant.com,Science & Education,0.9333333333333333
6711,12,astronomy.com,Science & Education,1.0333333333333334
6712,13,spaceweather.com,Science & Education,1.1333333333333333
6713,14,skyatnightmagazine.com,Science & Education,0.75
6714,15,sab.gov.co,Science & Education,3.5666666666666664
6715,16,highpointscientific.com,Science & Education,3.0
6716,17,clearoutside.com,Science & Education,2.466666666666667
6717,18,skyandtelescope.org,Science & Education,0.75
6718,19,nasaspaceflight.com,Science & Education,3.466666666666667
6720,21,eso.org,Science & Education,1.9833333333333334
6721,22,astrobin.com,Science & Education,4.016666666666667
6722,23,celestron.com,Science & Education,2.1666666666666665
6723,24,planetary.org,Science & Education,0.7666666666666667
6724,25,heavens-above.com,Science & Education,2.3
6725,26,jhuapl.edu,Science & Education,3.4833333333333334
6726,27,aanda.org,Science & Education,2.05
6728,29,webbtelescope.org,Science & Education,1.4833333333333334
6729,30,hubblesite.org,Science & Education,1.3
6730,31,nextspaceflight.com,Science & Education,0.95
6732,33,astrogeo.va.it,Science & Education,0.26666666666666666
6733,34,agenaastro.com,Science & Education,1.5333333333333332
6734,35,stsci.edu,Science & Education,21.75
6735,36,astronomy.ru,Science & Education,5.716666666666667
6736,37,aas.org,Science & Education,1.4666666666666668
6737,38,in-the-sky.org,Science & Education,1.0333333333333334
6738,39,griffithobservatory.org,Science & Education,1.1
6739,40,firstlightoptics.com,Science & Education,2.3666666666666667
6740,41,clockfaceonline.co.uk,Science & Education,1.1166666666666667
6741,42,astronomie.de,Science & Education,6.233333333333333
6742,43,nineplanets.org,Science & Education,0.48333333333333334
6743,44,solarsystemscope.com,Science & Education,0.8333333333333334
6744,45,astronet.ru,Science & Education,1.1166666666666667
6745,46,obspm.fr,Science & Education,3.65
6746,47,stelvision.com,Science & Education,0.8833333333333333
6747,48,newscientist.nl,Science & Education,1.7333333333333334
6749,50,vinayuppal.com,Science & Education,7.016666666666667
6750,1,nature.com,Science & Education,3.25
6751,2,oup.com,Science & Education,2.7
6752,3,frontiersin.org,Science & Education,2.5666666666666664
6753,4,biomedcentral.com,Science & Education,2.1666666666666665
6754,5,doodle.com,Science & Education,2.7
6755,6,doi.org,Science & Education,1.6666666666666665
6756,7,springernature.com,Science & Education,3.1666666666666665
6757,8,cell.com,Science & Education,2.716666666666667
6758,9,inaturalist.org,Science & Education,5.516666666666667
6759,10,z-lib.id,Science & Education,2.5166666666666666
6760,11,silverchair.com,Science & Education,1.7666666666666666
6761,12,biorxiv.org,Science & Education,2.2333333333333334
6762,13,letpub.com.cn,Science & Education,3.8333333333333335
6763,14,aspca.org,Science & Education,0.9666666666666667
6764,15,biorender.com,Science & Education,5.516666666666667
6765,16,a-z-animals.com,Science & Education,0.85
6766,17,iris.go.kr,Science & Education,5.3
6767,18,benchling.com,Science & Education,8.033333333333333
6768,19,charite.de,Science & Education,4.983333333333333
6769,20,sciquest.com,Science & Education,9.7
6770,21,cmu.edu.tw,Science & Education,2.5666666666666664
6772,23,ut.ee,Science & Education,7.966666666666667
6773,24,hubermanlab.com,Science & Education,3.283333333333333
6775,26,asm.org,Science & Education,2.1166666666666667
6776,27,ebi.ac.uk,Science & Education,5.116666666666666
6777,28,volgistics.com,Science & Education,4.433333333333334
6778,29,atyponrex.com,Science & Education,5.433333333333334
6779,30,europepmc.org,Science & Education,1.4833333333333334
6780,31,bio-faq.ru,Science & Education,2.5833333333333335
6781,32,rcsb.org,Science & Education,3.8666666666666667
6782,33,researchsquare.com,Science & Education,1.1333333333333333
6783,34,endnote.com,Science & Education,3.183333333333333
6784,35,amrita.edu,Science & Education,3.6333333333333333
6785,36,kew.org,Science & Education,3.45
6787,38,genome.gov,Science & Education,1.3166666666666667
6788,39,paperpile.com,Science & Education,7.183333333333334
6789,40,royalsocietypublishing.org,Science & Education,1.4
6790,41,sci-hub.pub,Science & Education,1.15
6791,42,ablesci.com,Science & Education,4.666666666666667
6792,43,sandiegozoo.org,Science & Education,2.95
6793,44,biospace.com,Science & Education,1.3166666666666667
6794,45,physiology.org,Science & Education,1.95
6795,46,cabidigitallibrary.org,Science & Education,1.3166666666666667
6796,47,int-res.com,Science & Education,0.4166666666666667
6797,48,ibric.org,Science & Education,2.6333333333333333
6798,49,wellesu.com,Science & Education,4.45
6799,50,retractionwatch.com,Science & Education,1.3166666666666667
6800,1,oreilly.com,Science & Education,5.6
6801,2,tac-school.co.jp,Science & Education,3.95
6802,3,tafensw.edu.au,Science & Education,4.616666666666667
6803,4,u-can.co.jp,Science & Education,2.0166666666666666
6804,5,allfloridasafetyinstitute.com,Science & Education,1.5
6805,6,iata.org,Science & Education,3.533333333333333
6806,7,kakomonn.com,Science & Education,14.383333333333333
6807,8,niidpo.ru,Science & Education,5.05
6808,9,c-c-j.com,Science & Education,2.55
6809,10,lec-jp.com,Science & Education,5.333333333333333
6810,11,hogent.be,Science & Education,8.233333333333333
6811,12,cbt-s.com,Science & Education,2.8666666666666667
6812,13,torrens.edu.au,Science & Education,5.933333333333334
6813,14,open.edu.au,Science & Education,2.65
6815,16,foresight.jp,Science & Education,10.35
6816,17,u-can.jp,Science & Education,8.983333333333333
6817,18,teambuilding.com,Science & Education,0.9
6818,19,sanko.ac.jp,Science & Education,5.4
6819,20,northmetrotafe.wa.edu.au,Science & Education,4.4
6820,21,kentei.ne.jp,Science & Education,3.2666666666666666
6822,23,provincedeliege.be,Science & Education,3.0833333333333335
6823,24,kdg.be,Science & Education,8.366666666666667
6824,25,hermods.se,Science & Education,7.0
6826,27,careers.duolingo.com,Science & Education,1.65
6827,28,pxl.be,Science & Education,8.283333333333333
6828,29,idrivesafely.com,Science & Education,13.25
6830,31,highspeedtraining.co.uk,Science & Education,6.916666666666667
6831,32,vives.be,Science & Education,2.1666666666666665
6832,33,tds.ms,Science & Education,6.166666666666667
6833,34,myhumandesign.com,Science & Education,3.0
6834,35,studentarteveldehsbe.sharepoint.com,Science & Education,4.8
6835,36,arteveldehogeschool.be,Science & Education,2.6333333333333333
6836,37,wbstraining.de,Science & Education,4.033333333333333
6837,38,nti.nl,Science & Education,2.8833333333333333
6838,39,uprav.ru,Science & Education,4.783333333333333
6839,40,vinci.be,Science & Education,6.4
6840,41,convenia.com.br,Science & Education,2.6666666666666665
6841,42,crear-ac.co.jp,Science & Education,3.3833333333333333
6843,44,henallux.be,Science & Education,2.783333333333333
6844,45,helha.be,Science & Education,4.783333333333333
6845,46,ucll.be,Science & Education,2.716666666666667
6846,47,superprof.be,Science & Education,2.8
6847,48,cityandguilds.com,Science & Education,2.066666666666667
6848,49,ehb.be,Science & Education,6.333333333333333
6849,50,pic-chan.net,Science & Education,4.066666666666666
6850,1,acs.org,Science & Education,4.45
6851,2,osmanonline.info,Science & Education,7.233333333333333
6853,4,rsc.org,Science & Education,3.5666666666666664
6854,5,acetyl.ru,Science & Education,2.8833333333333333
6855,6,libgenesis.net,Science & Education,1.5666666666666667
6856,7,chemicalbook.com,Science & Education,4.55
6857,8,x-mol.com,Science & Education,6.433333333333334
6858,9,ptable.com,Science & Education,1.3333333333333333
6860,11,fishersci.com,Science & Education,3.1333333333333333
6861,12,cas.org,Science & Education,8.116666666666667
6862,13,chemicalaid.com,Science & Education,2.066666666666667
6863,14,aktiv.com,Science & Education,5.65
6864,15,vwr.com,Science & Education,2.7
6866,17,masterorganicchemistry.com,Science & Education,1.8666666666666667
6867,18,chemequations.com,Science & Education,2.8833333333333333
6868,19,merckmillipore.com,Science & Education,2.1666666666666665
6869,20,antpedia.com,Science & Education,3.0
6870,21,webqc.org,Science & Education,1.5166666666666666
6871,22,studymind.co.uk,Science & Education,1.7333333333333334
6872,23,sciencenotes.org,Science & Education,1.1333333333333333
6874,25,sovety-tut.ru,Science & Education,0.35
6875,26,chemrevise.org,Science & Education,3.033333333333333
6876,27,eurofins.com,Science & Education,8.233333333333333
6877,28,carlroth.com,Science & Education,2.1
6878,29,chemistryworld.com,Science & Education,1.1666666666666667
6879,30,instrument.com.cn,Science & Education,1.8333333333333335
6880,31,thermofisher.cn,Science & Education,4.433333333333334
6882,33,chemie.de,Science & Education,1.65
6884,35,colab.ws,Science & Education,0.7666666666666667
6885,36,avantorsciences.com,Science & Education,3.033333333333333
6886,37,chemege.ru,Science & Education,4.616666666666667
6887,38,knowunity.de,Science & Education,2.1666666666666665
6889,40,reaxys.com,Science & Education,7.316666666666666
6890,41,chemspider.com,Science & Education,1.7833333333333332
6891,42,chemguide.co.uk,Science & Education,2.1
6892,43,chem-station.com,Science & Education,3.066666666666667
6893,44,bruker.com,Science & Education,1.8166666666666667
6894,45,sci-hub.mk,Science & Education,1.7666666666666666
6895,46,scihub.net.cn,Science & Education,1.8333333333333335
6896,47,lernhelfer.de,Science & Education,0.9666666666666667
6897,48,fz-juelich.de,Science & Education,3.9833333333333334
6898,49,clackamas.edu,Science & Education,8.416666666666666
6899,50,pharmdbm.com,Science & Education,4.466666666666667
6902,3,zamg.ac.at,Science & Education,1.6333333333333333
6903,4,volcanodiscovery.com,Science & Education,1.7333333333333334
6904,5,hcmr.gr,Science & Education,1.7666666666666666
6905,6,nationalgeographic.org,Science & Education,1.25
6906,7,geology.com,Science & Education,1.4
6907,8,copernicus.eu,Science & Education,7.666666666666667
6908,9,topographic-map.com,Science & Education,2.9
6909,10,copernicus.org,Science & Education,2.3166666666666664
6911,12,mindat.org,Science & Education,2.6333333333333333
6912,13,ncees.org,Science & Education,4.7
6913,14,kadaster.nl,Science & Education,5.2
6914,15,ucar.edu,Science & Education,7.05
6915,16,iris.edu,Science & Education,5.4
6916,17,ign.es,Science & Education,1.5833333333333335
6917,18,emsc-csem.org,Science & Education,2.3166666666666664
6918,19,trustmyscience.com,Science & Education,1.15
6919,20,wmo.int,Science & Education,1.2
6920,21,allmetsat.com,Science & Education,0.9666666666666667
6921,22,vulkane.net,Science & Education,2.3666666666666667
6922,23,meteo.fr,Science & Education,1.3166666666666667
6923,24,gisgeography.com,Science & Education,1.05
6924,25,rics.org,Science & Education,6.466666666666667
6927,28,sentinel-hub.com,Science & Education,3.7666666666666666
6928,29,ready.gov,Science & Education,1.3166666666666667
6929,30,ametsoc.org,Science & Education,1.9333333333333333
6930,31,bgs.ac.uk,Science & Education,1.4166666666666667
6934,35,kiost.ac.kr,Science & Education,10.45
6935,36,nsidc.org,Science & Education,0.9166666666666666
6936,37,geonet.org.nz,Science & Education,1.8833333333333333
6937,38,leica-geosystems.com,Science & Education,3.033333333333333
6938,39,geoscienceworld.org,Science & Education,1.6666666666666665
6939,40,whoi.edu,Science & Education,1.0666666666666667
6940,41,serbianmeteo.com,Science & Education,2.9333333333333336
6941,42,gfz-potsdam.de,Science & Education,5.466666666666667
6942,43,geologyscience.com,Science & Education,1.1833333333333333
6944,45,forgerock.io,Science & Education,1.9666666666666668
6945,46,onepetro.org,Science & Education,1.7833333333333332
6946,47,geokniga.org,Science & Education,1.15
6947,48,spe.org,Science & Education,1.2
6948,49,ga.gov.au,Science & Education,1.5666666666666667
6949,50,agu.org,Science & Education,1.7666666666666666
6950,1,instructure.com,Science & Education,9.316666666666666
6951,2,scribd.com,Science & Education,2.9833333333333334
6952,3,clever.com,Science & Education,3.466666666666667
6953,4,quizlet.com,Science & Education,6.616666666666667
6955,6,udemy.com,Science & Education,9.433333333333334
6956,7,byjus.com,Science & Education,1.9666666666666668
6957,8,blackboard.com,Science & Education,7.583333333333333
6958,9,vietjack.com,Science & Education,9.333333333333334
6959,10,duolingo.com,Science & Education,8.833333333333334
6960,11,schoology.com,Science & Education,8.3
6961,12,gdz.ru,Science & Education,5.9
6962,13,grammarly.com,Science & Education,2.65
6963,14,dnevnik.ru,Science & Education,5.683333333333334
6964,15,quizizz.com,Science & Education,9.366666666666667
6965,16,jagranjosh.com,Science & Education,2.0166666666666666
6966,17,studocu.com,Science & Education,3.05
6967,18,uchi.ru,Science & Education,9.666666666666666
6968,19,pearson.com,Science & Education,8.233333333333333
6969,20,index-education.net,Science & Education,2.7333333333333334
6970,21,k12.com,Science & Education,17.15
6971,22,coursera.org,Science & Education,10.95
6972,23,librus.pl,Science & Education,4.233333333333333
6973,24,blooket.com,Science & Education,10.533333333333333
6974,25,wordwall.net,Science & Education,5.266666666666667
6975,26,powerschool.com,Science & Education,6.916666666666667
6976,27,pw.live,Science & Education,7.633333333333333
6977,28,sdamgia.ru,Science & Education,7.85
6978,29,ixl.com,Science & Education,9.166666666666666
6979,30,nta.nic.in,Science & Education,5.433333333333334
6980,31,mheducation.com,Science & Education,12.65
6981,32,benesse.ne.jp,Science & Education,2.6833333333333336
6982,33,unam.mx,Science & Education,4.466666666666667
6983,34,infourok.ru,Science & Education,3.3
6984,35,examinationservices.nic.in,Science & Education,12.05
6985,36,brightspace.com,Science & Education,9.366666666666667
6986,37,academia.edu,Science & Education,2.2
6988,39,reshak.ru,Science & Education,5.583333333333333
6990,41,vedantu.com,Science & Education,2.4
6991,42,loigiaihay.com,Science & Education,4.433333333333334
6992,43,khanacademy.org,Science & Education,8.233333333333333
6993,44,brainly.in,Science & Education,2.8
6994,45,education.gouv.fr,Science & Education,1.9833333333333334
6995,46,signupgenius.com,Science & Education,2.8166666666666664
6996,47,cherrycreekschools.org,Science & Education,8.783333333333333
6997,48,nsportal.ru,Science & Education,3.716666666666667
6998,49,padlet.com,Science & Education,4.7
6999,50,selfstudys.com,Science & Education,4.95
7000,1,usda.gov,Science & Education,3.0166666666666666
7001,2,earth.com,Science & Education,1.55
7002,3,scielo.org.mx,Science & Education,1.9166666666666665
7003,4,udocz.com,Science & Education,2.533333333333333
7004,5,usherbrooke.ca,Science & Education,5.466666666666667
7005,6,ewg.org,Science & Education,2.783333333333333
7006,7,cnrs.fr,Science & Education,4.35
7009,10,scielo.org.co,Science & Education,1.8
7010,11,dost.gov.ph,Science & Education,1.8166666666666667
7011,12,cas.cn,Science & Education,3.0166666666666666
7012,13,nabu.de,Science & Education,1.45
7013,14,greenpeace.org,Science & Education,1.4833333333333334
7014,15,world.org,Science & Education,1.8333333333333335
7015,16,ecoportal.net,Science & Education,1.1333333333333333
7016,17,worldanimalfoundation.org,Science & Education,1.5333333333333332
7017,18,ecologiaverde.com,Science & Education,3.2
7018,19,worldwildlife.org,Science & Education,1.3166666666666667
7020,21,mongabay.com,Science & Education,0.95
7021,22,treehugger.com,Science & Education,0.8666666666666667
7023,24,miteco.gob.es,Science & Education,2.5833333333333335
7024,25,enbw.com,Science & Education,3.5666666666666664
7026,27,cas.cz,Science & Education,4.916666666666667
7027,28,conicet.gov.ar,Science & Education,4.5
7028,29,nature.org,Science & Education,1.6333333333333333
7029,30,climate-data.org,Science & Education,1.0
7030,31,woodlandtrust.org.uk,Science & Education,1.5833333333333335
7031,32,nationalacademies.org,Science & Education,2.0
7033,34,slu.se,Science & Education,3.95
7034,35,australian.museum,Science & Education,1.0666666666666667
7036,37,ucanr.edu,Science & Education,1.2
7037,38,nrdc.org,Science & Education,1.7
7038,39,earth.org,Science & Education,1.1
7039,40,dnv.com,Science & Education,4.083333333333333
7040,41,ewisa.co.za,Science & Education,1.3166666666666667
7041,42,climate.gov,Science & Education,0.9666666666666667
7042,43,acciona.com,Science & Education,0.8666666666666667
7043,44,ajol.info,Science & Education,0.95
7044,45,greenmatters.com,Science & Education,0.6666666666666666
7045,46,framaforms.org,Science & Education,4.016666666666667
7046,47,ipcc.ch,Science & Education,2.05
7048,49,obmep.org.br,Science & Education,6.366666666666666
7049,50,frontlinewildfire.com,Science & Education,0.8166666666666667
7050,1,sparxmaths.com,Science & Education,1.4833333333333334
7051,2,youthopportunitieshub.com,Science & Education,2.8
7052,3,txst.edu,Science & Education,2.1
7053,4,bold.org,Science & Education,3.716666666666667
7054,5,daadscholarship.com,Science & Education,1.1
7056,7,scholarships.com,Science & Education,4.0
7058,9,scholarships365.info,Science & Education,2.2
7060,11,webportalapp.com,Science & Education,5.133333333333334
7061,12,opportunitydesk.org,Science & Education,1.5
7062,13,chevening.org,Science & Education,1.9333333333333333
7063,14,awardspring.com,Science & Education,3.966666666666667
7064,15,mykaleidoscope.com,Science & Education,5.5
7065,16,scholarshipowl.com,Science & Education,2.6833333333333336
7066,17,scholarsapply.org,Science & Education,4.416666666666667
7067,18,sallie.com,Science & Education,2.15
7068,19,scholarshiproar.com,Science & Education,1.1166666666666667
7069,20,scholarshipsads.com,Science & Education,1.4
7071,22,studyaustralia.gov.au,Science & Education,1.55
7072,23,gatescambridge.org,Science & Education,0.8
7073,24,opportunitiespedia.com,Science & Education,0.7833333333333333
7074,25,universityguru.com,Science & Education,1.05
7075,26,fellowshipbard.com,Science & Education,1.4
7076,27,opportunitiesforafricans.com,Science & Education,1.8666666666666667
7077,28,communityforce.com,Science & Education,6.8
7078,29,utahtech.edu,Science & Education,2.3833333333333333
7080,31,scholars4dev.com,Science & Education,1.8333333333333335
7082,33,fafsa.gov,Science & Education,0.05
7083,34,afterschoolafrica.com,Science & Education,0.9666666666666667
7084,35,iefa.org,Science & Education,1.2
7085,36,ascentfunding.com,Science & Education,2.7666666666666666
7086,37,uncf.org,Science & Education,3.6
7087,38,gilmanscholarship.org,Science & Education,1.5833333333333335
7088,39,globalscholarships.com,Science & Education,1.2666666666666666
7089,40,elmin7a.com,Science & Education,0.95
7090,41,unischolars.com,Science & Education,2.6666666666666665
7091,42,ubastudent.online,Science & Education,2.6666666666666665
7092,43,meindaad.de,Science & Education,2.5
7093,44,oyaop.com,Science & Education,0.8666666666666667
7094,45,paradigmshift.com.pk,Science & Education,2.4
7095,46,usefp.org,Science & Education,1.6166666666666667
7096,47,cdm.edu.eg,Science & Education,2.8166666666666664
7097,48,pickascholarship.com,Science & Education,1.8166666666666667
7098,49,nationalhonorsociety.org,Science & Education,1.45
7099,50,bayer-foundation.com,Science & Education,1.2833333333333332
7100,1,archives.gov,Science & Education,2.3333333333333335
7101,2,worldhistory.org,Science & Education,4.866666666666667
7102,3,alternatehistory.com,Science & Education,8.183333333333334
7103,4,cervantesvirtual.com,Science & Education,1.8
7104,5,ducksters.com,Science & Education,2.85
7105,6,histrf.ru,Science & Education,1.25
7106,7,historianet.nl,Science & Education,2.7333333333333334
7107,8,historyquiz.com,Science & Education,3.716666666666667
7108,9,besthistorysites.net,Science & Education,1.1666666666666667
7110,11,timetoast.com,Science & Education,2.1333333333333333
7111,12,annefrank.org,Science & Education,1.7833333333333332
7112,13,freeupsc.org,Science & Education,2.75
7115,16,smarthistory.org,Science & Education,2.6833333333333336
7116,17,battlefields.org,Science & Education,1.35
7117,18,historyextra.com,Science & Education,0.8166666666666667
7118,19,vle.lt,Science & Education,2.066666666666667
7119,20,diletant.media,Science & Education,1.3333333333333333
7120,21,historyhit.com,Science & Education,0.7833333333333333
7121,22,edelvivesdigitalplus.com,Science & Education,4.733333333333333
7122,23,whitehousehistory.org,Science & Education,0.7333333333333333
7123,24,mountvernon.org,Science & Education,1.55
7124,25,millercenter.org,Science & Education,1.2833333333333332
7125,26,deutsche-digitale-bibliothek.de,Science & Education,1.65
7126,27,americanyawp.com,Science & Education,4.4
7127,28,biografiasyvidas.com,Science & Education,2.5166666666666666
7128,29,historic-uk.com,Science & Education,0.8333333333333334
7129,30,neh.gov,Science & Education,3.3833333333333333
7130,31,bushoojapan.com,Science & Education,4.666666666666667
7131,32,sutori.com,Science & Education,1.4166666666666667
7132,33,womenshistory.org,Science & Education,1.2
7133,34,medievalists.net,Science & Education,1.1
7134,35,gilderlehrman.org,Science & Education,1.1833333333333333
7135,36,cubicol.pe,Science & Education,9.65
7136,37,ciekawostkihistoryczne.pl,Science & Education,2.3
7137,38,facinghistory.org,Science & Education,1.0333333333333334
7138,39,cruiserx.net,Science & Education,0.6166666666666667
7139,40,studentontask.com,Science & Education,7.833333333333333
7140,41,ushistory.org,Science & Education,1.55
7141,42,historynet.com,Science & Education,0.8333333333333334
7142,43,dp.la,Science & Education,2.033333333333333
7143,44,herodote.net,Science & Education,3.5
7144,45,theholocaustexplained.org,Science & Education,0.9833333333333333
7145,46,alphahistory.com,Science & Education,1.1666666666666667
7146,47,dar.org,Science & Education,9.033333333333333
7147,48,navigium.de,Science & Education,9.333333333333334
7148,49,tshaonline.org,Science & Education,1.6
7149,50,nzhistory.govt.nz,Science & Education,1.4333333333333333
7200,1,1000kitap.com,Science & Education,5.233333333333333
7201,2,booknode.com,Science & Education,3.95
7202,3,allpoetry.com,Science & Education,2.5166666666666666
7203,4,penguinlibros.com,Science & Education,1.2666666666666666
7204,5,lovelybooks.de,Science & Education,2.183333333333333
7205,6,turkedebiyati.org,Science & Education,1.95
7206,7,mamalisa.com,Science & Education,0.7333333333333333
7207,8,bookbrowse.com,Science & Education,0.8
7208,9,literatura.us,Science & Education,1.3166666666666667
7209,10,randomhouse.com,Science & Education,1.8833333333333333
7210,11,lecturia.org,Science & Education,1.4833333333333334
7211,12,yourdailypoem.com,Science & Education,0.7166666666666667
7212,13,thrillercafe.it,Science & Education,1.0833333333333333
7213,14,pensieriparole.it,Science & Education,1.4333333333333333
7214,15,michaelconnelly.com,Science & Education,1.0333333333333334
7215,16,poetryinvoice.ca,Science & Education,2.0
7216,17,isbndb.com,Science & Education,1.35
7217,18,hyaenidae.narod.ru,Science & Education,1.6833333333333333
7218,19,skazkaplus.ru,Science & Education,5.983333333333333
7219,20,poetrysociety.org,Science & Education,0.9666666666666667
7220,21,bookpage.com,Science & Education,0.6666666666666666
7221,22,k-12readinglist.com,Science & Education,0.7166666666666667
7222,23,letralia.com,Science & Education,0.7666666666666667
7223,24,readinggroupguides.com,Science & Education,1.0166666666666666
7224,25,vseskazki.su,Science & Education,0.8
7225,26,folklore.ee,Science & Education,0.9166666666666666
7226,27,booklistonline.com,Science & Education,2.35
7227,28,ruverses.com,Science & Education,2.8166666666666664
7228,29,aynitap.com,Science & Education,0.5333333333333333
7229,30,detskiychas.ru,Science & Education,2.216666666666667
7231,32,poemario.com,Science & Education,1.15
7232,33,syndetics.com,Science & Education,0.4666666666666667
7233,34,oraltradition.org,Science & Education,1.0666666666666667
7234,35,simplykalaa.com,Science & Education,1.0166666666666666
7235,36,this-camp.blogspot.com,Science & Education,
7236,37,towerofthehand.com,Science & Education,1.2
7237,38,dunenovels.com,Science & Education,1.1666666666666667
7238,39,bernardcornwell.net,Science & Education,0.7333333333333333
7239,40,the-instillery.com,Science & Education,0.6166666666666667
7240,41,tolstoytherapy.com,Science & Education,1.4833333333333334
7241,42,thebookbag.co.uk,Science & Education,0.36666666666666664
7242,43,rialta.org,Science & Education,0.8166666666666667
7243,44,bookishwayfarer.com,Science & Education,0.31666666666666665
7244,45,rewirethewest.com,Science & Education,1.7166666666666668
7245,46,alaindebotton.com,Science & Education,0.48333333333333334
7246,47,sivir.ru,Science & Education,1.0833333333333333
7247,48,turnerstories.com,Science & Education,0.5833333333333334
7249,50,materialdeconsultaib.wordpress.com,Science & Education,1.45
7250,1,calculator.net,Science & Education,2.85
7251,2,doubtnut.com,Science & Education,4.583333333333333
7252,3,desmos.com,Science & Education,2.9
7253,4,overleaf.com,Science & Education,5.466666666666667
7254,5,omnicalculator.com,Science & Education,1.0833333333333333
7256,7,gradescope.com,Science & Education,5.716666666666667
7257,8,webassign.net,Science & Education,18.766666666666666
7258,9,calculatorsoup.com,Science & Education,3.066666666666667
7259,10,symbolab.com,Science & Education,5.433333333333334
7260,11,studyx.ai,Science & Education,3.2
7261,12,mathworks.com,Science & Education,6.933333333333334
7262,13,cuemath.com,Science & Education,1.7833333333333332
7263,14,edstem.org,Science & Education,6.65
7264,15,studyflix.de,Science & Education,6.966666666666667
7265,16,ethz.ch,Science & Education,6.266666666666667
7266,17,mathsgenie.co.uk,Science & Education,6.0
7267,18,zybooks.com,Science & Education,12.75
7268,19,convertunits.com,Science & Education,0.8833333333333333
7269,20,youmath.it,Science & Education,3.6
7270,21,arkusze.pl,Science & Education,4.416666666666667
7271,22,univ-lyon1.fr,Science & Education,6.166666666666667
7272,23,cerebry.co,Science & Education,17.233333333333334
7273,24,educationperfect.com,Science & Education,8.516666666666667
7274,25,brilliant.org,Science & Education,3.9833333333333334
7275,26,myopenmath.com,Science & Education,14.616666666666667
7276,27,studydrive.net,Science & Education,6.95
7277,28,mathspace.co,Science & Education,9.8
7278,29,numerade.com,Science & Education,1.15
7279,30,r-project.org,Science & Education,2.066666666666667
7280,31,calculator.academy,Science & Education,1.05
7281,32,socratic.org,Science & Education,0.7
7282,33,wolfram.com,Science & Education,2.15
7283,34,registroelettronico.com,Science & Education,5.983333333333333
7284,35,planetcalc.com,Science & Education,0.9833333333333333
7285,36,posit.co,Science & Education,1.8666666666666667
7286,37,miniwebtool.com,Science & Education,1.8333333333333335
7287,38,somatematica.com.br,Science & Education,3.966666666666667
7288,39,dataporten.no,Science & Education,0.9
7289,40,matemaks.pl,Science & Education,2.6333333333333333
7290,41,bibmath.net,Science & Education,2.533333333333333
7291,42,cke.gov.pl,Science & Education,2.4
7292,43,integral-calculator.com,Science & Education,1.55
7293,44,mathgptpro.com,Science & Education,2.8333333333333335
7296,47,cahier-de-prepa.fr,Science & Education,3.25
7298,49,math-gpt.org,Science & Education,3.6333333333333333
7299,50,statology.org,Science & Education,1.1166666666666667
7300,1,lesswrong.com,Science & Education,3.1
7301,2,philpapers.org,Science & Education,2.1
7302,3,anthiago.com,Science & Education,1.7833333333333332
7303,4,fivebooks.com,Science & Education,1.0833333333333333
7304,5,philpeople.org,Science & Education,2.95
7305,6,monoskop.org,Science & Education,0.7833333333333333
7306,7,effectivealtruism.org,Science & Education,3.5666666666666664
7308,9,leiterreports.typepad.com,Science & Education,3.7
7309,10,theanarchistlibrary.org,Science & Education,2.2333333333333334
7311,12,uqac.ca,Science & Education,4.983333333333333
7312,13,philomag.com,Science & Education,1.3833333333333333
7313,14,major-prepa.com,Science & Education,2.95
7314,15,zlibrary.pt,Science & Education,1.0166666666666666
7315,16,safe.ai,Science & Education,2.7
7316,17,dreammoods.com,Science & Education,2.1333333333333333
7317,18,dailynous.com,Science & Education,1.4
7318,19,philosopherscocoon.typepad.com,Science & Education,5.116666666666666
7319,20,thepointmag.com,Science & Education,2.466666666666667
7320,21,poesialatina.it,Science & Education,3.3666666666666667
7321,22,clearerthinking.org,Science & Education,2.4833333333333334
7322,23,dwarkeshpatel.com,Science & Education,1.7
7323,24,thenewatlantis.com,Science & Education,1.7833333333333332
7324,25,loebclassics.com,Science & Education,5.716666666666667
7325,26,philosophynow.org,Science & Education,3.216666666666667
7326,27,herdereditorial.com,Science & Education,1.0333333333333334
7327,28,asteriskmag.com,Science & Education,4.8
7328,29,philjobs.org,Science & Education,2.8
7329,30,3quarksdaily.com,Science & Education,0.6333333333333333
7330,31,puter.com,Science & Education,1.7333333333333334
7331,32,euppublishing.com,Science & Education,1.0333333333333334
7332,33,filosofia.org,Science & Education,1.0833333333333333
7333,34,traficantes.net,Science & Education,0.5333333333333333
7334,35,ecoleenligne.be,Science & Education,4.116666666666666
7335,36,filco.es,Science & Education,1.0666666666666667
7336,37,newbooksnetwork.com,Science & Education,3.45
7337,38,myndighetspost.se,Science & Education,2.8166666666666664
7338,39,alianzaeditorial.es,Science & Education,1.1333333333333333
7339,40,pdcnet.org,Science & Education,0.95
7340,41,philosophybreak.com,Science & Education,1.3333333333333333
7341,42,euston96.com,Science & Education,1.6833333333333333
7342,43,seuil.com,Science & Education,1.0
7343,44,aynrand.org,Science & Education,1.9666666666666668
7345,46,misterprepa.net,Science & Education,0.9166666666666666
7346,47,academyofideas.com,Science & Education,1.6166666666666667
7347,48,platona.net,Science & Education,6.016666666666667
7348,49,akal.com,Science & Education,5.05
7349,50,alignmentforum.org,Science & Education,1.05
7350,1,iop.org,Science & Education,2.1333333333333333
7351,2,cern.ch,Science & Education,4.916666666666667
7352,3,aps.org,Science & Education,3.8666666666666667
7353,4,mpg.de,Science & Education,4.25
7354,5,aip.org,Science & Education,2.2666666666666666
7356,7,caltech.edu,Science & Education,2.25
7357,8,clarivate.cn,Science & Education,9.883333333333333
7358,9,quantamagazine.org,Science & Education,1.4166666666666667
7359,10,optica.org,Science & Education,3.6666666666666665
7360,11,yesmovies.mn,Science & Education,6.333333333333333
7361,12,pw.edu.pl,Science & Education,6.533333333333333
7362,13,research.gov,Science & Education,3.1
7363,14,inspirehep.net,Science & Education,3.4166666666666665
7364,15,mephi.ru,Science & Education,3.4
7365,16,physicsclassroom.com,Science & Education,2.6666666666666665
7366,17,theexpertta.com,Science & Education,5.65
7367,18,pdfdrive.to,Science & Education,1.9333333333333333
7368,19,mipt.ru,Science & Education,3.5
7370,21,leifiphysik.de,Science & Education,3.65
7371,22,askaichat.app,Science & Education,2.65
7372,23,physicsforums.com,Science & Education,0.8833333333333333
7374,25,jlab.com,Science & Education,1.8166666666666667
7375,26,isaacphysics.org,Science & Education,9.716666666666667
7376,27,thorlabs.com,Science & Education,4.2
7377,28,sciencing.com,Science & Education,0.85
7378,29,lbl.gov,Science & Education,2.8833333333333333
7380,31,univ-lemans.fr,Science & Education,5.05
7381,32,test-uz.ru,Science & Education,3.033333333333333
7382,33,thequantuminsider.com,Science & Education,1.5666666666666667
7383,34,imperiallondon-my.sharepoint.com,Science & Education,5.0
7384,35,ictp.it,Science & Education,2.4333333333333336
7387,38,xblqugex.cc,Science & Education,5.55
7389,40,fisicalab.com,Science & Education,2.75
7390,41,cfd-online.com,Science & Education,1.8666666666666667
7391,42,bnl.gov,Science & Education,8.266666666666667
7392,43,simpleclub.com,Science & Education,2.3666666666666667
7393,44,animehay.de,Science & Education,0.8166666666666667
7394,45,physicsworld.com,Science & Education,0.9666666666666667
7395,46,desy.de,Science & Education,3.533333333333333
7396,47,uec.ac.jp,Science & Education,5.033333333333333
7397,48,electricity-magnetism.org,Science & Education,0.43333333333333335
7398,49,zftsh.online,Science & Education,4.566666666666666
7399,50,icourse.club,Science & Education,3.4333333333333336
7400,1,archive.org,Science & Education,4.6
7401,2,researchgate.net,Science & Education,4.05
7402,3,quillbot.com,Science & Education,4.283333333333333
7403,4,wiley.com,Science & Education,5.033333333333333
7404,5,naturecaptions.com,Science & Education,21.2
7405,6,nasa.gov,Science & Education,3.2333333333333334
7406,7,mdpi.com,Science & Education,3.45
7407,8,livescience.com,Science & Education,0.95
7408,9,cnki.net,Science & Education,7.933333333333334
7409,10,ieee.org,Science & Education,4.716666666666667
7410,11,scitechdaily.com,Science & Education,1.1166666666666667
7411,12,openathens.net,Science & Education,3.0833333333333335
7412,13,stayfocusd.com,Science & Education,3.6166666666666667
7414,15,libgen.is,Science & Education,3.1666666666666665
7415,16,sci-hub.se,Science & Education,4.533333333333333
7416,17,phys.org,Science & Education,1.3
7417,18,cyberleninka.ru,Science & Education,3.1666666666666665
7418,19,science.org,Science & Education,2.283333333333333
7419,20,futura-sciences.com,Science & Education,0.8333333333333334
7420,21,orcid.org,Science & Education,2.7
7421,22,wordcounter.net,Science & Education,1.8
7422,23,studwork.ru,Science & Education,6.383333333333334
7423,24,yumpu.com,Science & Education,1.3666666666666667
7425,26,manuscriptcentral.com,Science & Education,5.566666666666666
7426,27,ulaval.ca,Science & Education,7.233333333333333
7427,28,duplichecker.com,Science & Education,2.8166666666666664
7428,29,umontreal.ca,Science & Education,7.966666666666667
7429,30,redalyc.org,Science & Education,2.6833333333333336
7430,31,bis.edu.iq,Science & Education,5.916666666666667
7431,32,ted.com,Science & Education,2.8833333333333333
7432,33,howstuffworks.com,Science & Education,1.3833333333333333
7433,34,thecalculatorsite.com,Science & Education,1.25
7434,35,brainly.ph,Science & Education,4.133333333333334
7435,36,dergipark.org.tr,Science & Education,3.283333333333333
7436,37,cnpq.br,Science & Education,7.016666666666667
7438,39,tudelft.nl,Science & Education,8.233333333333333
7439,40,ugent.be,Science & Education,8.233333333333333
7440,41,taylorfrancis.com,Science & Education,1.85
7441,42,unitconverters.net,Science & Education,0.8833333333333333
7442,43,eduid.ch,Science & Education,1.6333333333333333
7443,44,muni.cz,Science & Education,6.933333333333334
7444,45,scientificamerican.com,Science & Education,1.0333333333333334
7445,46,alldatasheet.com,Science & Education,2.6833333333333336
7447,48,bg.ac.rs,Science & Education,1.5833333333333335
7448,49,pku.edu.cn,Science & Education,5.1
7449,50,researchmap.jp,Science & Education,2.783333333333333
7450,1,elsevier.com,Science & Education,3.6
7451,2,naurok.com.ua,Science & Education,5.116666666666666
7452,3,nz.ua,Science & Education,7.85
7453,4,jstor.org,Science & Education,4.0
7454,5,ksu.edu.sa,Science & Education,2.25
7455,6,sagepub.com,Science & Education,2.95
7456,7,apa.org,Science & Education,2.5666666666666664
7457,8,vseosvita.ua,Science & Education,4.2
7458,9,smhi.se,Science & Education,1.3333333333333333
7459,10,1lib.sk,Science & Education,7.866666666666667
7460,11,mrkoll.se,Science & Education,2.0
7461,12,timeedit.net,Science & Education,4.633333333333333
7462,13,cloud.timeedit.net,Science & Education,4.75
7463,14,geo.de,Science & Education,1.0333333333333334
7464,15,italki.com,Science & Education,5.316666666666666
7465,16,cairn.info,Science & Education,3.3166666666666664
7466,17,duunitori.fi,Science & Education,3.5666666666666664
7467,18,human.ua,Science & Education,9.083333333333334
7470,21,shkola.in.ua,Science & Education,2.183333333333333
7471,22,gramota.ru,Science & Education,2.4166666666666665
7472,23,weforum.org,Science & Education,1.3666666666666667
7473,24,uw.edu.pl,Science & Education,4.033333333333333
7474,25,pidruchnyk.com.ua,Science & Education,4.133333333333334
7475,26,fastighetsbyran.com,Science & Education,3.3333333333333335
7476,27,stockholm.se,Science & Education,4.5
7478,29,merinfo.se,Science & Education,3.216666666666667
7480,31,finna.fi,Science & Education,3.033333333333333
7481,32,textometr.ru,Science & Education,2.45
7482,33,psytests.org,Science & Education,5.016666666666667
7483,34,elte.hu,Science & Education,5.466666666666667
7484,35,trafikverket.se,Science & Education,4.933333333333334
7485,36,schoolsoft.se,Science & Education,4.033333333333333
7487,38,helsinki.fi,Science & Education,5.716666666666667
7488,39,unicaen.fr,Science & Education,6.366666666666666
7489,40,8next.com,Science & Education,3.4333333333333336
7490,41,foreignaffairs.com,Science & Education,1.75
7491,42,korean.go.kr,Science & Education,5.2
7492,43,goteborg.se,Science & Education,2.7666666666666666
7493,44,bremen.de,Science & Education,3.716666666666667
7494,45,nationalgeographic.fr,Science & Education,0.8666666666666667
7495,46,ourworldindata.org,Science & Education,2.2666666666666666
7496,47,tabroom.com,Science & Education,11.833333333333334
7497,48,routledge.com,Science & Education,1.2166666666666668
7498,49,ine.es,Science & Education,3.0166666666666666
7499,50,persee.fr,Science & Education,1.6333333333333333
7600,1,nfl.com,News & Sport,2.3666666666666667
7601,2,rugbyrama.fr,News & Sport,2.7
7602,3,atozsports.com,News & Sport,0.9833333333333333
7603,4,newsnationnow.com,News & Sport,1.6333333333333333
7604,5,pro-football-reference.com,News & Sport,3.9166666666666665
7605,6,afl.com.au,News & Sport,3.783333333333333
7606,7,nrl.com,News & Sport,3.5833333333333335
7607,8,philadelphiaeagles.com,News & Sport,2.0
7608,9,profootballnetwork.com,News & Sport,1.8
7610,11,globle-game.com,News & Sport,2.283333333333333
7611,12,elevenwarriors.com,News & Sport,7.7
7612,13,bleedinggreennation.com,News & Sport,3.3333333333333335
7613,14,steelersdepot.com,News & Sport,3.283333333333333
7614,15,footballscoop.com,News & Sport,5.016666666666667
7616,17,football.com,News & Sport,14.25
7617,18,profootballrumors.com,News & Sport,3.7666666666666666
7618,19,sportsmockery.com,News & Sport,1.6333333333333333
7619,20,prideofdetroit.com,News & Sport,3.2
7620,21,texags.com,News & Sport,10.35
7621,22,cougarboard.com,News & Sport,12.35
7622,23,arrowheadpride.com,News & Sport,2.7666666666666666
7623,24,shawlocal.com,News & Sport,2.466666666666667
7624,25,bigfooty.com,News & Sport,13.083333333333334
7625,26,fieldgulls.com,News & Sport,4.616666666666667
7626,27,league-one.jp,News & Sport,5.2
7627,28,theplayoffs.news,News & Sport,1.15
7628,29,nfltraderumors.co,News & Sport,2.9166666666666665
7629,30,nbcsportsphiladelphia.com,News & Sport,1.7666666666666666
7630,31,mut.gg,News & Sport,5.483333333333333
7631,32,bloggingtheboys.com,News & Sport,3.6833333333333336
7632,33,chiefs.com,News & Sport,1.1666666666666667
7633,34,sspx.tech,News & Sport,35.11666666666667
7634,35,49erswebzone.com,News & Sport,2.3333333333333335
7635,36,ninersnation.com,News & Sport,2.6
7636,37,sen.com.au,News & Sport,2.066666666666667
7638,39,tigernet.com,News & Sport,8.583333333333334
7639,40,nfldraftbuzz.com,News & Sport,5.816666666666666
7640,41,nflmockdraftdatabase.com,News & Sport,4.5
7641,42,fbschedules.com,News & Sport,1.8
7642,43,dallascowboys.com,News & Sport,1.9833333333333334
7643,44,nfljapan.com,News & Sport,2.7
7644,45,searchthatweb.com,News & Sport,0.7666666666666667
7645,46,overthecap.com,News & Sport,3.2
7646,47,bigblueview.com,News & Sport,3.533333333333333
7647,48,empiresportsmedia.com,News & Sport,1.25
7648,49,onrugby.it,News & Sport,2.65
7649,50,tarheeltimes.com,News & Sport,2.9166666666666665
7650,1,hochi.news,News & Sport,0.8666666666666667
7651,2,mlb.com,News & Sport,5.666666666666667
7652,3,mlbtraderumors.com,News & Sport,4.416666666666667
7653,4,nanjpride.blog.jp,News & Sport,3.05
7654,5,baseball-reference.com,News & Sport,4.666666666666667
7656,7,lions-matome.com,News & Sport,5.583333333333333
7657,8,livejupiter2.blog.jp,News & Sport,2.65
7658,9,hanshintigers.jp,News & Sport,4.066666666666666
7659,10,npb.jp,News & Sport,1.3833333333333333
7660,11,fangraphs.com,News & Sport,5.333333333333333
7661,12,immaculategrid.com,News & Sport,5.483333333333333
7662,13,baseball-mag.net,News & Sport,4.466666666666667
7663,14,bleachernation.com,News & Sport,2.3
7665,16,mlbshop.com,News & Sport,2.966666666666667
7666,17,milb.com,News & Sport,2.6666666666666665
7667,18,yakult-swallows.co.jp,News & Sport,3.6333333333333333
7668,19,pilio.idv.tw,News & Sport,2.183333333333333
7669,20,sports.ettoday.net,News & Sport,1.65
7671,22,fighters.co.jp,News & Sport,3.55
7672,23,baystars.co.jp,News & Sport,4.666666666666667
7673,24,topps.com,News & Sport,2.3666666666666667
7674,25,softbankhawks.co.jp,News & Sport,4.8
7675,26,perfectgame.org,News & Sport,3.6833333333333336
7676,27,sportsv.net,News & Sport,3.3833333333333333
7677,28,bluejaysinsider.com,News & Sport,1.4
7678,29,fighters-kingdom.blog.jp,News & Sport,1.8833333333333333
7679,30,tsubamesoku.blog.jp,News & Sport,3.1333333333333333
7681,32,amazinavenue.com,News & Sport,7.066666666666666
7683,34,sny.tv,News & Sport,1.85
7684,35,baseballchannel.jp,News & Sport,1.3166666666666667
7685,36,buffaloes.co.jp,News & Sport,2.8166666666666664
7686,37,marines.co.jp,News & Sport,3.3333333333333335
7687,38,albat.com,News & Sport,1.05
7688,39,dodgersnation.com,News & Sport,1.2666666666666666
7689,40,dragons.jp,News & Sport,2.7333333333333334
7691,42,d1baseball.com,News & Sport,7.616666666666667
7692,43,doshinsports.com,News & Sport,2.05
7693,44,yanksgoyard.com,News & Sport,0.8
7694,45,rakuteneagles.jp,News & Sport,2.9
7695,46,baseballamerica.com,News & Sport,1.6166666666666667
7697,48,gc.com,News & Sport,3.716666666666667
7698,49,spocale.com,News & Sport,0.95
7699,50,batterypower.com,News & Sport,4.65
7700,1,nba.com,News & Sport,2.8833333333333333
7701,2,basketball-reference.com,News & Sport,3.8833333333333333
7702,3,hoopshype.com,News & Sport,1.6833333333333333
7703,4,titan007.com,News & Sport,18.666666666666668
7704,5,basketusa.com,News & Sport,3.1
7706,7,basketballnetwork.net,News & Sport,1.0333333333333334
7708,9,espn.com.au,News & Sport,6.2
7710,11,krepsinis.net,News & Sport,4.833333333333333
7711,12,espn.ph,News & Sport,6.05
7713,14,acb.com,News & Sport,3.2333333333333334
7714,15,sportando.basketball,News & Sport,3.8166666666666664
7715,16,euroleaguebasketball.net,News & Sport,1.8
7716,17,nbaanalysis.net,News & Sport,0.9166666666666666
7717,18,basketnews.lt,News & Sport,3.8166666666666664
7718,19,trashtalk.co,News & Sport,1.8166666666666667
7719,20,hoopsrumors.com,News & Sport,2.2666666666666666
7720,21,tankathon.com,News & Sport,1.8666666666666667
7721,22,playhq.com,News & Sport,4.333333333333333
7723,24,nbcsportsbayarea.com,News & Sport,0.8833333333333333
7724,25,eurohoops.net,News & Sport,1.3666666666666667
7725,26,nbabite.com,News & Sport,3.15
7726,27,bleague.jp,News & Sport,4.7
7727,28,epe.es,News & Sport,1.0166666666666666
7728,29,parlons-basket.com,News & Sport,0.6833333333333333
7729,30,mirror1.live,News & Sport,6.933333333333334
7730,31,fbref.com,News & Sport,2.6
7731,32,bvmsports.com,News & Sport,0.7666666666666667
7732,33,basketfaul.com.tr,News & Sport,2.4166666666666665
7733,34,sports.sina.cn,News & Sport,4.05
7734,35,gigantes.com,News & Sport,0.26666666666666666
7735,36,encestando.es,News & Sport,1.9833333333333334
7736,37,lakersnation.com,News & Sport,1.05
7737,38,pianetabasket.com,News & Sport,2.3
7738,39,silverscreenandroll.com,News & Sport,2.1166666666666667
7739,40,88kanqiu.me,News & Sport,3.8666666666666667
7740,41,rnbastreams.com,News & Sport,3.533333333333333
7741,42,basketballking.jp,News & Sport,1.1
7742,43,probasket.pl,News & Sport,1.1666666666666667
7743,44,basketball-video.com,News & Sport,4.25
7744,45,nbamaniacs.com,News & Sport,2.3
7745,46,lakersbrasil.com,News & Sport,0.21666666666666667
7746,47,thesmokingcuban.com,News & Sport,0.8833333333333333
7747,48,buffstream.io,News & Sport,3.5833333333333335
7748,49,basketnews.com,News & Sport,2.1666666666666665
7749,50,pickandroll.gr,News & Sport,1.75
7750,1,boxrec.com,News & Sport,3.1166666666666667
7751,2,secondsout.com,News & Sport,0.75
7752,3,boxingscene.com,News & Sport,1.95
7753,4,boxingnews24.com,News & Sport,1.6333333333333333
7754,5,allboxing.ru,News & Sport,1.8333333333333335
7755,6,vringe.com,News & Sport,2.3666666666666667
7757,8,box.live,News & Sport,1.25
7758,9,ringmagazine.com,News & Sport,1.6166666666666667
7759,10,box-core.net,News & Sport,9.75
7760,11,badlefthook.com,News & Sport,2.1
7761,12,bokser.org,News & Sport,2.65
7762,13,fullfightreplays.com,News & Sport,1.7
7763,14,mmastreams.me,News & Sport,4.85
7764,15,boxmob.jp,News & Sport,1.4333333333333333
7765,16,boxing247.com,News & Sport,0.7833333333333333
7766,17,ringpolska.pl,News & Sport,1.1
7767,18,boxingforum24.com,News & Sport,4.816666666666666
7768,19,kbid.co.kr,News & Sport,14.4
7769,20,boxraw.com,News & Sport,2.1333333333333333
7770,21,premierboxingchampions.com,News & Sport,0.6
7771,22,titleboxing.com,News & Sport,2.1333333333333333
7772,23,fightnews.com,News & Sport,1.3166666666666667
7773,24,boxen1.com,News & Sport,0.75
7774,25,boxingnewsonline.net,News & Sport,0.75
7775,26,izquierdazo.com,News & Sport,0.95
7776,27,boxing-master.com,News & Sport,1.2833333333333332
7777,28,boxing.jp,News & Sport,3.716666666666667
7778,29,boxingstream.me,News & Sport,3.4166666666666665
7779,30,hayabusafight.com,News & Sport,1.1333333333333333
7780,31,ringside24.com,News & Sport,1.6333333333333333
7781,32,othboxing.com,News & Sport,8.083333333333334
7782,33,boxingnews.jp,News & Sport,1.1
7783,34,champinon.info,News & Sport,0.4666666666666667
7784,35,leone1947.com,News & Sport,1.9333333333333333
7785,36,wbaboxing.com,News & Sport,1.0
7786,37,fightmag.com,News & Sport,0.6166666666666667
7787,38,bigfightweekend.com,News & Sport,0.6166666666666667
7788,39,rdxsports.com,News & Sport,0.7
7789,40,wbcboxing.com,News & Sport,0.5833333333333334
7790,41,fightnews.info,News & Sport,1.2666666666666666
7791,42,soloboxeo.com,News & Sport,1.1
7792,43,made4fighters.com,News & Sport,0.6833333333333333
7793,44,worldboxingnews.net,News & Sport,0.38333333333333336
7794,45,titleboxingclub.com,News & Sport,0.8666666666666667
7795,46,profiboksz.hu,News & Sport,1.55
7796,47,versusbox.ru,News & Sport,3.85
7797,48,karate.ru,News & Sport,0.8166666666666667
7798,49,keviniole.com,News & Sport,2.966666666666667
7799,50,ppv.com,News & Sport,0.8666666666666667
7800,1,ukclimbing.com,News & Sport,5.633333333333333
7801,2,gazzettadimodena.it,News & Sport,1.3
7802,3,mountainproject.com,News & Sport,3.7333333333333334
7803,4,loto.lt,News & Sport,4.733333333333333
7804,5,mountain-forecast.com,News & Sport,1.4
7805,6,rockgympro.com,News & Sport,3.066666666666667
7806,7,skitour.fr,News & Sport,2.75
7807,8,camptocamp.org,News & Sport,4.066666666666666
7808,9,thecrag.com,News & Sport,3.4166666666666665
7809,10,climbing.com,News & Sport,1.3166666666666667
7810,11,explorersweb.com,News & Sport,1.1333333333333333
7811,12,spotwx.com,News & Sport,2.4
7812,13,asiago.it,News & Sport,2.3833333333333333
7813,14,grinnellplans.com,News & Sport,13.15
7814,15,goodtrekking.it,News & Sport,0.1
7815,16,petzl.com,News & Sport,2.05
7816,17,gripped.com,News & Sport,1.5166666666666666
7817,18,sherpa-gate.com,News & Sport,5.2
7818,19,sac-cas.ch,News & Sport,2.8666666666666667
7819,20,8a.nu,News & Sport,3.3333333333333335
7820,21,livemomentous.com,News & Sport,2.066666666666667
7821,22,ortovox.com,News & Sport,2.4833333333333334
7822,23,lacrux.com,News & Sport,1.9166666666666665
7824,25,desnivel.com,News & Sport,0.7166666666666667
7825,26,alpin.de,News & Sport,0.9333333333333333
7826,27,skitourenguru.ch,News & Sport,5.783333333333333
7827,28,outdoorprolink.com,News & Sport,4.466666666666667
7828,29,summitpost.org,News & Sport,1.7
7829,30,montagna.tv,News & Sport,0.7833333333333333
7830,31,hikr.org,News & Sport,1.9666666666666668
7831,32,gipfelbuch.ch,News & Sport,3.0166666666666666
7832,33,bergsteigen.com,News & Sport,2.1166666666666667
7833,34,whiterisk.ch,News & Sport,2.6166666666666667
7834,35,boulderingproject.com,News & Sport,2.85
7835,36,rungne.com,News & Sport,1.1166666666666667
7836,37,vertical-life.info,News & Sport,1.5666666666666667
7837,38,avalanche.ca,News & Sport,2.466666666666667
7838,39,ukbouldering.com,News & Sport,8.833333333333334
7839,40,planetgrimpe.com,News & Sport,1.15
7840,41,approach.app,News & Sport,4.3
7841,42,planetmountain.com,News & Sport,1.6833333333333333
7842,43,ukhillwalking.com,News & Sport,1.8333333333333335
7843,44,touchstoneclimbing.com,News & Sport,2.05
7844,45,ffcam.fr,News & Sport,3.2666666666666666
7845,46,peakvisor.com,News & Sport,0.95
7846,47,nwac.us,News & Sport,2.4833333333333334
7847,48,grimper.com,News & Sport,1.45
7848,49,27crags.com,News & Sport,2.1
7849,50,bananafingers.co.uk,News & Sport,2.6
7850,1,procyclingstats.com,News & Sport,7.833333333333333
7851,2,komoot.com,News & Sport,4.783333333333333
7852,3,wielerflits.nl,News & Sport,3.9833333333333334
7853,4,pinkbike.com,News & Sport,3.6333333333333333
7854,5,canyon.com,News & Sport,4.05
7855,6,adnx.de,News & Sport,2.15
7856,7,trekbikes.com,News & Sport,3.3833333333333333
7857,8,cyclingnews.com,News & Sport,2.283333333333333
7858,9,specialized.com,News & Sport,3.5166666666666666
7859,10,road.cc,News & Sport,1.6833333333333333
7860,11,bikeradar.com,News & Sport,1.3
7861,12,cyclingweekly.com,News & Sport,1.15
7862,13,indeleiderstrui.nl,News & Sport,2.3
7863,14,buycycle.com,News & Sport,5.033333333333333
7864,15,mtb-news.de,News & Sport,4.25
7865,16,cyclinguptodate.com,News & Sport,2.4333333333333336
7866,17,ysroad.co.jp,News & Sport,3.2
7867,18,feltet.dk,News & Sport,3.45
7868,19,giant-bicycles.com,News & Sport,3.45
7869,20,directvelo.com,News & Sport,3.3833333333333333
7870,21,cyclismactu.net,News & Sport,2.6333333333333333
7871,22,wielerkrant.be,News & Sport,0.65
7872,23,99bikes.com.au,News & Sport,3.7666666666666666
7873,24,ridewithgps.com,News & Sport,4.616666666666667
7874,25,bikepacking.com,News & Sport,2.95
7875,26,cube.eu,News & Sport,3.533333333333333
7877,28,rennrad-news.de,News & Sport,5.133333333333334
7878,29,bikeforums.net,News & Sport,2.066666666666667
7879,30,radsport-news.com,News & Sport,3.55
7880,31,baseballholics.net,News & Sport,0.95
7881,32,tuttobiciweb.it,News & Sport,2.716666666666667
7882,33,bicycling.com,News & Sport,1.1
7883,34,lectricebikes.com,News & Sport,2.2333333333333334
7884,35,scott-sports.com,News & Sport,3.5666666666666664
7885,36,mtbiker.sk,News & Sport,9.9
7887,38,trailforks.com,News & Sport,2.9
7888,39,singletrackworld.com,News & Sport,2.0
7889,40,wielernieuws.be,News & Sport,1.2833333333333332
7890,41,jensonusa.com,News & Sport,2.783333333333333
7891,42,cannondale.com,News & Sport,2.466666666666667
7892,43,wielerrevue.nl,News & Sport,1.7333333333333334
7893,44,bikerumor.com,News & Sport,1.1166666666666667
7894,45,idlprocycling.com,News & Sport,2.033333333333333
7895,46,funq.jp,News & Sport,1.2666666666666666
7897,48,segway.com,News & Sport,1.6833333333333333
7898,49,relive.cc,News & Sport,0.7666666666666667
7899,50,esciclismo.com,News & Sport,1.1166666666666667
7900,1,redbull.com,News & Sport,1.7
7901,2,ufanews.com,News & Sport,1.4
7902,3,techexpertsguide.com,News & Sport,2.1666666666666665
7903,4,spard.dk,News & Sport,5.466666666666667
7904,5,warball.ru,News & Sport,0.7333333333333333
7905,6,xcontest.org,News & Sport,2.55
7906,7,220triathlon.com,News & Sport,1.0333333333333334
7907,8,redbullshopus.com,News & Sport,1.2666666666666666
7908,9,fms.tv,News & Sport,1.8333333333333335
7909,10,holfuy.com,News & Sport,1.2
7910,11,outside.fr,News & Sport,0.4666666666666667
7911,12,paraglidingforum.com,News & Sport,3.4
7912,13,win.gs,News & Sport,0.26666666666666666
7913,14,ifsc-climbing.org,News & Sport,1.25
7914,15,burnair.cloud,News & Sport,5.583333333333333
7915,16,civlcomps.org,News & Sport,5.85
7916,17,redbull.sharepoint.com,News & Sport,4.033333333333333
7917,18,iflyworld.co.uk,News & Sport,3.95
7918,19,atlantamotorspeedway.com,News & Sport,1.65
7919,20,fai.org,News & Sport,2.3833333333333333
7920,21,burblesoft.com,News & Sport,1.7166666666666668
7921,22,flybubble.com,News & Sport,1.25
7922,23,kairn.com,News & Sport,0.21666666666666667
7923,24,shokz.com.au,News & Sport,2.4166666666666665
7924,25,xcmag.com,News & Sport,1.0166666666666666
7925,26,flyspot.com,News & Sport,1.6333333333333333
7926,27,skydivedubai.ae,News & Sport,0.85
7927,28,adrenalinicsilence.kz,News & Sport,1.7666666666666666
7928,29,meteo-parapente.com,News & Sport,2.1333333333333333
7929,30,flyozone.com,News & Sport,1.7166666666666668
7930,31,xcskies.com,News & Sport,4.2
7931,32,4camping.com.ua,News & Sport,5.433333333333334
7932,33,alphatauri.com,News & Sport,0.65
7933,34,ffvl.fr,News & Sport,2.033333333333333
7934,35,mpora.com,News & Sport,0.48333333333333334
7935,36,f1aldia.com,News & Sport,1.4333333333333333
7936,37,xcglobe.com,News & Sport,9.033333333333333
7937,38,mcla.us,News & Sport,2.8666666666666667
7938,39,lu-glidz.blogspot.com,News & Sport,0.8666666666666667
7939,40,bilet.bg,News & Sport,0.75
7940,41,territoriapoleta.ru,News & Sport,2.5166666666666666
7942,43,redbull-my.sharepoint.com,News & Sport,3.7
7943,44,redbullcontentpool.com,News & Sport,4.95
7944,45,basecamp-shop.com,News & Sport,1.2833333333333332
7945,46,morestuff.ru,News & Sport,0.15
7946,47,campingrocks.bg,News & Sport,13.566666666666666
7947,48,uspa.org,News & Sport,1.4666666666666668
7948,49,360mag.bg,News & Sport,0.5166666666666667
7949,50,skivitosha.com,News & Sport,1.4333333333333333
7950,1,cricbuzz.com,News & Sport,7.566666666666666
7951,2,fantacalcio.it,News & Sport,4.75
7952,3,thesportstak.com,News & Sport,1.3666666666666667
7953,4,8ballpool.com,News & Sport,1.5666666666666667
7955,6,realgm.com,News & Sport,4.983333333333333
7957,8,statmuse.com,News & Sport,2.3
7958,9,rotowire.com,News & Sport,3.9833333333333334
7961,12,fancode.com,News & Sport,2.1333333333333333
7962,13,prizepicks.com,News & Sport,9.2
7963,14,futbolfantasy.com,News & Sport,4.983333333333333
7964,15,7xtream.com,News & Sport,5.533333333333333
7965,16,pff.com,News & Sport,3.6666666666666665
7966,17,cricket.one,News & Sport,1.5666666666666667
7967,18,sosfanta.com,News & Sport,5.133333333333334
7968,19,cricheroes.com,News & Sport,6.3
7969,20,livefpl.net,News & Sport,6.8
7971,22,fantrax.com,News & Sport,11.183333333333334
7972,23,actionnetwork.com,News & Sport,2.066666666666667
7973,24,fantasypros.com,News & Sport,2.8166666666666664
7974,25,cricketaddictor.com,News & Sport,0.7833333333333333
7975,26,uniladtech.com,News & Sport,1.2333333333333334
7976,27,bookiemarket.com,News & Sport,19.383333333333333
7977,28,hockey-reference.com,News & Sport,3.9
7978,29,wplt20.com,News & Sport,4.516666666666667
7979,30,fantamaster.it,News & Sport,2.35
7980,31,supercoach.com.au,News & Sport,10.85
7982,33,fantasyfootballscout.co.uk,News & Sport,3.6333333333333333
7983,34,underdogfantasy.com,News & Sport,7.516666666666667
7984,35,comuniate.com,News & Sport,5.15
7985,36,stathead.com,News & Sport,1.45
7986,37,basketballmonster.com,News & Sport,8.85
7987,38,bettingpros.com,News & Sport,4.266666666666667
7988,39,khelnow.com,News & Sport,1.3166666666666667
7989,40,sleeper.com,News & Sport,5.0
7990,41,cricxtasy.com,News & Sport,1.6166666666666667
7991,42,fantasyfootballhub.co.uk,News & Sport,3.4
7992,43,fplgameweek.com,News & Sport,6.7
7993,44,130point.com,News & Sport,1.9166666666666665
7994,45,analiticafantasy.com,News & Sport,2.6666666666666665
7995,46,reddybook.club,News & Sport,32.266666666666666
7996,47,jefebet.com,News & Sport,3.4
7997,48,hashtagbasketball.com,News & Sport,1.4833333333333334
7998,49,crichype.fun,News & Sport,11.716666666666667
7999,50,myfantasyleague.com,News & Sport,6.9
8000,1,arkm.com,News & Sport,4.25
8001,2,tsurihack.com,News & Sport,3.05
8002,3,anglers.jp,News & Sport,2.716666666666667
8003,4,chassepassion.net,News & Sport,0.21666666666666667
8005,6,luremaga.jp,News & Sport,1.0666666666666667
8006,7,izuchai.dance,News & Sport,1.25
8007,8,majorleaguefishing.com,News & Sport,2.4
8008,9,fishingbooker.com,News & Sport,2.1333333333333333
8009,10,tides4fishing.com,News & Sport,1.45
8010,11,tsurinews.jp,News & Sport,1.8833333333333333
8011,12,umikaisei.jp,News & Sport,1.2666666666666666
8012,13,chowari.jp,News & Sport,1.5666666666666667
8014,15,bassmaster.com,News & Sport,3.15
8015,16,surf-life.blue,News & Sport,0.43333333333333335
8016,17,fisher.spb.ru,News & Sport,1.9333333333333333
8017,18,bassresource.com,News & Sport,2.8166666666666664
8018,19,advnture.com,News & Sport,1.2833333333333332
8019,20,stripersonline.com,News & Sport,5.183333333333334
8020,21,fishingmax.co.jp,News & Sport,2.0
8021,22,fishusa.com,News & Sport,2.2
8022,23,tsuritenki.jp,News & Sport,0.7666666666666667
8023,24,castingnet.jp,News & Sport,1.7833333333333332
8024,25,fishing-v.jp,News & Sport,1.0333333333333334
8025,26,wired2fish.com,News & Sport,0.9
8026,27,want-s0me-push.com,News & Sport,1.9166666666666665
8027,28,marine-deals.co.nz,News & Sport,4.016666666666667
8028,29,point-i.jp,News & Sport,2.066666666666667
8029,30,ourboard.org,News & Sport,1.5833333333333335
8031,32,fishbrain.com,News & Sport,1.4
8033,34,fishing.net.nz,News & Sport,1.3666666666666667
8034,35,theflyfishingforum.com,News & Sport,2.9833333333333334
8035,36,yokohama-fishingpiers.jp,News & Sport,2.033333333333333
8036,37,pacificpeche.com,News & Sport,4.2
8038,39,saltstrong.com,News & Sport,3.9
8039,40,anglingtimes.co.uk,News & Sport,0.9
8040,41,huntingandfishing.co.nz,News & Sport,3.1166666666666667
8043,44,orybe.com,News & Sport,1.0
8044,45,fusil-calais.com,News & Sport,1.4666666666666668
8045,46,donfisher.ru,News & Sport,2.1166666666666667
8046,47,shop.ishiguro-gr.com,News & Sport,3.6166666666666667
8047,48,talex.co.jp,News & Sport,3.066666666666667
8048,49,fishingreminder.com,News & Sport,1.0333333333333334
8049,50,siamfishing.com,News & Sport,3.85
8050,1,pgatour.com,News & Sport,5.1
8051,2,xzqpz.com,News & Sport,0.26666666666666666
8052,3,golfdigest.co.jp,News & Sport,4.083333333333333
8053,4,alba.co.jp,News & Sport,2.6833333333333336
8054,5,golf.com,News & Sport,1.2833333333333332
8055,6,golfdigest.com,News & Sport,1.4166666666666667
8056,7,mizuno.com,News & Sport,2.45
8057,8,golfwrx.com,News & Sport,3.5666666666666664
8058,9,golfmonthly.com,News & Sport,2.4333333333333336
8059,10,europeantour.com,News & Sport,3.216666666666667
8060,11,thegolfinggazette.com,News & Sport,1.6333333333333333
8061,12,topgolf.com,News & Sport,2.5833333333333335
8062,13,lpga.com,News & Sport,3.283333333333333
8063,14,mygolfspy.com,News & Sport,1.7
8064,15,foreupsoftware.com,News & Sport,8.6
8065,16,egolf.jp,News & Sport,1.8166666666666667
8066,17,descente.co.jp,News & Sport,1.5666666666666667
8068,19,golfgenius.com,News & Sport,5.466666666666667
8070,21,golfzon.com,News & Sport,4.866666666666667
8071,22,golfnow.com,News & Sport,4.45
8073,24,taylormadegolf.com,News & Sport,2.3833333333333333
8074,25,pgatoursuperstore.com,News & Sport,3.6333333333333333
8075,26,ezlinksgolf.com,News & Sport,6.033333333333333
8076,27,callawaygolf.com,News & Sport,2.0833333333333335
8077,28,lpga.or.jp,News & Sport,3.7333333333333334
8078,29,golfpartner.jp,News & Sport,6.116666666666666
8079,30,livgolf.com,News & Sport,3.45
8080,31,golftown.com,News & Sport,3.3166666666666664
8082,33,goetheweb.jp,News & Sport,0.85
8083,34,brsgolf.com,News & Sport,6.083333333333333
8084,35,miclub.com.au,News & Sport,4.733333333333333
8086,37,2ndswing.com,News & Sport,4.066666666666666
8087,38,golfpass.com,News & Sport,1.8
8089,40,mycaddie.jp,News & Sport,2.2
8090,41,americangolf.co.uk,News & Sport,3.533333333333333
8092,43,bluegolf.com,News & Sport,3.85
8093,44,callawaygolfpreowned.com,News & Sport,3.7333333333333334
8094,45,titleist.com,News & Sport,3.0
8095,46,globalgolf.com,News & Sport,3.1
8096,47,todays-golfer.com,News & Sport,0.9833333333333333
8097,48,thehackersparadise.com,News & Sport,2.9166666666666665
8098,49,taylormadegolf.jp,News & Sport,1.8166666666666667
8099,50,golfmagic.com,News & Sport,0.8333333333333334
8100,1,gunbroker.com,News & Sport,7.083333333333333
8101,2,palmettostatearmory.com,News & Sport,4.983333333333333
8102,3,sportsmans.com,News & Sport,3.9833333333333334
8104,5,sectordetiro.com,News & Sport,1.9833333333333334
8105,6,midwayusa.com,News & Sport,4.333333333333333
8106,7,guns.com,News & Sport,3.033333333333333
8107,8,ar15.com,News & Sport,11.966666666666667
8108,9,gun.deals,News & Sport,4.083333333333333
8109,10,bladehq.com,News & Sport,3.8
8110,11,primaryarms.com,News & Sport,4.316666666666666
8111,12,sigsauer.com,News & Sport,2.7
8112,13,brownells.com,News & Sport,3.183333333333333
8113,14,usconcealedcarry.com,News & Sport,2.1166666666666667
8114,15,pewpewtactical.com,News & Sport,2.283333333333333
8115,16,smith-wesson.com,News & Sport,2.8166666666666664
8117,18,511tactical.com,News & Sport,2.8833333333333333
8119,20,ammoseek.com,News & Sport,3.6833333333333336
8120,21,ruger.com,News & Sport,2.7666666666666666
8121,22,evike.com,News & Sport,4.9
8122,23,springfield-armory.com,News & Sport,2.4333333333333336
8123,24,glock.com,News & Sport,1.4666666666666668
8125,26,deltadefense.com,News & Sport,0.9333333333333333
8126,27,gunpost.ca,News & Sport,6.883333333333333
8127,28,knifecenter.com,News & Sport,2.5833333333333335
8128,29,wethepeopleholsters.com,News & Sport,2.15
8129,30,silencershop.com,News & Sport,4.183333333333334
8130,31,rkguns.com,News & Sport,4.183333333333334
8131,32,snipershide.com,News & Sport,2.1
8132,33,eurooptic.com,News & Sport,1.8333333333333335
8133,34,gunsinternational.com,News & Sport,2.8833333333333333
8134,35,thefirearmblog.com,News & Sport,1.55
8135,36,magpul.com,News & Sport,2.066666666666667
8138,39,csa.co.cz,News & Sport,0.06666666666666667
8140,41,bladeforums.com,News & Sport,1.8833333333333333
8141,42,shop.opticsplanet.com,News & Sport,1.15
8142,43,ar15discounts.com,News & Sport,2.9833333333333334
8143,44,beretta.com,News & Sport,2.7
8144,45,atf.gov,News & Sport,2.216666666666667
8145,46,practiscore.com,News & Sport,4.066666666666666
8146,47,tacswap.com,News & Sport,5.45
8147,48,dixxon.com,News & Sport,1.4833333333333334
8149,50,olightstore.com,News & Sport,2.183333333333333
8150,1,ufc.com,News & Sport,1.75
8151,2,mmafighting.com,News & Sport,1.65
8152,3,bloodyelbow.com,News & Sport,1.25
8154,5,tapology.com,News & Sport,3.3166666666666664
8155,6,sherdog.com,News & Sport,4.066666666666666
8156,7,mmamania.com,News & Sport,1.8166666666666667
8157,8,smoothcomp.com,News & Sport,4.35
8158,9,techfunlife.com,News & Sport,5.266666666666667
8159,10,visualnewshub.com,News & Sport,7.116666666666666
8160,11,ufcstats.com,News & Sport,1.8
8161,12,watchwrestling.ec,News & Sport,2.95
8162,13,sumo.or.jp,News & Sport,2.6833333333333336
8163,14,watchmmafull.com,News & Sport,9.066666666666666
8164,15,ufcfightpass.com,News & Sport,2.55
8165,16,fighttime.ru,News & Sport,3.183333333333333
8166,17,ufcespanol.com,News & Sport,2.3333333333333335
8167,18,streamstv.org,News & Sport,0.6333333333333333
8168,19,methstreams.com,News & Sport,0.38333333333333336
8169,20,kaocko.cz,News & Sport,1.6833333333333333
8170,21,valetudo.ru,News & Sport,3.35
8171,22,top-fight.cz,News & Sport,1.0666666666666667
8172,23,spotvnow.co.kr,News & Sport,3.8
8174,25,watchprowrestlings.org,News & Sport,2.5666666666666664
8175,26,mmarocks.pl,News & Sport,2.1333333333333333
8176,27,bjpenn.com,News & Sport,1.15
8177,28,fightsite.hr,News & Sport,1.6666666666666665
8178,29,onefc.com,News & Sport,1.45
8179,30,tvstream.live,News & Sport,1.3333333333333333
8180,31,sportrelate.com,News & Sport,2.8333333333333335
8181,32,ufc.ru,News & Sport,1.6833333333333333
8182,33,mma-core.com,News & Sport,3.8166666666666664
8183,34,kora999.com,News & Sport,3.2333333333333334
8184,35,bjjfanatics.com,News & Sport,2.85
8185,36,venum.com,News & Sport,2.5166666666666666
8186,37,cloudsportek.com,News & Sport,0.75
8188,39,ufc.com.br,News & Sport,1.5166666666666666
8189,40,actumma.com,News & Sport,1.55
8190,41,mmashorties.cz,News & Sport,2.65
8191,42,papahd.info,News & Sport,2.0166666666666666
8192,43,footybite.store,News & Sport,1.2166666666666668
8193,44,technicalgaurav.com,News & Sport,4.516666666666667
8195,46,spotv.net,News & Sport,1.7833333333333332
8196,47,karate.com,News & Sport,1.0333333333333334
8198,49,vechtsportinfo.nl,News & Sport,1.4833333333333334
8199,50,srrb.ru,News & Sport,2.05
8200,1,sixnationsrugby.com,News & Sport,2.9166666666666665
8201,2,blog-rct.com,News & Sport,3.4
8202,3,planetrugby.com,News & Sport,1.4166666666666667
8203,4,ruck.co.uk,News & Sport,1.2333333333333334
8204,5,rugbypass.com,News & Sport,1.1666666666666667
8205,6,ffr.fr,News & Sport,3.2666666666666666
8206,7,rugby365.com,News & Sport,1.15
8207,8,sarugbymag.co.za,News & Sport,0.8666666666666667
8208,9,quinzemondial.com,News & Sport,0.3
8210,11,lerugbynistere.fr,News & Sport,1.1333333333333333
8211,12,zerotackle.com,News & Sport,3.5666666666666664
8212,13,allrugby.com,News & Sport,2.5666666666666664
8213,14,dicodusport.fr,News & Sport,5.216666666666667
8214,15,rugby-rp.com,News & Sport,2.2666666666666666
8215,16,englandrugby.com,News & Sport,3.4166666666666665
8216,17,svns.com,News & Sport,3.5166666666666666
8217,18,rugby.com.au,News & Sport,2.05
8218,19,liverugby.fr,News & Sport,2.3166666666666664
8219,20,lnr.fr,News & Sport,1.4166666666666667
8220,21,six-nations-guide.co.uk,News & Sport,1.4
8221,22,rugbyfederal.com,News & Sport,4.016666666666667
8223,24,rugby24.net,News & Sport,3.65
8224,25,stadetoulousain.fr,News & Sport,2.4833333333333334
8225,26,rugby-addict.com,News & Sport,0.9
8226,27,rugby-scapulaire.com,News & Sport,0.9166666666666666
8227,28,coachweb.com,News & Sport,1.6
8228,29,rugbynetwork.net,News & Sport,5.0
8229,30,agendatv-rugby.com,News & Sport,0.35
8230,31,scorenco.com,News & Sport,1.3666666666666667
8231,32,sarugby.co.za,News & Sport,0.4166666666666667
8232,33,unitedrugby.com,News & Sport,0.8833333333333333
8233,34,ubbrugby.com,News & Sport,1.1666666666666667
8234,35,info-photovoltaique.org,News & Sport,0.05
8235,36,rugbypass.tv,News & Sport,2.1166666666666667
8236,37,allblacks.com,News & Sport,0.8666666666666667
8237,38,dailysports.fr,News & Sport,0.5
8238,39,rugbyeurope.eu,News & Sport,2.15
8239,40,allianzstadiumtwickenham.com,News & Sport,2.0
8240,41,midi-olympique.fr,News & Sport,1.4666666666666668
8241,42,itsrugby.fr,News & Sport,1.9
8242,43,forumst.net,News & Sport,13.983333333333333
8243,44,oldschool.co.za,News & Sport,2.5166666666666666
8244,45,minutesports.fr,News & Sport,1.0
8245,46,lourugby.fr,News & Sport,4.233333333333333
8247,48,statsllc.sharepoint.com,News & Sport,6.133333333333334
8248,49,cybervulcans.net,News & Sport,4.633333333333333
8249,50,staderochelais.com,News & Sport,2.283333333333333
8251,2,hoka.com,News & Sport,2.6666666666666665
8252,3,runnersworld.com,News & Sport,1.1833333333333333
8253,4,runsignup.com,News & Sport,3.033333333333333
8254,5,runrepeat.com,News & Sport,2.6
8255,6,runnet.jp,News & Sport,4.183333333333334
8256,7,raceroster.com,News & Sport,1.85
8257,8,letsrun.com,News & Sport,4.4
8258,9,samsunghealth.com,News & Sport,1.0333333333333334
8259,10,parkrun.org.uk,News & Sport,3.5666666666666664
8260,11,nyrr.org,News & Sport,3.216666666666667
8261,12,raceresult.com,News & Sport,3.0833333333333335
8262,13,hyrox.com,News & Sport,2.9
8263,14,finishers.com,News & Sport,3.5
8264,15,eco-topferte.fr,News & Sport,1.5166666666666666
8265,16,altrarunning.com,News & Sport,2.466666666666667
8266,17,onthegomap.com,News & Sport,2.0166666666666666
8267,18,osaka-marathon.com,News & Sport,1.8166666666666667
8268,19,utmb.world,News & Sport,3.3
8269,20,marathonec.ru,News & Sport,0.9
8270,21,marathon.tokyo,News & Sport,3.2333333333333334
8271,22,letsdothis.com,News & Sport,2.8166666666666664
8272,23,mapmyrun.com,News & Sport,1.8333333333333335
8273,24,parkrun.com,News & Sport,2.2
8274,25,endu.net,News & Sport,4.8
8275,26,runningintheusa.com,News & Sport,3.3
8276,27,findarace.com,News & Sport,2.65
8277,28,halhigdon.com,News & Sport,2.2666666666666666
8278,29,believeintherun.com,News & Sport,1.1833333333333333
8279,30,plotaroute.com,News & Sport,2.3666666666666667
8281,32,klikego.com,News & Sport,4.166666666666667
8282,33,marathonhandbook.com,News & Sport,1.35
8283,34,ultrasignup.com,News & Sport,3.2
8284,35,runtrip.jp,News & Sport,1.8
8285,36,tomo.run,News & Sport,1.5
8286,37,runalyze.com,News & Sport,2.8833333333333333
8287,38,runningxpert.com,News & Sport,1.6333333333333333
8288,39,runnersworld.de,News & Sport,1.85
8289,40,runna.com,News & Sport,1.5666666666666667
8290,41,moshicom.com,News & Sport,2.8666666666666667
8291,42,runtothefinish.com,News & Sport,1.3
8293,44,parkrun.com.au,News & Sport,2.783333333333333
8294,45,ahotu.com,News & Sport,1.6666666666666665
8295,46,russiarunning.com,News & Sport,3.3666666666666667
8296,47,runningmagazine.ca,News & Sport,0.9333333333333333
8297,48,thepowerof10.info,News & Sport,3.5666666666666664
8299,50,runtastic.com,News & Sport,0.9333333333333333
8300,1,livescore.com,News & Sport,6.2
8301,2,gazzetta.it,News & Sport,7.383333333333334
8302,3,goal.com,News & Sport,1.2333333333333334
8303,4,kooora.com,News & Sport,3.4
8304,5,kicker.de,News & Sport,5.016666666666667
8305,6,premierleague.com,News & Sport,6.1
8306,7,promiedos.com.ar,News & Sport,5.166666666666667
8307,8,librefutbol.su,News & Sport,7.116666666666666
8308,9,flashscore.com,News & Sport,9.733333333333333
8309,10,transfermarkt.com.tr,News & Sport,4.1
8310,11,transfermarkt.de,News & Sport,4.733333333333333
8311,12,footmercato.net,News & Sport,5.483333333333333
8313,14,flashscore.pl,News & Sport,8.233333333333333
8314,15,varzesh3.com,News & Sport,5.816666666666666
8315,16,transfermarkt.com,News & Sport,3.183333333333333
8316,17,sport.sky.it,News & Sport,1.7833333333333332
8317,18,gazzetta.gr,News & Sport,5.55
8318,19,yallakora.com,News & Sport,2.1333333333333333
8319,20,voetbalprimeur.nl,News & Sport,6.25
8320,21,filgoal.com,News & Sport,2.1166666666666667
8321,22,fanatik.com.tr,News & Sport,4.083333333333333
8322,23,sport1.de,News & Sport,2.55
8323,24,meutimao.com.br,News & Sport,1.85
8324,25,estadiodeportivo.com,News & Sport,0.7
8326,27,vi.nl,News & Sport,6.516666666666667
8327,28,tuttomercatoweb.com,News & Sport,4.666666666666667
8328,29,unionrayo.com,News & Sport,1.2833333333333332
8329,30,lance.com.br,News & Sport,1.2333333333333334
8330,31,mackolik.com,News & Sport,8.7
8331,32,futbol24.com,News & Sport,11.766666666666667
8333,34,beinsports.com.tr,News & Sport,2.6333333333333333
8334,35,meczyki.pl,News & Sport,4.45
8335,36,calciomercato.com,News & Sport,2.9333333333333336
8337,38,flashscore.es,News & Sport,7.7
8338,39,voetbalzone.nl,News & Sport,3.5
8339,40,livescore.in,News & Sport,9.016666666666667
8340,41,maxifoot.fr,News & Sport,4.483333333333333
8341,42,fr12.nl,News & Sport,7.766666666666667
8343,44,foot01.com,News & Sport,2.6833333333333336
8344,45,sport.de,News & Sport,1.7166666666666668
8345,46,relevo.com,News & Sport,3.1
8346,47,milannews.it,News & Sport,4.783333333333333
8347,48,365scores.com,News & Sport,2.5
8348,49,netvasco.com.br,News & Sport,4.233333333333333
8349,50,fotmob.com,News & Sport,6.266666666666667
8350,1,espn.com,News & Sport,8.8
8351,2,marca.com,News & Sport,5.05
8352,3,espncricinfo.com,News & Sport,7.1
8353,4,as.com,News & Sport,5.166666666666667
8354,5,mundodeportivo.com,News & Sport,3.3166666666666664
8355,6,nikkansports.com,News & Sport,1.8333333333333335
8356,7,sports.yahoo.com,News & Sport,2.85
8357,8,hupu.com,News & Sport,9.683333333333334
8359,10,news.sportbox.ru,News & Sport,3.3666666666666667
8360,11,skysports.com,News & Sport,3.2666666666666666
8361,12,lequipe.fr,News & Sport,3.9333333333333336
8362,13,sport.es,News & Sport,2.55
8363,14,sofascore.com,News & Sport,6.7
8364,15,championat.com,News & Sport,4.366666666666666
8365,16,sportskeeda.com,News & Sport,1.3666666666666667
8366,17,diretta.it,News & Sport,12.016666666666667
8367,18,nhl.com,News & Sport,3.45
8368,19,sports.naver.com,News & Sport,5.233333333333333
8369,20,yr.no,News & Sport,1.5166666666666666
8370,21,cbssports.com,News & Sport,2.966666666666667
8371,22,sports.ru,News & Sport,5.75
8372,23,sports.yahoo.co.jp,News & Sport,5.283333333333333
8373,24,ole.com.ar,News & Sport,1.9666666666666668
8374,25,tycsports.com,News & Sport,1.0
8375,26,monopolygo.com,News & Sport,1.5166666666666666
8376,27,fubo.tv,News & Sport,2.85
8377,28,garmin.com,News & Sport,3.6333333333333333
8378,29,sportingnews.com,News & Sport,0.6833333333333333
8379,30,espn.com.br,News & Sport,1.4666666666666668
8380,31,strava.com,News & Sport,5.5
8382,33,dazn.com,News & Sport,3.4
8383,34,zhibo8.com,News & Sport,6.5
8384,35,bolavip.com,News & Sport,1.0166666666666666
8385,36,sport24.ru,News & Sport,0.95
8387,38,bleacherreport.com,News & Sport,2.2
8388,39,247sports.com,News & Sport,5.166666666666667
8389,40,abola.pt,News & Sport,5.75
8390,41,sport.pl,News & Sport,1.7666666666666666
8391,42,nbcsports.com,News & Sport,2.466666666666667
8393,44,sport.cz,News & Sport,3.7333333333333334
8394,45,digisport.ro,News & Sport,3.3166666666666664
8395,46,gsp.ro,News & Sport,3.183333333333333
8397,48,essentiallysports.com,News & Sport,0.9666666666666667
8398,49,adme.media,News & Sport,4.25
8399,50,sport-express.ru,News & Sport,3.5833333333333335
8400,1,totalsportek.space,News & Sport,7.133333333333334
8401,2,atptour.com,News & Sport,2.6833333333333336
8402,3,live-tennis.eu,News & Sport,1.1
8403,4,wtatennis.com,News & Sport,2.4833333333333334
8404,5,ausopen.com,News & Sport,1.6
8405,6,livetennis.it,News & Sport,2.6
8406,7,liga.nu,News & Sport,6.266666666666667
8407,8,thetennisgazette.com,News & Sport,1.7
8408,9,usta.com,News & Sport,6.133333333333334
8409,10,ubitennis.com,News & Sport,1.95
8410,11,courtreserve.com,News & Sport,4.566666666666666
8411,12,itftennis.com,News & Sport,3.95
8412,13,puntodebreak.com,News & Sport,2.0
8413,14,fitp.it,News & Sport,5.566666666666666
8414,15,tennistv.com,News & Sport,2.5666666666666664
8415,16,news.tennis365.net,News & Sport,1.5833333333333335
8416,17,supertennis.tv,News & Sport,2.283333333333333
8417,18,tennistemple.com,News & Sport,5.7
8418,19,clubautomation.com,News & Sport,8.066666666666666
8419,20,fft.fr,News & Sport,4.833333333333333
8420,21,tennis.com,News & Sport,1.3833333333333333
8421,22,thesportsrush.com,News & Sport,0.6166666666666667
8422,23,lta.org.uk,News & Sport,5.083333333333333
8423,24,sports.iqiyi.com,News & Sport,2.8333333333333335
8424,25,onetag-sys.com,News & Sport,30.816666666666666
8425,26,tennis.com.au,News & Sport,3.8166666666666664
8428,29,tennis365.com,News & Sport,0.8666666666666667
8430,31,utrsports.net,News & Sport,4.233333333333333
8431,32,flashscoreusa.com,News & Sport,6.25
8432,33,dartsrankings.com,News & Sport,2.3166666666666664
8433,34,tenisbrasil.uol.com.br,News & Sport,1.1166666666666667
8434,35,tenisnews.com.br,News & Sport,1.3166666666666667
8435,36,forextuner.info,News & Sport,2.533333333333333
8436,37,padelfip.com,News & Sport,2.783333333333333
8437,38,tennisexplorer.com,News & Sport,5.9
8438,39,rolandgarros.com,News & Sport,2.783333333333333
8439,40,tennistonic.com,News & Sport,2.1
8440,41,pressenterprise.com,News & Sport,2.283333333333333
8441,42,tennis.de,News & Sport,6.033333333333333
8442,43,tennisworlditalia.com,News & Sport,0.9833333333333333
8443,44,bolamarela.com.br,News & Sport,0.5166666666666667
8444,45,tennischannel.com,News & Sport,6.333333333333333
8445,46,wimbledon.com,News & Sport,2.45
8446,47,daviscup.com,News & Sport,1.6166666666666667
8448,49,world-tt.com,News & Sport,2.066666666666667
8450,1,volley.ru,News & Sport,2.1
8451,2,advancedeventsystems.com,News & Sport,8.316666666666666
8452,3,volleybox.net,News & Sport,2.1666666666666665
8453,4,save-from.net,News & Sport,1.5833333333333335
8454,5,360kora.io,News & Sport,2.75
8456,7,sportexclusiv.ro,News & Sport,5.466666666666667
8457,8,women.volleybox.net,News & Sport,1.7666666666666666
8458,9,pluspo.net,News & Sport,7.083333333333333
8459,10,webvolei.com.br,News & Sport,1.3333333333333333
8460,11,siatka.org,News & Sport,4.333333333333333
8461,12,sportdeutschland.tv,News & Sport,2.8166666666666664
8462,13,ticket-v.jp,News & Sport,2.9333333333333336
8463,14,fipavonline.it,News & Sport,5.05
8464,15,kovo.co.kr,News & Sport,2.8666666666666667
8465,16,tvf.org.tr,News & Sport,0.38333333333333336
8466,17,volleybolist.ru,News & Sport,2.65
8467,18,dyn.sport,News & Sport,4.666666666666667
8469,20,provolleyball.com,News & Sport,1.85
8470,21,fivb.com,News & Sport,1.15
8471,22,cbv.com.br,News & Sport,2.25
8472,23,legavolleyfemminile.it,News & Sport,3.533333333333333
8473,24,dataproject.com,News & Sport,3.6666666666666665
8474,25,ffvbbeach.org,News & Sport,2.466666666666667
8475,26,sportwrench.com,News & Sport,3.466666666666667
8476,27,tm2sign.com,News & Sport,7.616666666666667
8477,28,cev.eu,News & Sport,2.8833333333333333
8478,29,rgsport.ru,News & Sport,5.783333333333333
8479,30,legavolley.it,News & Sport,2.716666666666667
8480,31,lovb.com,News & Sport,1.5333333333333332
8481,32,tvstart.ru,News & Sport,0.65
8483,34,tauronliga.pl,News & Sport,2.5
8485,36,webserver.one,News & Sport,4.35
8486,37,voleybolunsesi.com,News & Sport,0.7333333333333333
8487,38,grxchange.gr,News & Sport,2.0
8488,39,portalefipav.net,News & Sport,4.066666666666666
8489,40,ivolleymagazine.it,News & Sport,0.9833333333333333
8490,41,volleybal.nl,News & Sport,1.9833333333333334
8491,42,usavolleyball.org,News & Sport,0.8333333333333334
8492,43,cloud32.it,News & Sport,15.216666666666667
8493,44,rfevb.com,News & Sport,2.716666666666667
8494,45,jva.or.jp,News & Sport,2.1
8495,46,balltime.com,News & Sport,8.0
8496,47,mambu.cloud,News & Sport,18.183333333333334
8497,48,fcvolei.cat,News & Sport,1.0166666666666666
8498,49,volleystation.com,News & Sport,3.2666666666666666
8499,50,volleyballlife.com,News & Sport,6.166666666666667
8500,1,surfline.com,News & Sport,2.9833333333333334
8501,2,surf-forecast.com,News & Sport,1.3333333333333333
8502,3,gomotionapp.com,News & Sport,3.466666666666667
8503,4,swimswam.com,News & Sport,3.1
8504,5,seabreeze.com.au,News & Sport,9.25
8505,6,worldsurfleague.com,News & Sport,4.05
8506,7,surfer.com,News & Sport,1.2166666666666668
8507,8,swellnet.com,News & Sport,3.15
8508,9,bauermedia.pt,News & Sport,2.35
8509,10,concept2.com,News & Sport,2.3333333333333335
8510,11,viewsurf.com,News & Sport,2.8833333333333333
8511,12,scubaboard.com,News & Sport,2.216666666666667
8512,13,surfguru.com.br,News & Sport,1.4166666666666667
8513,14,theinertia.com,News & Sport,1.2666666666666666
8514,15,namidensetsu.com,News & Sport,4.133333333333334
8516,17,revolutionise.com.au,News & Sport,3.6166666666666667
8517,18,tidetime.org,News & Sport,1.2833333333333332
8518,19,vedetta.org,News & Sport,2.6166666666666667
8520,21,bc01.com,News & Sport,1.9333333333333333
8521,22,swim.or.jp,News & Sport,3.8833333333333333
8522,23,waves.com.br,News & Sport,3.4
8523,24,surfchex.com,News & Sport,2.2333333333333334
8524,25,usaswimming.org,News & Sport,2.9166666666666665
8525,26,beachgrit.com,News & Sport,1.2333333333333334
8526,27,swellmap.com,News & Sport,1.1
8527,28,surfertoday.com,News & Sport,0.6666666666666666
8528,29,gong-galaxy.com,News & Sport,3.2666666666666666
8530,31,urbnsurf.com,News & Sport,11.45
8531,32,ronspo.com,News & Sport,1.5
8532,33,gosurf.fr,News & Sport,2.75
8533,34,worldaquatics.com,News & Sport,1.15
8534,35,usms.org,News & Sport,3.3166666666666664
8536,37,liveffn.com,News & Sport,8.133333333333333
8537,38,roark.com,News & Sport,2.2333333333333334
8538,39,swimrankings.net,News & Sport,9.416666666666666
8539,40,sail-world.com,News & Sport,0.8666666666666667
8540,41,eurovisionsport.com,News & Sport,1.8333333333333335
8541,42,swimming.org.au,News & Sport,3.0833333333333335
8542,43,booksurfcamps.com,News & Sport,1.9
8543,44,liveheats.com,News & Sport,4.416666666666667
8545,46,swimmingworldmagazine.com,News & Sport,0.75
8546,47,magicseaweed.com,News & Sport,0.5166666666666667
8547,48,surftotal.com,News & Sport,2.5
8548,49,camaramar.com,News & Sport,3.65
8549,50,flocollege.com,News & Sport,2.5833333333333335
8550,1,hockeydb.com,News & Sport,4.133333333333334
8551,2,fis-ski.com,News & Sport,3.966666666666667
8552,3,hockeycanada.ca,News & Sport,1.65
8553,4,skijumping.pl,News & Sport,2.5666666666666664
8554,5,onthesnow.com,News & Sport,1.5333333333333332
8555,6,nordicmag.info,News & Sport,2.1166666666666667
8556,7,roundshot.com,News & Sport,1.1833333333333333
8557,8,wintersport.nl,News & Sport,3.2
8558,9,infonieve.es,News & Sport,2.4333333333333336
8559,10,curated.com,News & Sport,2.9833333333333334
8560,11,ikonpass.com,News & Sport,3.033333333333333
8561,12,opensnow.com,News & Sport,22.15
8562,13,skipass.com,News & Sport,1.5833333333333335
8563,14,vhlru.ru,News & Sport,4.5
8564,15,skaping.com,News & Sport,2.2
8565,16,unofficialnetworks.com,News & Sport,1.0833333333333333
8566,17,skiresort.info,News & Sport,1.6166666666666667
8567,18,japan-curling.yokohama,News & Sport,2.85
8568,19,bergfex.si,News & Sport,2.0833333333333335
8569,20,skistar.com,News & Sport,4.45
8570,21,epicpass.com,News & Sport,2.2333333333333334
8571,22,dovesciare.it,News & Sport,1.5
8572,23,biathlon.com.ua,News & Sport,3.7
8573,24,bigbearmountainresort.com,News & Sport,2.966666666666667
8574,25,mammothmountain.com,News & Sport,3.2333333333333334
8575,26,whistlerblackcomb.com,News & Sport,2.216666666666667
8576,27,seatgeek.ca,News & Sport,3.1666666666666665
8577,28,sneeuwhoogte.nl,News & Sport,2.1333333333333333
8578,29,neveitalia.it,News & Sport,0.7333333333333333
8579,30,skimag.com,News & Sport,0.8833333333333333
8580,31,rossignol.com,News & Sport,2.5833333333333335
8581,32,curling.ca,News & Sport,3.3
8582,33,crystalski.co.uk,News & Sport,5.75
8583,34,nevasport.com,News & Sport,1.2833333333333332
8584,35,newschoolers.com,News & Sport,1.5333333333333332
8585,36,ski.ru,News & Sport,2.9
8586,37,n-py.com,News & Sport,4.25
8587,38,snowbird.com,News & Sport,3.35
8588,39,crystalmountainresort.com,News & Sport,2.9
8589,40,bigwhite.com,News & Sport,3.5833333333333335
8590,41,palisadestahoe.com,News & Sport,3.55
8591,42,alterramtnco.com,News & Sport,3.4
8592,43,vailresorts.com,News & Sport,3.2666666666666666
8593,44,atomic.com,News & Sport,2.1666666666666665
8594,45,winterparkresort.com,News & Sport,2.3166666666666664
8595,46,vasaloppet.se,News & Sport,4.8
8596,47,montecwear.com,News & Sport,2.8666666666666667
8597,48,uscho.com,News & Sport,3.0
8598,49,skitalk.com,News & Sport,2.5666666666666664
8599,50,skisport.ru,News & Sport,2.5666666666666664
8600,1,booking.com,Travel,8.116666666666667
8601,2,airbnb.com,Travel,7.1
8602,3,agoda.com,Travel,5.816666666666666
8604,5,marriott.com,Travel,3.9833333333333334
8608,9,airbnb.com.br,Travel,6.75
8609,10,ihg.com,Travel,3.0833333333333335
8610,11,airbnb.co.uk,Travel,6.45
8611,12,airbnb.fr,Travel,7.366666666666666
8613,14,accor.com,Travel,3.55
8615,16,airbnb.ca,Travel,6.633333333333333
8616,17,ostrovok.ru,Travel,3.5666666666666664
8617,18,clock-software.com,Travel,10.116666666666667
8618,19,wyndhamhotels.com,Travel,3.05
8619,20,expediapartnercentral.com,Travel,6.75
8620,21,cloudbeds.com,Travel,21.95
8622,23,airbnb.de,Travel,7.216666666666667
8623,24,guestreservations.com,Travel,1.5
8624,25,airbnb.es,Travel,5.633333333333333
8625,26,mytour.vn,Travel,2.0166666666666666
8626,27,airbnb.com.au,Travel,6.9
8627,28,premierinn.com,Travel,4.6
8628,29,choiceadvantage.com,Travel,44.31666666666667
8629,30,sutochno.ru,Travel,6.016666666666667
8630,31,airbnb.it,Travel,6.866666666666667
8631,32,caesars.com,Travel,4.483333333333333
8633,34,mgmresorts.com,Travel,4.6
8634,35,hostelworld.com,Travel,4.85
8636,37,airbnb.mx,Travel,7.116666666666666
8637,38,489ban.net,Travel,4.533333333333333
8639,40,toyoko-inn.com,Travel,5.983333333333333
8640,41,trivago.com,Travel,2.9833333333333334
8641,42,travelodge.co.uk,Travel,4.416666666666667
8645,46,pprincess.com,Travel,2.783333333333333
8646,47,airbnb.co.in,Travel,5.466666666666667
8647,48,radissonhotels.com,Travel,2.3833333333333333
8648,49,airbnb.nl,Travel,6.466666666666667
8650,1,ryanair.com,Travel,5.516666666666667
8651,2,aa.com,Travel,6.633333333333333
8652,3,southwest.com,Travel,5.3
8653,4,delta.com,Travel,6.216666666666667
8654,5,flightaware.com,Travel,7.033333333333333
8655,6,skyscanner.net,Travel,4.583333333333333
8656,7,united.com,Travel,6.183333333333334
8658,9,traveloka.com,Travel,2.1166666666666667
8659,10,ana.co.jp,Travel,5.85
8661,12,easyjet.com,Travel,6.133333333333334
8662,13,aircanada.com,Travel,7.883333333333333
8663,14,aviasales.ru,Travel,4.25
8664,15,goindigo.in,Travel,6.766666666666667
8665,16,wizzair.com,Travel,5.95
8666,17,skyscanner.co.in,Travel,3.3333333333333335
8669,20,alaskaair.com,Travel,7.183333333333334
8670,21,emirates.com,Travel,5.733333333333333
8671,22,skyscanner.com,Travel,5.45
8672,23,jetstar.com,Travel,5.85
8673,24,qantas.com,Travel,5.65
8674,25,jetblue.com,Travel,5.766666666666667
8675,26,skyscanner.it,Travel,5.216666666666667
8677,28,spirit.com,Travel,6.5
8678,29,flyfrontier.com,Travel,5.783333333333333
8679,30,airasia.com,Travel,5.966666666666667
8680,31,lufthansa.com,Travel,5.183333333333334
8682,33,flypgs.com,Travel,5.05
8683,34,jetsmart.com,Travel,4.633333333333333
8684,35,volaris.com,Travel,5.516666666666667
8685,36,singaporeair.com,Travel,5.8
8686,37,vivaaerobus.com,Travel,5.833333333333333
8688,39,cathaypacific.com,Travel,5.95
8689,40,skyscanner.es,Travel,4.933333333333334
8690,41,aeroin.net,Travel,0.36666666666666664
8693,44,vueling.com,Travel,4.65
8695,46,amadeus.com,Travel,8.65
8697,48,skyscanner.de,Travel,6.216666666666667
8699,50,skyscanner.com.br,Travel,5.133333333333334
8750,1,uber.com,Travel,2.283333333333333
8752,3,bahn.de,Travel,5.016666666666667
8753,4,thetrainline.com,Travel,4.133333333333334
8757,8,railyatri.in,Travel,5.25
8758,9,confirmtkt.com,Travel,4.683333333333334
8759,10,lyft.com,Travel,2.55
8760,11,99app.com,Travel,1.85
8761,12,nationalrail.co.uk,Travel,4.716666666666667
8762,13,indiarailinfo.com,Travel,3.4
8763,14,bustimes.org,Travel,7.233333333333333
8764,15,belgiantrain.be,Travel,3.216666666666667
8765,16,indrive.com,Travel,1.6833333333333333
8766,17,abhibus.com,Travel,4.316666666666666
8768,19,erail.in,Travel,6.7
8769,20,recorrido.cl,Travel,4.433333333333334
8771,22,etrain.info,Travel,7.7
8772,23,delhimetrorail.info,Travel,2.183333333333333
8773,24,oebb.at,Travel,3.15
8774,25,zdopravy.cz,Travel,2.95
8775,26,koleo.pl,Travel,3.716666666666667
8776,27,olacabs.com,Travel,4.166666666666667
8777,28,vr.fi,Travel,4.55
8778,29,poizdato.net,Travel,2.9
8779,30,delhimetrorail.com,Travel,1.6
8780,31,realtimetrains.co.uk,Travel,9.866666666666667
8781,32,buser.com.br,Travel,2.8833333333333333
8782,33,rzd-bonus.ru,Travel,3.6
8783,34,ttc.ca,Travel,2.7333333333333334
8784,35,flixbus.fr,Travel,4.25
8785,36,railforums.co.uk,Travel,6.666666666666667
8786,37,oebbtickets.at,Travel,4.983333333333333
8787,38,stagecoachbus.com,Travel,3.1166666666666667
8788,39,turbus.cl,Travel,5.35
8789,40,shop.oebbtickets.at,Travel,5.2
8790,41,tripjack.com,Travel,7.583333333333333
8791,42,bycs.de,Travel,5.416666666666667
8792,43,blablacar.ru,Travel,6.183333333333334
8793,44,shop.flixbus.de,Travel,4.516666666666667
8795,46,viaggiatreno.it,Travel,8.916666666666666
8796,47,trains.com,Travel,1.6666666666666665
8797,48,flixbus.cl,Travel,4.366666666666666
8799,50,shop.flixbus.fr,Travel,4.183333333333334
8800,1,getyourguide.com,Travel,2.6833333333333336
8801,2,klook.com,Travel,3.65
8802,3,viator.com,Travel,3.216666666666667
8803,4,kkday.com,Travel,2.9
8804,5,universalorlando.com,Travel,2.75
8806,7,castel.jp,Travel,2.716666666666667
8807,8,disneylandparis.com,Travel,4.283333333333333
8808,9,atmy.me,Travel,2.05
8809,10,sixflags.com,Travel,2.966666666666667
8810,11,tech.udn.com,Travel,0.85
8811,12,allears.net,Travel,1.15
8812,13,disboards.com,Travel,3.6833333333333336
8813,14,seaworld.com,Travel,3.7333333333333334
8814,15,wdwnt.com,Travel,1.1333333333333333
8815,16,digitickets.co.uk,Travel,3.9
8816,17,buschgardens.com,Travel,3.283333333333333
8817,18,bobbyworld.tw,Travel,2.8833333333333333
8818,19,memberdeals.com,Travel,4.25
8819,20,efteling.com,Travel,2.7333333333333334
8820,21,viviantravel.tw,Travel,1.1666666666666667
8821,22,wdwmagic.com,Travel,4.383333333333334
8822,23,hongkongdisneyland.com,Travel,2.3833333333333333
8823,24,legoland.com,Travel,2.9833333333333334
8824,25,disneynow.com,Travel,3.716666666666667
8825,26,vasttrafik.se,Travel,2.3666666666666667
8826,27,europapark.de,Travel,3.3166666666666664
8827,28,lotteworld.com,Travel,3.0166666666666666
8829,30,wonderla.com,Travel,1.0666666666666667
8830,31,beurlife.com,Travel,1.7666666666666666
8831,32,universalparks.com,Travel,1.7833333333333332
8832,33,summitatsnoqualmie.com,Travel,3.0833333333333335
8833,34,futuroscope.com,Travel,4.15
8834,35,sydneyoperahouse.com,Travel,2.4
8835,36,aluvii.com,Travel,10.166666666666666
8836,37,phantasialand.de,Travel,2.533333333333333
8837,38,rwcruises.com,Travel,6.983333333333333
8838,39,fullfen.tw,Travel,1.9333333333333333
8839,40,mtl.org,Travel,1.8833333333333333
8840,41,blogmickey.com,Travel,1.1666666666666667
8841,42,pelago.com,Travel,1.3333333333333333
8842,43,altontowers.com,Travel,2.4333333333333336
8843,44,markandhazyl.com,Travel,0.5166666666666667
8845,46,bookme.co.nz,Travel,3.216666666666667
8846,47,floridastatefair.com,Travel,2.183333333333333
8848,49,portaventuraworld.com,Travel,2.2666666666666666
8849,50,knotts.com,Travel,1.9666666666666668
8851,2,amtrak.com,Travel,6.383333333333334
8852,3,partiful.com,Travel,4.316666666666666
8853,4,mta.info,Travel,4.033333333333333
8854,5,ihighway.jp,Travel,2.783333333333333
8855,6,biltrewards.com,Travel,3.5
8857,8,sunpass.com,Travel,4.583333333333333
8858,9,tripcheck.com,Travel,1.7666666666666666
8859,10,parkopedia.co.uk,Travel,2.3166666666666664
8860,11,linkt.com.au,Travel,3.4166666666666665
8861,12,airmiles.ca,Travel,4.35
8862,13,justpark.com,Travel,2.283333333333333
8863,14,bayareafastrak.org,Travel,3.6833333333333336
8864,15,511on.ca,Travel,2.3
8865,16,drivebc.ca,Travel,3.4166666666666665
8866,17,paturnpike.com,Travel,20.933333333333334
8867,18,yourparkingspace.co.uk,Travel,3.6666666666666665
8868,19,omny.info,Travel,3.4166666666666665
8869,20,407etr.com,Travel,4.25
8870,21,thetollroads.com,Travel,3.3
8872,23,sigalert.com,Travel,3.3
8873,24,megabus.com,Travel,3.55
8874,25,martzbus.com,Travel,6.866666666666667
8875,26,apcoa.co.uk,Travel,2.0833333333333335
8876,27,itasoftware.com,Travel,5.333333333333333
8877,28,sanef.com,Travel,4.466666666666667
8878,29,theparkingspot.com,Travel,2.966666666666667
8879,30,travelquiz.com,Travel,2.4333333333333336
8880,31,nuego.in,Travel,4.233333333333333
8881,32,gobrightline.com,Travel,2.8333333333333335
8882,33,sevn.ly,Travel,0.31666666666666665
8883,34,511pa.com,Travel,3.15
8884,35,mitie.com,Travel,3.033333333333333
8885,36,almatar.com,Travel,3.35
8886,37,nouvelair.com,Travel,5.4
8887,38,wymetro.com,Travel,8.6
8888,39,zingbus.com,Travel,1.15
8890,41,sleepinginairports.net,Travel,1.8833333333333333
8891,42,spotangels.com,Travel,1.55
8892,43,13cabs.com.au,Travel,2.75
8893,44,tollguru.com,Travel,0.9166666666666666
8894,45,nvroads.com,Travel,2.066666666666667
8895,46,veolia.co.uk,Travel,4.783333333333333
8896,47,q-park.co.uk,Travel,1.7833333333333332
8898,49,market.jr-central.co.jp,Travel,2.183333333333333
8900,1,tripadvisor.com,Travel,2.6833333333333336
8901,2,trip.com,Travel,3.466666666666667
8903,4,navitime.co.jp,Travel,2.8166666666666664
8904,5,travel.rakuten.co.jp,Travel,7.133333333333334
8905,6,makemytrip.com,Travel,4.85
8906,7,rome2rio.com,Travel,2.65
8907,8,tripadvisor.co.uk,Travel,3.1333333333333333
8908,9,kayak.com,Travel,3.8666666666666667
8909,10,priceline.com,Travel,4.616666666666667
8910,11,tripadvisor.it,Travel,2.216666666666667
8911,12,tutu.ru,Travel,3.3666666666666667
8912,13,tripadvisor.in,Travel,1.8166666666666667
8914,15,triptoday365.com,Travel,1.7833333333333332
8915,16,jr-central.co.jp,Travel,4.55
8916,17,sncf-connect.com,Travel,4.9
8917,18,tripadvisor.fr,Travel,2.45
8918,19,aaa.com,Travel,5.2
8919,20,tripadvisor.es,Travel,2.25
8920,21,trenitalia.com,Travel,2.1666666666666665
8921,22,nps.gov,Travel,2.6333333333333333
8922,23,tripadvisor.com.br,Travel,2.3166666666666664
8923,24,lefrecce.it,Travel,4.25
8924,25,tripadvisor.ru,Travel,2.716666666666667
8925,26,royalcaribbean.com,Travel,5.616666666666667
8927,28,tiket.com,Travel,2.183333333333333
8928,29,travel.yandex.ru,Travel,4.016666666666667
8929,30,tui.co.uk,Travel,6.633333333333333
8930,31,ctrip.com,Travel,6.3
8931,32,travel.yahoo.co.jp,Travel,4.9
8932,33,obilet.com,Travel,4.633333333333333
8934,35,travelandleisure.com,Travel,1.0333333333333334
8935,36,goibibo.com,Travel,4.266666666666667
8936,37,skylinewebcams.com,Travel,3.0166666666666666
8937,38,carnival.com,Travel,6.483333333333333
8938,39,bergfex.at,Travel,2.7333333333333334
8939,40,kiwi.com,Travel,4.183333333333334
8942,43,vfsglobal.com,Travel,6.583333333333333
8943,44,tripadvisor.de,Travel,2.783333333333333
8944,45,lastminute.com,Travel,5.566666666666666
8945,46,decolar.com,Travel,5.15
8947,48,ixigo.com,Travel,3.6
8948,49,tripadvisor.ca,Travel,3.1666666666666665
8949,50,ncl.com,Travel,5.25
