index,Rank,Website,Category,AVG minutes
50,1,bilibili.com,Arts & Entertainment > Animation and Comics,21.916666666666668
51,2,zonatmo.com,Arts & Entertainment > Animation and Comics,16.8
52,3,aniwatchtv.to,Arts & Entertainment > Animation and Comics,16.633333333333333
54,5,demonicscans.org,Arts & Entertainment > Animation and Comics,16.35
56,7,animeflv.net,Arts & Entertainment > Animation and Comics,11.266666666666667
57,8,mgeko.cc,Arts & Entertainment > Animation and Comics,16.783333333333335
58,9,mechacomic.jp,Arts & Entertainment > Animation and Comics,15.133333333333333
59,10,xbato.com,Arts & Entertainment > Animation and Comics,21.516666666666666
60,11,mangajikan.com,Arts & Entertainment > Animation and Comics,18.966666666666665
61,12,mangadex.org,Arts & Entertainment > Animation and Comics,8.05
62,13,9animetv.to,Arts & Entertainment > Animation and Comics,14.7
63,14,jut.su,Arts & Entertainment > Animation and Comics,19.7
65,16,mangakoma01.com,Arts & Entertainment > Animation and Comics,23.8
67,18,weebcentral.com,Arts & Entertainment > Animation and Comics,17.616666666666667
68,19,kingofshojo.com,Arts & Entertainment > Animation and Comics,17.533333333333335
71,22,mangaraw.plus,Arts & Entertainment > Animation and Comics,4.0
72,23,mangago.me,Arts & Entertainment > Animation and Comics,14.15
73,24,manhuatop.org,Arts & Entertainment > Animation and Comics,17.783333333333335
74,25,zonamiau.com,Arts & Entertainment > Animation and Comics,16.383333333333333
75,26,mangalib.me,Arts & Entertainment > Animation and Comics,13.483333333333333
76,27,mangaraw.ma,Arts & Entertainment > Animation and Comics,22.133333333333333
77,28,manhwaclan.com,Arts & Entertainment > Animation and Comics,15.533333333333333
78,29,templetoons.com,Arts & Entertainment > Animation and Comics,6.5
79,30,lekmanga.net,Arts & Entertainment > Animation and Comics,16.55
80,31,eternalmangas.com,Arts & Entertainment > Animation and Comics,16.15
82,33,lightnovelworld.co,Arts & Entertainment > Animation and Comics,28.866666666666667
84,35,piccoma.com,Arts & Entertainment > Animation and Comics,13.5
85,36,vymanga.com,Arts & Entertainment > Animation and Comics,13.033333333333333
86,37,kakuyomu.jp,Arts & Entertainment > Animation and Comics,19.3
89,40,mangabuddy.com,Arts & Entertainment > Animation and Comics,16.783333333333335
90,41,tresdaos.com,Arts & Entertainment > Animation and Comics,12.9
92,43,rinconcitoverde.xyz,Arts & Entertainment > Animation and Comics,21.033333333333335
93,44,webtoons.com,Arts & Entertainment > Animation and Comics,11.35
95,46,manhuaus.com,Arts & Entertainment > Animation and Comics,9.116666666666667
96,47,usagi.one,Arts & Entertainment > Animation and Comics,32.06666666666667
97,48,mangafire.to,Arts & Entertainment > Animation and Comics,13.216666666666667
98,49,anime-sama.fr,Arts & Entertainment > Animation and Comics,8.433333333333334
99,50,manhuagui.com,Arts & Entertainment > Animation and Comics,11.883333333333333
100,1,fandom.com,Arts & Entertainment > Arts and Entertainment - Other,4.783333333333333
101,2,dcinside.com,Arts & Entertainment > Arts and Entertainment - Other,12.6
102,3,nate.com,Arts & Entertainment > Arts and Entertainment - Other,6.316666666666666
103,4,syosetu.com,Arts & Entertainment > Arts and Entertainment - Other,20.266666666666666
105,6,freepik.com,Arts & Entertainment > Arts and Entertainment - Other,7.683333333333334
106,7,2345.com,Arts & Entertainment > Arts and Entertainment - Other,1.8833333333333333
107,8,go.com,Arts & Entertainment > Arts and Entertainment - Other,2.7
109,10,douban.com,Arts & Entertainment > Arts and Entertainment - Other,4.866666666666667
111,12,bookmyshow.com,Arts & Entertainment > Arts and Entertainment - Other,4.8
112,13,pudelek.pl,Arts & Entertainment > Arts and Entertainment - Other,3.4
113,14,oricon.co.jp,Arts & Entertainment > Arts and Entertainment - Other,0.9666666666666667
114,15,tmz.com,Arts & Entertainment > Arts and Entertainment - Other,2.2666666666666666
115,16,unext.jp,Arts & Entertainment > Arts and Entertainment - Other,8.316666666666666
116,17,suki-kira.com,Arts & Entertainment > Arts and Entertainment - Other,9.65
117,18,gofundme.com,Arts & Entertainment > Arts and Entertainment - Other,1.85
118,19,super.cz,Arts & Entertainment > Arts and Entertainment - Other,3.3
119,20,mydramalist.com,Arts & Entertainment > Arts and Entertainment - Other,4.033333333333333
120,21,pagesix.com,Arts & Entertainment > Arts and Entertainment - Other,1.3
121,22,boredpanda.com,Arts & Entertainment > Arts and Entertainment - Other,3.65
122,23,youku.com,Arts & Entertainment > Arts and Entertainment - Other,6.85
123,24,pozdravok.com,Arts & Entertainment > Arts and Entertainment - Other,2.3
124,25,myanimelist.net,Arts & Entertainment > Arts and Entertainment - Other,4.15
125,26,deadline.com,Arts & Entertainment > Arts and Entertainment - Other,1.5833333333333335
126,27,tsite.jp,Arts & Entertainment > Arts and Entertainment - Other,4.483333333333333
127,28,hollywoodreporter.com,Arts & Entertainment > Arts and Entertainment - Other,1.1666666666666667
128,29,goguynet.jp,Arts & Entertainment > Arts and Entertainment - Other,1.0166666666666666
129,30,ew.com,Arts & Entertainment > Arts and Entertainment - Other,1.1333333333333333
130,31,purepeople.com,Arts & Entertainment > Arts and Entertainment - Other,1.9
131,32,viki.com,Arts & Entertainment > Arts and Entertainment - Other,6.183333333333334
132,33,syosetu.org,Arts & Entertainment > Arts and Entertainment - Other,18.466666666666665
134,35,lipstickalley.com,Arts & Entertainment > Arts and Entertainment - Other,13.416666666666666
135,36,voici.fr,Arts & Entertainment > Arts and Entertainment - Other,1.55
136,37,hola.com,Arts & Entertainment > Arts and Entertainment - Other,1.7333333333333334
137,38,natalie.mu,Arts & Entertainment > Arts and Entertainment - Other,1.0
138,39,jastrzabpost.pl,Arts & Entertainment > Arts and Entertainment - Other,1.35
139,40,pomponik.pl,Arts & Entertainment > Arts and Entertainment - Other,0.8333333333333334
140,41,lecturas.com,Arts & Entertainment > Arts and Entertainment - Other,1.4333333333333333
141,42,ngl.link,Arts & Entertainment > Arts and Entertainment - Other,2.966666666666667
142,43,timeout.com,Arts & Entertainment > Arts and Entertainment - Other,1.3833333333333333
143,44,disney.go.com,Arts & Entertainment > Arts and Entertainment - Other,3.8333333333333335
144,45,b92.net,Arts & Entertainment > Arts and Entertainment - Other,5.55
145,46,redbubble.com,Arts & Entertainment > Arts and Entertainment - Other,2.9333333333333336
147,48,kapanlagi.com,Arts & Entertainment > Arts and Entertainment - Other,1.8333333333333335
148,49,wcostream.tv,Arts & Entertainment > Arts and Entertainment - Other,11.866666666666667
150,1,archiveofourown.org,Arts & Entertainment > Books and Literature,15.366666666666667
151,2,novelbin.com,Arts & Entertainment > Books and Literature,34.016666666666666
152,3,wattpad.com,Arts & Entertainment > Books and Literature,18.483333333333334
153,4,qidian.com,Arts & Entertainment > Books and Literature,15.016666666666667
154,5,author.today,Arts & Entertainment > Books and Literature,12.183333333333334
156,7,fictionzone.net,Arts & Entertainment > Books and Literature,11.083333333333334
157,8,litnet.com,Arts & Entertainment > Books and Literature,14.3
158,9,69yuedu.net,Arts & Entertainment > Books and Literature,29.45
159,10,knigavuhe.org,Arts & Entertainment > Books and Literature,3.3333333333333335
160,11,issuu.com,Arts & Entertainment > Books and Literature,1.9
161,12,ficbook.net,Arts & Entertainment > Books and Literature,13.783333333333333
162,13,mangabuff.ru,Arts & Entertainment > Books and Literature,22.166666666666668
163,14,pensador.com,Arts & Entertainment > Books and Literature,1.4666666666666668
164,15,mtlnovels.com,Arts & Entertainment > Books and Literature,45.53333333333333
165,16,wuxiabox.com,Arts & Entertainment > Books and Literature,41.733333333333334
166,17,tvtropes.org,Arts & Entertainment > Books and Literature,10.4
167,18,69shuba.cx,Arts & Entertainment > Books and Literature,23.75
168,19,webnovel.com,Arts & Entertainment > Books and Literature,22.766666666666666
169,20,69shuba.com,Arts & Entertainment > Books and Literature,35.916666666666664
170,21,jjwxc.net,Arts & Entertainment > Books and Literature,15.1
171,22,vitalsource.com,Arts & Entertainment > Books and Literature,16.883333333333333
172,23,twkan.com,Arts & Entertainment > Books and Literature,32.166666666666664
175,26,xbanxia.com,Arts & Entertainment > Books and Literature,26.25
176,27,thriftbooks.com,Arts & Entertainment > Books and Literature,2.7666666666666666
177,28,stihi.ru,Arts & Entertainment > Books and Literature,4.116666666666666
178,29,royalroad.com,Arts & Entertainment > Books and Literature,12.666666666666666
179,30,overdrive.com,Arts & Entertainment > Books and Literature,3.55
181,32,epub.pub,Arts & Entertainment > Books and Literature,4.466666666666667
183,34,bqg9527.cc,Arts & Entertainment > Books and Literature,19.9
186,37,52shuku.vip,Arts & Entertainment > Books and Literature,38.3
187,38,fizzo.org,Arts & Entertainment > Books and Literature,9.95
188,39,pawmanga.com,Arts & Entertainment > Books and Literature,13.033333333333333
189,40,jaomix.ru,Arts & Entertainment > Books and Literature,33.4
190,41,akniga.org,Arts & Entertainment > Books and Literature,2.8
191,42,freewebnovel.com,Arts & Entertainment > Books and Literature,29.316666666666666
192,43,loveread.ec,Arts & Entertainment > Books and Literature,24.416666666666668
193,44,litgorod.ru,Arts & Entertainment > Books and Literature,10.116666666666667
194,45,zinchangmanga.com,Arts & Entertainment > Books and Literature,8.483333333333333
195,46,lubimyczytac.pl,Arts & Entertainment > Books and Literature,2.1666666666666665
196,47,litmarket.ru,Arts & Entertainment > Books and Literature,7.283333333333333
197,48,ridibooks.com,Arts & Entertainment > Books and Literature,10.85
198,49,wa01.com,Arts & Entertainment > Books and Literature,29.233333333333334
199,50,proza.ru,Arts & Entertainment > Books and Literature,2.1
200,1,pikabu.ru,Arts & Entertainment > Humor,5.166666666666667
201,2,9gag.com,Arts & Entertainment > Humor,5.833333333333333
202,3,pinimg.com,Arts & Entertainment > Humor,3.7
204,5,cheezburger.com,Arts & Entertainment > Humor,2.5166666666666666
205,6,insta-stories-viewer.com,Arts & Entertainment > Humor,3.216666666666667
206,7,tenor.com,Arts & Entertainment > Humor,1.8
207,8,change.org,Arts & Entertainment > Humor,1.6333333333333333
208,9,yaplakal.com,Arts & Entertainment > Humor,13.716666666666667
209,10,fishki.net,Arts & Entertainment > Humor,11.083333333333334
210,11,pleated-jeans.com,Arts & Entertainment > Humor,3.65
211,12,demotywatory.pl,Arts & Entertainment > Humor,6.3
212,13,knowyourmeme.com,Arts & Entertainment > Humor,1.2666666666666666
213,14,geediting.com,Arts & Entertainment > Humor,1.05
214,15,thechive.com,Arts & Entertainment > Humor,6.266666666666667
215,16,cracked.com,Arts & Entertainment > Humor,3.85
216,17,joemonster.org,Arts & Entertainment > Humor,6.4
217,18,anekdot.ru,Arts & Entertainment > Humor,4.416666666666667
218,19,kwejk.pl,Arts & Entertainment > Humor,3.7
220,21,kiwifarms.st,Arts & Entertainment > Humor,15.233333333333333
221,22,xkcd.com,Arts & Entertainment > Humor,1.7666666666666666
222,23,joyreactor.cc,Arts & Entertainment > Humor,7.316666666666666
223,24,notalwaysright.com,Arts & Entertainment > Humor,10.733333333333333
224,25,mediatakeout.com,Arts & Entertainment > Humor,1.3666666666666667
225,26,finofilipino.org,Arts & Entertainment > Humor,6.483333333333333
226,27,funnyjunk.com,Arts & Entertainment > Humor,12.683333333333334
227,28,theonion.com,Arts & Entertainment > Humor,1.55
228,29,thewrap.com,Arts & Entertainment > Humor,0.7
229,30,fontmeme.com,Arts & Entertainment > Humor,2.533333333333333
230,31,news.hometalk.com,Arts & Entertainment > Humor,2.6166666666666667
232,33,idrlabs.com,Arts & Entertainment > Humor,4.4
233,34,ebaumsworld.com,Arts & Entertainment > Humor,3.35
234,35,watchpeopledie.tv,Arts & Entertainment > Humor,11.366666666666667
235,36,mistrzowie.org,Arts & Entertainment > Humor,3.6666666666666665
236,37,anekdotov.net,Arts & Entertainment > Humor,7.15
237,38,demotivateur.fr,Arts & Entertainment > Humor,1.7666666666666666
238,39,todayhumor.co.kr,Arts & Entertainment > Humor,4.15
239,40,noblemtl.com,Arts & Entertainment > Humor,16.7
241,42,vistoenlasredes.com,Arts & Entertainment > Humor,3.8833333333333333
243,44,sadistic.pl,Arts & Entertainment > Humor,6.6
244,45,cuantarazon.com,Arts & Entertainment > Humor,4.85
245,46,chamsko.pl,Arts & Entertainment > Humor,2.45
246,47,memedroid.com,Arts & Entertainment > Humor,3.6166666666666667
247,48,refresher.sk,Arts & Entertainment > Humor,0.3333333333333333
248,49,atom.com,Arts & Entertainment > Humor,3.0833333333333335
249,50,webfail.com,Arts & Entertainment > Humor,3.033333333333333
251,2,genius.com,Arts & Entertainment > Music,2.25
252,3,soundcloud.com,Arts & Entertainment > Music,6.283333333333333
253,4,npr.org,Arts & Entertainment > Music,2.0166666666666666
254,5,music.yandex.ru,Arts & Entertainment > Music,3.9333333333333336
255,6,y2mate.nu,Arts & Entertainment > Music,4.166666666666667
256,7,hitmotop.com,Arts & Entertainment > Music,4.766666666666667
257,8,ultimate-guitar.com,Arts & Entertainment > Music,5.35
258,9,letras.mus.br,Arts & Entertainment > Music,2.6166666666666667
259,10,letras.com,Arts & Entertainment > Music,1.9166666666666665
260,11,discogs.com,Arts & Entertainment > Music,9.183333333333334
262,13,mnuu.nu,Arts & Entertainment > Music,4.116666666666666
263,14,radio-canada.ca,Arts & Entertainment > Music,3.3666666666666667
264,15,last.fm,Arts & Entertainment > Music,4.65
265,16,bandcamp.com,Arts & Entertainment > Music,4.366666666666666
266,17,radiko.jp,Arts & Entertainment > Music,6.133333333333334
267,18,cadenaser.com,Arts & Entertainment > Music,2.6166666666666667
268,19,iheart.com,Arts & Entertainment > Music,2.4
269,20,uta-net.com,Arts & Entertainment > Music,3.0833333333333335
270,21,radiofrance.fr,Arts & Entertainment > Music,1.7166666666666668
271,22,billboard.com,Arts & Entertainment > Music,1.4833333333333334
272,23,gaana.com,Arts & Entertainment > Music,1.2166666666666668
273,24,bandsintown.com,Arts & Entertainment > Music,1.1
275,26,deezer.com,Arts & Entertainment > Music,3.8833333333333333
276,27,jiosaavn.com,Arts & Entertainment > Music,1.0333333333333334
277,28,rollingstone.com,Arts & Entertainment > Music,1.2166666666666668
278,29,music.163.com,Arts & Entertainment > Music,2.533333333333333
279,30,siriusxm.com,Arts & Entertainment > Music,2.6333333333333333
280,31,worldstarhiphop.com,Arts & Entertainment > Music,5.566666666666666
281,32,radiozet.pl,Arts & Entertainment > Music,1.3666666666666667
282,33,y2mate.lol,Arts & Entertainment > Music,3.8833333333333333
283,34,pandora.com,Arts & Entertainment > Music,3.25
284,35,cifraclub.com.br,Arts & Entertainment > Music,5.783333333333333
285,36,muzofond.fm,Arts & Entertainment > Music,2.6833333333333336
286,37,ummn.nu,Arts & Entertainment > Music,3.716666666666667
287,38,thomann.de,Arts & Entertainment > Music,5.316666666666666
288,39,lnk.to,Arts & Entertainment > Music,0.7
289,40,reverb.com,Arts & Entertainment > Music,5.133333333333334
290,41,rateyourmusic.com,Arts & Entertainment > Music,8.55
291,42,smule.com,Arts & Entertainment > Music,2.9166666666666665
292,43,musescore.com,Arts & Entertainment > Music,3.8666666666666667
293,44,sefon.pro,Arts & Entertainment > Music,3.8
294,45,rtl.fr,Arts & Entertainment > Music,1.1
295,46,fantasanremo.com,Arts & Entertainment > Music,4.05
296,47,faroutmagazine.co.uk,Arts & Entertainment > Music,1.1666666666666667
297,48,chordtela.com,Arts & Entertainment > Music,7.083333333333333
298,49,shazam.com,Arts & Entertainment > Music,1.3666666666666667
299,50,cope.es,Arts & Entertainment > Music,1.2166666666666668
302,3,frontgatetickets.com,Arts & Entertainment > Performing Arts,2.1666666666666665
303,4,framed.wtf,Arts & Entertainment > Performing Arts,2.216666666666667
304,5,backstage.com,Arts & Entertainment > Performing Arts,3.8666666666666667
305,6,intickets.ru,Arts & Entertainment > Performing Arts,2.4166666666666665
306,7,quicktickets.ru,Arts & Entertainment > Performing Arts,3.716666666666667
307,8,shiki.jp,Arts & Entertainment > Performing Arts,5.233333333333333
309,10,broadway.com,Arts & Entertainment > Performing Arts,2.3166666666666664
310,11,ticketon.kz,Arts & Entertainment > Performing Arts,2.45
311,12,kassy.ru,Arts & Entertainment > Performing Arts,2.9833333333333334
312,13,cirquedusoleil.com,Arts & Entertainment > Performing Arts,2.2
313,14,actorsaccess.com,Arts & Entertainment > Performing Arts,6.6
314,15,ticketsource.co.uk,Arts & Entertainment > Performing Arts,2.7666666666666666
315,16,broadwayworld.com,Arts & Entertainment > Performing Arts,1.6333333333333333
316,17,kennedy-center.org,Arts & Entertainment > Performing Arts,1.6166666666666667
317,18,ovationtix.com,Arts & Entertainment > Performing Arts,2.35
318,19,broadwaydirect.com,Arts & Entertainment > Performing Arts,3.2333333333333334
319,20,ticketsolve.com,Arts & Entertainment > Performing Arts,4.816666666666666
320,21,picturehouses.com,Arts & Entertainment > Performing Arts,3.183333333333333
321,22,londontheatre.co.uk,Arts & Entertainment > Performing Arts,2.716666666666667
322,23,whatsonstage.com,Arts & Entertainment > Performing Arts,2.3666666666666667
323,24,vdnh.ru,Arts & Entertainment > Performing Arts,1.5666666666666667
324,25,telecharge.com,Arts & Entertainment > Performing Arts,3.35
325,26,news.autoguide.com,Arts & Entertainment > Performing Arts,1.5
326,27,safronovy.ru,Arts & Entertainment > Performing Arts,1.2
327,28,domorestuff.com,Arts & Entertainment > Performing Arts,2.2
328,29,eventim-inhouse.de,Arts & Entertainment > Performing Arts,3.7
329,30,kvitki.by,Arts & Entertainment > Performing Arts,2.183333333333333
330,31,operadeparis.fr,Arts & Entertainment > Performing Arts,5.783333333333333
331,32,barbican.org.uk,Arts & Entertainment > Performing Arts,2.1
332,33,gorbilet.com,Arts & Entertainment > Performing Arts,1.0666666666666667
333,34,royalalberthall.com,Arts & Entertainment > Performing Arts,2.966666666666667
334,35,medievaltimes.com,Arts & Entertainment > Performing Arts,3.1166666666666667
335,36,mirvish.com,Arts & Entertainment > Performing Arts,2.65
336,37,mariinsky.ru,Arts & Entertainment > Performing Arts,2.3833333333333333
337,38,teatro.it,Arts & Entertainment > Performing Arts,1.4333333333333333
338,39,ludus.com,Arts & Entertainment > Performing Arts,4.216666666666667
339,40,okepi.net,Arts & Entertainment > Performing Arts,6.85
340,41,m-1gp.com,Arts & Entertainment > Performing Arts,1.6166666666666667
341,42,stuki-druki.com,Arts & Entertainment > Performing Arts,1.3666666666666667
342,43,xreal.com,Arts & Entertainment > Performing Arts,2.1666666666666665
343,44,stage-entertainment.de,Arts & Entertainment > Performing Arts,2.6833333333333336
344,45,ticketservices.gr,Arts & Entertainment > Performing Arts,1.4166666666666667
346,47,sxsw.com,Arts & Entertainment > Performing Arts,3.8333333333333335
347,48,rodeohouston.com,Arts & Entertainment > Performing Arts,3.2
349,50,cinemamedley.ru,Arts & Entertainment > Performing Arts,1.3333333333333333
350,1,youtube.com,Arts & Entertainment > Streaming & Online TV,20.783333333333335
351,2,netflix.com,Arts & Entertainment > Streaming & Online TV,7.116666666666666
352,3,imdb.com,Arts & Entertainment > Streaming & Online TV,2.783333333333333
353,4,rutube.ru,Arts & Entertainment > Streaming & Online TV,6.75
355,6,disneyplus.com,Arts & Entertainment > Streaming & Online TV,8.833333333333334
356,7,primevideo.com,Arts & Entertainment > Streaming & Online TV,2.5166666666666666
357,8,max.com,Arts & Entertainment > Streaming & Online TV,7.4
358,9,dailymotion.com,Arts & Entertainment > Streaming & Online TV,4.866666666666667
359,10,hulu.com,Arts & Entertainment > Streaming & Online TV,10.616666666666667
360,11,kinopoisk.ru,Arts & Entertainment > Streaming & Online TV,5.283333333333333
361,12,crunchyroll.com,Arts & Entertainment > Streaming & Online TV,14.316666666666666
362,13,nicovideo.jp,Arts & Entertainment > Streaming & Online TV,9.8
363,14,tenki.jp,Arts & Entertainment > Streaming & Online TV,2.1666666666666665
364,15,hotstar.com,Arts & Entertainment > Streaming & Online TV,7.366666666666666
365,16,xfinity.com,Arts & Entertainment > Streaming & Online TV,6.25
366,17,loobygameshub.com,Arts & Entertainment > Streaming & Online TV,13.833333333333334
367,18,screenrant.com,Arts & Entertainment > Streaming & Online TV,1.35
372,23,zdf.de,Arts & Entertainment > Streaming & Online TV,2.8333333333333335
373,24,peacocktv.com,Arts & Entertainment > Streaming & Online TV,12.166666666666666
374,25,nos.nl,Arts & Entertainment > Streaming & Online TV,4.183333333333334
376,27,sky.com,Arts & Entertainment > Streaming & Online TV,2.3666666666666667
377,28,rottentomatoes.com,Arts & Entertainment > Streaming & Online TV,1.7
378,29,mediaset.it,Arts & Entertainment > Streaming & Online TV,4.316666666666666
379,30,programme-tv.net,Arts & Entertainment > Streaming & Online TV,1.2
380,31,tver.jp,Arts & Entertainment > Streaming & Online TV,6.233333333333333
381,32,paramountplus.com,Arts & Entertainment > Streaming & Online TV,5.45
383,34,abema.tv,Arts & Entertainment > Streaming & Online TV,5.683333333333334
384,35,weathernews.jp,Arts & Entertainment > Streaming & Online TV,2.183333333333333
385,36,justwatch.com,Arts & Entertainment > Streaming & Online TV,1.1333333333333333
387,38,sky.it,Arts & Entertainment > Streaming & Online TV,1.8833333333333333
388,39,bfmtv.com,Arts & Entertainment > Streaming & Online TV,2.4
389,40,orf.at,Arts & Entertainment > Streaming & Online TV,5.25
392,43,nrk.no,Arts & Entertainment > Streaming & Online TV,4.416666666666667
393,44,ndr.de,Arts & Entertainment > Streaming & Online TV,1.85
394,45,ardmediathek.de,Arts & Entertainment > Streaming & Online TV,4.033333333333333
395,46,vimeo.com,Arts & Entertainment > Streaming & Online TV,3.716666666666667
397,48,uakino.me,Arts & Entertainment > Streaming & Online TV,4.883333333333333
398,49,anime-bit.online,Arts & Entertainment > Streaming & Online TV,8.716666666666667
399,50,filmoflix.ad,Arts & Entertainment > Streaming & Online TV,5.383333333333334
400,1,pixiv.net,Arts & Entertainment > Visual Arts and Design,11.416666666666666
401,2,deviantart.com,Arts & Entertainment > Visual Arts and Design,8.3
402,3,behance.net,Arts & Entertainment > Visual Arts and Design,5.483333333333333
403,4,vecteezy.com,Arts & Entertainment > Visual Arts and Design,3.45
404,5,vsco.co,Arts & Entertainment > Visual Arts and Design,2.15
405,6,pngtree.com,Arts & Entertainment > Visual Arts and Design,2.7
406,7,artstation.com,Arts & Entertainment > Visual Arts and Design,5.4
408,9,kaliham.com,Arts & Entertainment > Visual Arts and Design,2.85
409,10,emojicombos.com,Arts & Entertainment > Visual Arts and Design,2.216666666666667
410,11,3d-galleru.ru,Arts & Entertainment > Visual Arts and Design,3.216666666666667
411,12,ezgif.com,Arts & Entertainment > Visual Arts and Design,5.433333333333334
412,13,philo.com,Arts & Entertainment > Visual Arts and Design,3.25
415,16,aydogs.com,Arts & Entertainment > Visual Arts and Design,6.2
417,18,fineartamerica.com,Arts & Entertainment > Visual Arts and Design,3.3
419,20,vectorstock.com,Arts & Entertainment > Visual Arts and Design,2.2
420,21,creativemarket.com,Arts & Entertainment > Visual Arts and Design,3.1
421,22,imgix.net,Arts & Entertainment > Visual Arts and Design,1.35
422,23,pximg.net,Arts & Entertainment > Visual Arts and Design,5.0
423,24,dickblick.com,Arts & Entertainment > Visual Arts and Design,4.3
424,25,artsy.net,Arts & Entertainment > Visual Arts and Design,3.0833333333333335
425,26,wallhaven.cc,Arts & Entertainment > Visual Arts and Design,4.516666666666667
427,28,are.na,Arts & Entertainment > Visual Arts and Design,5.116666666666666
428,29,characterhub.com,Arts & Entertainment > Visual Arts and Design,12.5
429,30,heightcomparison.com,Arts & Entertainment > Visual Arts and Design,1.75
430,31,savetwitter.net,Arts & Entertainment > Visual Arts and Design,2.966666666666667
431,32,news.artnet.com,Arts & Entertainment > Visual Arts and Design,1.05
432,33,artribune.com,Arts & Entertainment > Visual Arts and Design,1.0833333333333333
433,34,saatchiart.com,Arts & Entertainment > Visual Arts and Design,2.65
434,35,line-of-action.com,Arts & Entertainment > Visual Arts and Design,2.7333333333333334
435,36,society6.com,Arts & Entertainment > Visual Arts and Design,2.1166666666666667
436,37,airbrush.com,Arts & Entertainment > Visual Arts and Design,1.75
438,39,spinspin.net,Arts & Entertainment > Visual Arts and Design,4.116666666666666
439,40,iduba.com,Arts & Entertainment > Visual Arts and Design,7.016666666666667
440,41,artmajeur.com,Arts & Entertainment > Visual Arts and Design,2.4333333333333336
441,42,ibispaint.com,Arts & Entertainment > Visual Arts and Design,1.6166666666666667
442,43,inprnt.com,Arts & Entertainment > Visual Arts and Design,1.7333333333333334
443,44,artnews.com,Arts & Entertainment > Visual Arts and Design,0.9
445,46,shotdeck.com,Arts & Entertainment > Visual Arts and Design,7.383333333333334
446,47,fontsinuse.com,Arts & Entertainment > Visual Arts and Design,2.8
447,48,fakeyou.com,Arts & Entertainment > Visual Arts and Design,4.75
449,50,thisiscolossal.com,Arts & Entertainment > Visual Arts and Design,1.1166666666666667
450,1,snapinst.app,Business and Consumer Services > Business and Consumer Services - Other,3.5666666666666664
451,2,liftoff.io,Business and Consumer Services > Business and Consumer Services - Other,0.85
452,3,medium.com,Business and Consumer Services > Business and Consumer Services - Other,2.0833333333333335
453,4,attn.tv,Business and Consumer Services > Business and Consumer Services - Other,0.43333333333333335
454,5,irecommend.ru,Business and Consumer Services > Business and Consumer Services - Other,3.6666666666666665
455,6,flexmls.com,Business and Consumer Services > Business and Consumer Services - Other,5.216666666666667
456,7,askul.co.jp,Business and Consumer Services > Business and Consumer Services - Other,5.183333333333334
457,8,staples.com,Business and Consumer Services > Business and Consumer Services - Other,3.8666666666666667
458,9,zenoti.com,Business and Consumer Services > Business and Consumer Services - Other,13.55
459,10,uline.com,Business and Consumer Services > Business and Consumer Services - Other,3.05
462,13,officedepot.com,Business and Consumer Services > Business and Consumer Services - Other,3.35
463,14,pirateship.com,Business and Consumer Services > Business and Consumer Services - Other,5.616666666666667
464,15,codmon.com,Business and Consumer Services > Business and Consumer Services - Other,12.4
465,16,mcusercontent.com,Business and Consumer Services > Business and Consumer Services - Other,0.8166666666666667
466,17,fastpic.org,Business and Consumer Services > Business and Consumer Services - Other,6.7
467,18,kalunga.com.br,Business and Consumer Services > Business and Consumer Services - Other,4.033333333333333
468,19,entrepreneur.com,Business and Consumer Services > Business and Consumer Services - Other,0.85
469,20,staples.ca,Business and Consumer Services > Business and Consumer Services - Other,2.7
470,21,ymag.cloud,Business and Consumer Services > Business and Consumer Services - Other,2.9833333333333334
471,22,bueromarkt-ag.de,Business and Consumer Services > Business and Consumer Services - Other,3.45
473,24,avery.com,Business and Consumer Services > Business and Consumer Services - Other,6.983333333333333
474,25,lexoffice.de,Business and Consumer Services > Business and Consumer Services - Other,13.133333333333333
475,26,smaregi.jp,Business and Consumer Services > Business and Consumer Services - Other,9.166666666666666
476,27,listafirme.ro,Business and Consumer Services > Business and Consumer Services - Other,2.35
477,28,promobit.com.br,Business and Consumer Services > Business and Consumer Services - Other,3.6666666666666665
478,29,timepad.ru,Business and Consumer Services > Business and Consumer Services - Other,2.5166666666666666
480,31,happyscribe.com,Business and Consumer Services > Business and Consumer Services - Other,3.2666666666666666
481,32,dteenergy.com,Business and Consumer Services > Business and Consumer Services - Other,3.6333333333333333
482,33,startrack.com.au,Business and Consumer Services > Business and Consumer Services - Other,3.0
483,34,comune.milano.it,Business and Consumer Services > Business and Consumer Services - Other,5.033333333333333
484,35,viking.com,Business and Consumer Services > Business and Consumer Services - Other,5.15
486,37,quill.com,Business and Consumer Services > Business and Consumer Services - Other,4.016666666666667
487,38,etrusted.com,Business and Consumer Services > Business and Consumer Services - Other,1.2833333333333332
488,39,sendle.com,Business and Consumer Services > Business and Consumer Services - Other,2.2666666666666666
490,41,ginifab.com,Business and Consumer Services > Business and Consumer Services - Other,0.9833333333333333
491,42,ni-vms.com,Business and Consumer Services > Business and Consumer Services - Other,24.85
492,43,sitejabber.com,Business and Consumer Services > Business and Consumer Services - Other,1.35
493,44,pantone.com,Business and Consumer Services > Business and Consumer Services - Other,2.35
494,45,vistaprint.fr,Business and Consumer Services > Business and Consumer Services - Other,7.816666666666666
495,46,webmail.jimdo.com,Business and Consumer Services > Business and Consumer Services - Other,8.316666666666666
496,47,bestcarton.com,Business and Consumer Services > Business and Consumer Services - Other,1.7333333333333334
497,48,payplug.com,Business and Consumer Services > Business and Consumer Services - Other,3.7
498,49,officemag.ru,Business and Consumer Services > Business and Consumer Services - Other,4.183333333333334
500,1,shopify.com,Business and Consumer Services > Business Services,14.166666666666666
501,2,cybozu.com,Business and Consumer Services > Business Services,23.966666666666665
502,3,shop.app,Business and Consumer Services > Business Services,2.15
503,4,qualtrics.com,Business and Consumer Services > Business Services,2.033333333333333
504,5,narvar.com,Business and Consumer Services > Business Services,1.2
505,6,mynavi.jp,Business and Consumer Services > Business Services,3.1
506,7,search.app,Business and Consumer Services > Business Services,1.1666666666666667
508,9,chatwork.com,Business and Consumer Services > Business Services,25.533333333333335
510,11,squareup.com,Business and Consumer Services > Business Services,4.583333333333333
511,12,klclick.com,Business and Consumer Services > Business Services,0.4666666666666667
513,14,reclameaqui.com.br,Business and Consumer Services > Business Services,2.25
514,15,medallia.com,Business and Consumer Services > Business Services,2.033333333333333
516,17,sbis.ru,Business and Consumer Services > Business Services,9.266666666666667
517,18,statista.com,Business and Consumer Services > Business Services,1.7166666666666668
518,19,canadapost-postescanada.ca,Business and Consumer Services > Business Services,2.3166666666666664
520,21,ycombinator.com,Business and Consumer Services > Business Services,3.0166666666666666
521,22,wp.com,Business and Consumer Services > Business Services,1.5
522,23,rusprofile.ru,Business and Consumer Services > Business Services,2.783333333333333
524,25,niconsul.com,Business and Consumer Services > Business Services,21.616666666666667
525,26,sapsf.com,Business and Consumer Services > Business Services,6.233333333333333
526,27,ahrefs.com,Business and Consumer Services > Business Services,6.516666666666667
527,28,kingoftime.jp,Business and Consumer Services > Business Services,5.716666666666667
528,29,spokeo.com,Business and Consumer Services > Business Services,2.8
529,30,accenture.com,Business and Consumer Services > Business Services,8.766666666666667
530,31,tremendous.com,Business and Consumer Services > Business Services,1.1666666666666667
531,32,saby.ru,Business and Consumer Services > Business Services,6.3
532,33,basecamp.com,Business and Consumer Services > Business Services,14.216666666666667
533,34,booksy.com,Business and Consumer Services > Business Services,4.05
535,36,dataannotation.tech,Business and Consumer Services > Business Services,7.366666666666666
537,38,pm.by,Business and Consumer Services > Business Services,10.033333333333333
538,39,ariba.com,Business and Consumer Services > Business Services,9.416666666666666
539,40,rocketreach.co,Business and Consumer Services > Business Services,2.4833333333333334
540,41,pappers.fr,Business and Consumer Services > Business Services,3.3666666666666667
541,42,tableau.com,Business and Consumer Services > Business Services,6.583333333333333
542,43,pm-srv.co,Business and Consumer Services > Business Services,0.43333333333333335
543,44,newsmemory.com,Business and Consumer Services > Business Services,1.5833333333333335
544,45,rs6.net,Business and Consumer Services > Business Services,1.0
545,46,inc.com,Business and Consumer Services > Business Services,0.8
546,47,navitime.biz,Business and Consumer Services > Business Services,4.833333333333333
547,48,chouseisan.com,Business and Consumer Services > Business Services,2.9833333333333334
548,49,spectrumsurveys.com,Business and Consumer Services > Business Services,3.7
549,50,acuityscheduling.com,Business and Consumer Services > Business Services,5.166666666666667
550,1,linktr.ee,Business and Consumer Services > Digital Marketing,1.5666666666666667
551,2,smadex.com,Business and Consumer Services > Digital Marketing,2.1666666666666665
552,3,kmail-lists.com,Business and Consumer Services > Digital Marketing,0.6
553,4,hubspot.com,Business and Consumer Services > Digital Marketing,19.183333333333334
554,5,adfixus.com,Business and Consumer Services > Digital Marketing,0.25
556,7,bling.com.br,Business and Consumer Services > Digital Marketing,21.35
557,8,youappi.com,Business and Consumer Services > Digital Marketing,0.7166666666666667
558,9,theadex.com,Business and Consumer Services > Digital Marketing,3.4166666666666665
559,10,gemius.com,Business and Consumer Services > Digital Marketing,0.5
560,11,semrush.com,Business and Consumer Services > Digital Marketing,6.35
561,12,noataque.com.br,Business and Consumer Services > Digital Marketing,0.75
562,13,similarweb.com,Business and Consumer Services > Digital Marketing,12.7
563,14,research-panel.jp,Business and Consumer Services > Digital Marketing,3.8333333333333335
564,15,reaper-scan.net,Business and Consumer Services > Digital Marketing,22.6
565,16,webinarjam.com,Business and Consumer Services > Digital Marketing,2.1333333333333333
566,17,gohighlevel.com,Business and Consumer Services > Digital Marketing,14.766666666666667
567,18,ehub.cz,Business and Consumer Services > Digital Marketing,0.21666666666666667
568,19,pubmatic.com,Business and Consumer Services > Digital Marketing,8.616666666666667
569,20,smaato.com,Business and Consumer Services > Digital Marketing,8.983333333333333
570,21,tidd.ly,Business and Consumer Services > Digital Marketing,0.95
571,22,simplycodes.com,Business and Consumer Services > Digital Marketing,2.9833333333333334
572,23,top10.com,Business and Consumer Services > Digital Marketing,0.9666666666666667
573,24,sejaefi.com.br,Business and Consumer Services > Digital Marketing,3.6333333333333333
574,25,publer.com,Business and Consumer Services > Digital Marketing,2.0833333333333335
575,26,getresponse.com,Business and Consumer Services > Digital Marketing,4.416666666666667
576,27,magalu.com,Business and Consumer Services > Digital Marketing,6.4
577,28,clicksign.com,Business and Consumer Services > Digital Marketing,6.483333333333333
578,29,usertesting.com,Business and Consumer Services > Digital Marketing,9.033333333333333
579,30,teachy.com.br,Business and Consumer Services > Digital Marketing,5.266666666666667
580,31,appsamurai.com,Business and Consumer Services > Digital Marketing,1.5166666666666666
581,32,bioma.health,Business and Consumer Services > Digital Marketing,1.3
582,33,urlgeni.us,Business and Consumer Services > Digital Marketing,0.5
583,34,ayetstudios.com,Business and Consumer Services > Digital Marketing,2.0
584,35,flodesk.com,Business and Consumer Services > Digital Marketing,3.216666666666667
585,36,tatlerasia.com,Business and Consumer Services > Digital Marketing,1.4166666666666667
586,37,shoplazza.com,Business and Consumer Services > Digital Marketing,1.0333333333333334
587,38,convertkit.com,Business and Consumer Services > Digital Marketing,0.4166666666666667
588,39,55content.com.br,Business and Consumer Services > Digital Marketing,0.21666666666666667
589,40,impact.com,Business and Consumer Services > Digital Marketing,11.55
590,41,livechat.com,Business and Consumer Services > Digital Marketing,2.7
591,42,hybrid.ai,Business and Consumer Services > Digital Marketing,0.9833333333333333
592,43,statcounter.com,Business and Consumer Services > Digital Marketing,5.25
593,44,blackhatworld.com,Business and Consumer Services > Digital Marketing,4.166666666666667
594,45,yourselfirst.com,Business and Consumer Services > Digital Marketing,6.433333333333334
595,46,cleverreach.com,Business and Consumer Services > Digital Marketing,1.8666666666666667
596,47,remerge.io,Business and Consumer Services > Digital Marketing,0.7666666666666667
597,48,brandbee.io,Business and Consumer Services > Digital Marketing,0.6666666666666666
598,49,leadconnectorhq.com,Business and Consumer Services > Digital Marketing,2.9833333333333334
599,50,salesloft.com,Business and Consumer Services > Digital Marketing,22.516666666666666
601,2,fractionfridgejudiciary.com,Business and Consumer Services > Marketing and Advertising,3.783333333333333
602,3,totaladblock.com,Business and Consumer Services > Marketing and Advertising,3.5666666666666664
604,5,smartnews-ads.com,Business and Consumer Services > Marketing and Advertising,1.9
605,6,hotosena.com,Business and Consumer Services > Marketing and Advertising,1.0166666666666666
608,9,rstyle.me,Business and Consumer Services > Marketing and Advertising,1.6166666666666667
609,10,innovid.com,Business and Consumer Services > Marketing and Advertising,0.55
611,12,cint.com,Business and Consumer Services > Marketing and Advertising,3.9
612,13,ssisurveys.com,Business and Consumer Services > Marketing and Advertising,3.5
613,14,yougov.com,Business and Consumer Services > Marketing and Advertising,4.533333333333333
614,15,constantcontact.com,Business and Consumer Services > Marketing and Advertising,3.3666666666666667
616,17,samplicio.us,Business and Consumer Services > Marketing and Advertising,4.6
617,18,g.page,Business and Consumer Services > Marketing and Advertising,0.55
618,19,appier.net,Business and Consumer Services > Marketing and Advertising,0.7333333333333333
619,20,dpgmedia.nl,Business and Consumer Services > Marketing and Advertising,0.5833333333333334
620,21,alchemer.com,Business and Consumer Services > Marketing and Advertising,2.6333333333333333
621,22,rsch.jp,Business and Consumer Services > Marketing and Advertising,5.616666666666667
622,23,ipsosinteractive.com,Business and Consumer Services > Marketing and Advertising,3.716666666666667
624,25,cpx-research.com,Business and Consumer Services > Marketing and Advertising,3.5833333333333335
625,26,dynalyst.jp,Business and Consumer Services > Marketing and Advertising,1.75
627,28,clubjt.jp,Business and Consumer Services > Marketing and Advertising,2.55
629,30,mobilexpression.com,Business and Consumer Services > Marketing and Advertising,1.4166666666666667
630,31,msha.ke,Business and Consumer Services > Marketing and Advertising,0.35
631,32,lifepointspanel.com,Business and Consumer Services > Marketing and Advertising,6.866666666666667
633,34,ipsosisay.com,Business and Consumer Services > Marketing and Advertising,4.85
636,37,cloudresearch.com,Business and Consumer Services > Marketing and Advertising,5.416666666666667
637,38,arminius.io,Business and Consumer Services > Marketing and Advertising,0.3
639,40,surveyjunkie.com,Business and Consumer Services > Marketing and Advertising,8.483333333333333
640,41,empower.com,Business and Consumer Services > Marketing and Advertising,1.0833333333333333
641,42,anketolog.ru,Business and Consumer Services > Marketing and Advertising,2.1666666666666665
642,43,vista.com,Business and Consumer Services > Marketing and Advertising,3.716666666666667
643,44,traffichaus.com,Business and Consumer Services > Marketing and Advertising,0.5833333333333334
645,46,sprinklr.com,Business and Consumer Services > Marketing and Advertising,6.266666666666667
646,47,brevo.com,Business and Consumer Services > Marketing and Advertising,10.3
647,48,cross-m.co.jp,Business and Consumer Services > Marketing and Advertising,2.4333333333333336
648,49,surveoo.com,Business and Consumer Services > Marketing and Advertising,3.9333333333333336
650,1,hausfrage.de,Business and Consumer Services > Moving & Relocation,0.75
651,2,astound.com,Business and Consumer Services > Moving & Relocation,3.0166666666666666
652,3,igv.com,Business and Consumer Services > Moving & Relocation,2.7
654,5,smartmoving.com,Business and Consumer Services > Moving & Relocation,15.283333333333333
655,6,allconnect.com,Business and Consumer Services > Moving & Relocation,0.7833333333333333
656,7,taikyokun.com,Business and Consumer Services > Moving & Relocation,9.066666666666666
659,10,sincellclinic.com,Business and Consumer Services > Moving & Relocation,1.1833333333333333
660,11,supermove.co,Business and Consumer Services > Moving & Relocation,7.15
661,12,budgetsmart.net,Business and Consumer Services > Moving & Relocation,1.0333333333333334
662,13,everreal.co,Business and Consumer Services > Moving & Relocation,1.35
663,14,umziehen.de,Business and Consumer Services > Moving & Relocation,1.1333333333333333
664,15,comparemymove.com,Business and Consumer Services > Moving & Relocation,1.2166666666666668
665,16,mietrecht.com,Business and Consumer Services > Moving & Relocation,1.1333333333333333
666,17,reallymoving.com,Business and Consumer Services > Moving & Relocation,12.783333333333333
667,18,mypieceofcakemove.com,Business and Consumer Services > Moving & Relocation,1.9333333333333333
668,19,promietrecht.de,Business and Consumer Services > Moving & Relocation,1.5166666666666666
669,20,smooth.jp,Business and Consumer Services > Moving & Relocation,0.5
670,21,allmysons.com,Business and Consumer Services > Moving & Relocation,1.9166666666666665
671,22,hireahelper.com,Business and Consumer Services > Moving & Relocation,1.6666666666666665
672,23,tokyobeta.jp,Business and Consumer Services > Moving & Relocation,2.1
673,24,movebuddha.com,Business and Consumer Services > Moving & Relocation,0.7333333333333333
674,25,movingwaldo.com,Business and Consumer Services > Moving & Relocation,0.95
675,26,narutouacjp.sharepoint.com,Business and Consumer Services > Moving & Relocation,
676,27,jonan73.jp,Business and Consumer Services > Moving & Relocation,3.2
677,28,mieterengel.de,Business and Consumer Services > Moving & Relocation,1.85
678,29,2movers.com,Business and Consumer Services > Moving & Relocation,0.6833333333333333
680,31,strideup.co,Business and Consumer Services > Moving & Relocation,2.716666666666667
681,32,mieterhilfeverein.de,Business and Consumer Services > Moving & Relocation,0.9333333333333333
682,33,budenheld.de,Business and Consumer Services > Moving & Relocation,1.6166666666666667
684,35,sirva.com,Business and Consumer Services > Moving & Relocation,5.266666666666667
685,36,move.org,Business and Consumer Services > Moving & Relocation,1.35
686,37,movetrac.com,Business and Consumer Services > Moving & Relocation,2.283333333333333
687,38,iammoving.com,Business and Consumer Services > Moving & Relocation,0.15
688,39,graebel.com,Business and Consumer Services > Moving & Relocation,5.583333333333333
690,41,spectrumonlineoffers.com,Business and Consumer Services > Moving & Relocation,2.183333333333333
692,43,northamerican.com,Business and Consumer Services > Moving & Relocation,1.05
693,44,sumai-kyokasho.net,Business and Consumer Services > Moving & Relocation,1.5166666666666666
694,45,homeservices.com,Business and Consumer Services > Moving & Relocation,0.7666666666666667
695,46,abg.de,Business and Consumer Services > Moving & Relocation,1.0333333333333334
696,47,j-jp.jp,Business and Consumer Services > Moving & Relocation,0.3333333333333333
697,48,surveybooker.co.uk,Business and Consumer Services > Moving & Relocation,4.6
699,50,americanvanlines.com,Business and Consumer Services > Moving & Relocation,0.5666666666666667
700,1,springer.com,Business and Consumer Services > Printing & Self Publishing,3.216666666666667
702,3,calameo.com,Business and Consumer Services > Printing & Self Publishing,1.95
703,4,frns.in,Business and Consumer Services > Printing & Self Publishing,1.45
704,5,ebsco.com,Business and Consumer Services > Printing & Self Publishing,5.116666666666666
705,6,shueisha.online,Business and Consumer Services > Printing & Self Publishing,2.466666666666667
706,7,povo.jp,Business and Consumer Services > Printing & Self Publishing,3.283333333333333
707,8,vistaprint.com,Business and Consumer Services > Printing & Self Publishing,6.6
709,10,unobravo.com,Business and Consumer Services > Printing & Self Publishing,3.1333333333333333
710,11,emerald.com,Business and Consumer Services > Printing & Self Publishing,2.75
711,12,hubscuola.it,Business and Consumer Services > Printing & Self Publishing,10.783333333333333
712,13,lerobert.com,Business and Consumer Services > Printing & Self Publishing,2.033333333333333
713,14,condenast.com,Business and Consumer Services > Printing & Self Publishing,0.7333333333333333
714,15,tospo-keiba.jp,Business and Consumer Services > Printing & Self Publishing,3.0833333333333335
715,16,printfriendly.com,Business and Consumer Services > Printing & Self Publishing,1.6333333333333333
718,19,nowaera.pl,Business and Consumer Services > Printing & Self Publishing,4.3
719,20,sanoma.fi,Business and Consumer Services > Printing & Self Publishing,1.3833333333333333
720,21,printpac.co.jp,Business and Consumer Services > Printing & Self Publishing,9.116666666666667
721,22,querie.me,Business and Consumer Services > Printing & Self Publishing,2.0
722,23,stickermule.com,Business and Consumer Services > Printing & Self Publishing,2.25
723,24,agniban.com,Business and Consumer Services > Printing & Self Publishing,1.8
724,25,abeka.com,Business and Consumer Services > Printing & Self Publishing,6.116666666666666
725,26,wolterskluwer.pl,Business and Consumer Services > Printing & Self Publishing,2.2333333333333334
726,27,maruzenjunkudo.co.jp,Business and Consumer Services > Printing & Self Publishing,2.1166666666666667
727,28,devoto-oli-junior.it,Business and Consumer Services > Printing & Self Publishing,0.5
728,29,lulu.com,Business and Consumer Services > Printing & Self Publishing,4.083333333333333
729,30,vistaprint.com.au,Business and Consumer Services > Printing & Self Publishing,4.433333333333334
730,31,deluxe.com,Business and Consumer Services > Printing & Self Publishing,4.7
731,32,acx.com,Business and Consumer Services > Printing & Self Publishing,3.4333333333333336
732,33,tkj.jp,Business and Consumer Services > Printing & Self Publishing,2.2333333333333334
734,35,gelato.com,Business and Consumer Services > Printing & Self Publishing,5.55
735,36,ehonnavi.net,Business and Consumer Services > Printing & Self Publishing,2.85
736,37,liebertpub.com,Business and Consumer Services > Printing & Self Publishing,1.4166666666666667
737,38,flyeralarm.com,Business and Consumer Services > Printing & Self Publishing,5.416666666666667
738,39,otava.fi,Business and Consumer Services > Printing & Self Publishing,14.333333333333334
739,40,vistaprint.co.uk,Business and Consumer Services > Printing & Self Publishing,6.783333333333333
740,41,php.co.jp,Business and Consumer Services > Printing & Self Publishing,2.2
741,42,edelweiss.plus,Business and Consumer Services > Printing & Self Publishing,11.933333333333334
742,43,mediasphera.ru,Business and Consumer Services > Printing & Self Publishing,0.6833333333333333
743,44,printavo.com,Business and Consumer Services > Printing & Self Publishing,16.483333333333334
744,45,moo.com,Business and Consumer Services > Printing & Self Publishing,4.583333333333333
745,46,portalebambini.it,Business and Consumer Services > Printing & Self Publishing,1.8166666666666667
746,47,igi-global.com,Business and Consumer Services > Printing & Self Publishing,1.5
747,48,secutix.com,Business and Consumer Services > Printing & Self Publishing,4.766666666666667
748,49,pianetabambini.it,Business and Consumer Services > Printing & Self Publishing,3.6166666666666667
749,50,hachettebookgroup.com,Business and Consumer Services > Printing & Self Publishing,0.7166666666666667
750,1,zillow.com,Business and Consumer Services > Real Estate,5.966666666666667
752,3,redfin.com,Business and Consumer Services > Real Estate,4.35
753,4,rightmove.co.uk,Business and Consumer Services > Real Estate,8.3
755,6,idealista.com,Business and Consumer Services > Real Estate,7.366666666666666
756,7,homes.com,Business and Consumer Services > Real Estate,4.2
759,10,immobilienscout24.de,Business and Consumer Services > Real Estate,6.5
760,11,homes.co.jp,Business and Consumer Services > Real Estate,5.3
761,12,immobiliare.it,Business and Consumer Services > Real Estate,6.483333333333333
762,13,idealista.it,Business and Consumer Services > Real Estate,6.166666666666667
763,14,cian.ru,Business and Consumer Services > Real Estate,6.616666666666667
764,15,realtor.ca,Business and Consumer Services > Real Estate,6.383333333333334
765,16,trulia.com,Business and Consumer Services > Real Estate,4.966666666666667
766,17,funda.nl,Business and Consumer Services > Real Estate,5.683333333333334
767,18,zoopla.co.uk,Business and Consumer Services > Real Estate,6.516666666666667
770,21,seloger.com,Business and Consumer Services > Real Estate,5.116666666666666
771,22,otodom.pl,Business and Consumer Services > Real Estate,5.266666666666667
772,23,zapimoveis.com.br,Business and Consumer Services > Real Estate,5.7
773,24,appfolio.com,Business and Consumer Services > Real Estate,7.933333333333334
775,26,domain.com.au,Business and Consumer Services > Real Estate,5.066666666666666
776,27,quintoandar.com.br,Business and Consumer Services > Real Estate,4.166666666666667
777,28,onthemarket.com,Business and Consumer Services > Real Estate,5.016666666666667
778,29,vivareal.com.br,Business and Consumer Services > Real Estate,5.533333333333333
779,30,onehome.com,Business and Consumer Services > Real Estate,4.733333333333333
780,31,property24.com,Business and Consumer Services > Real Estate,5.716666666666667
781,32,housing.com,Business and Consumer Services > Real Estate,3.3166666666666664
782,33,immowelt.de,Business and Consumer Services > Real Estate,5.1
783,34,hemnet.se,Business and Consumer Services > Real Estate,5.3
784,35,matterport.com,Business and Consumer Services > Real Estate,2.25
785,36,chavesnamao.com.br,Business and Consumer Services > Real Estate,10.0
786,37,realestate.yahoo.co.jp,Business and Consumer Services > Real Estate,1.5833333333333335
787,38,fotocasa.es,Business and Consumer Services > Real Estate,4.466666666666667
788,39,centris.ca,Business and Consumer Services > Real Estate,7.583333333333333
789,40,nobroker.in,Business and Consumer Services > Real Estate,3.8166666666666664
791,42,magicbricks.com,Business and Consumer Services > Real Estate,3.3666666666666667
792,43,hepsiemlak.com,Business and Consumer Services > Real Estate,5.35
793,44,zonaprop.com.ar,Business and Consumer Services > Real Estate,5.816666666666666
794,45,casa.it,Business and Consumer Services > Real Estate,4.4
795,46,idealista.pt,Business and Consumer Services > Real Estate,7.866666666666667
796,47,bienici.com,Business and Consumer Services > Real Estate,4.2
797,48,emlakjet.com,Business and Consumer Services > Real Estate,4.316666666666666
799,50,batdongsan.com.vn,Business and Consumer Services > Real Estate,6.4
800,1,usps.com,Business and Consumer Services > Shipping and Logistics,2.7333333333333334
802,3,fedex.com,Business and Consumer Services > Shipping and Logistics,3.283333333333333
804,5,dhl.de,Business and Consumer Services > Shipping and Logistics,2.65
806,7,evri.com,Business and Consumer Services > Shipping and Logistics,3.466666666666667
807,8,jorudan.co.jp,Business and Consumer Services > Shipping and Logistics,4.133333333333334
809,10,myhermes.de,Business and Consumer Services > Shipping and Logistics,1.8166666666666667
810,11,17track.net,Business and Consumer Services > Shipping and Logistics,2.1
811,12,pochta.ru,Business and Consumer Services > Shipping and Logistics,3.533333333333333
813,14,auspost.com.au,Business and Consumer Services > Shipping and Logistics,3.0166666666666666
814,15,cdek.ru,Business and Consumer Services > Shipping and Logistics,10.283333333333333
816,17,dpd.de,Business and Consumer Services > Shipping and Logistics,2.8833333333333333
817,18,dpdgroup.com,Business and Consumer Services > Shipping and Logistics,2.466666666666667
821,22,mondialrelay.fr,Business and Consumer Services > Shipping and Logistics,1.8333333333333335
822,23,chronopost.fr,Business and Consumer Services > Shipping and Logistics,2.183333333333333
823,24,ptt.gov.tr,Business and Consumer Services > Shipping and Logistics,2.1166666666666667
824,25,inpost.pl,Business and Consumer Services > Shipping and Logistics,2.25
825,26,aftership.com,Business and Consumer Services > Shipping and Logistics,1.5833333333333335
826,27,dpd.co.uk,Business and Consumer Services > Shipping and Logistics,3.95
827,28,aramex.com,Business and Consumer Services > Shipping and Logistics,2.0166666666666666
828,29,shipstation.com,Business and Consumer Services > Shipping and Logistics,8.283333333333333
829,30,ati.su,Business and Consumer Services > Shipping and Logistics,15.65
831,32,correos.es,Business and Consumer Services > Shipping and Logistics,2.966666666666667
833,34,track24.ru,Business and Consumer Services > Shipping and Logistics,1.1
834,35,ontrac.com,Business and Consumer Services > Shipping and Logistics,2.0833333333333335
835,36,vesselfinder.com,Business and Consumer Services > Shipping and Logistics,3.1666666666666665
836,37,dpd.com,Business and Consumer Services > Shipping and Logistics,1.45
837,38,novaposhta.ua,Business and Consumer Services > Shipping and Logistics,6.366666666666666
838,39,mngkargo.com.tr,Business and Consumer Services > Shipping and Logistics,1.7166666666666668
839,40,purolator.com,Business and Consumer Services > Shipping and Logistics,4.016666666666667
840,41,gls-group.eu,Business and Consumer Services > Shipping and Logistics,1.8166666666666667
841,42,gls-pakete.de,Business and Consumer Services > Shipping and Logistics,1.8
843,44,post.ch,Business and Consumer Services > Shipping and Logistics,3.3
846,47,samsara.com,Business and Consumer Services > Shipping and Logistics,16.366666666666667
847,48,yurticikargo.com,Business and Consumer Services > Shipping and Logistics,4.116666666666666
850,1,vevor.com,Business and Consumer Services > Textiles,2.5833333333333335
852,3,brother.co.jp,Business and Consumer Services > Textiles,3.8333333333333335
853,4,messefrankfurt.com,Business and Consumer Services > Textiles,2.066666666666667
855,6,jysk.com,Business and Consumer Services > Textiles,2.6666666666666665
856,7,volza.com,Business and Consumer Services > Textiles,2.716666666666667
857,8,raskinexecsearch.com,Business and Consumer Services > Textiles,1.2666666666666666
858,9,burlington.com,Business and Consumer Services > Textiles,2.0166666666666666
862,13,visualcomfort.com,Business and Consumer Services > Textiles,5.133333333333334
863,14,made-in.be,Business and Consumer Services > Textiles,1.2
864,15,karsten.com.br,Business and Consumer Services > Textiles,2.466666666666667
866,17,shopvox.com,Business and Consumer Services > Textiles,21.083333333333332
867,18,naperol.com,Business and Consumer Services > Textiles,43.916666666666664
868,19,go4worldbusiness.com,Business and Consumer Services > Textiles,2.85
869,20,shinsegaegroupnewsroom.com,Business and Consumer Services > Textiles,2.65
870,21,kita.net,Business and Consumer Services > Textiles,5.016666666666667
871,22,exxon.com,Business and Consumer Services > Textiles,1.4166666666666667
873,24,tendata.cn,Business and Consumer Services > Textiles,4.433333333333334
874,25,abfrl.com,Business and Consumer Services > Textiles,2.0833333333333335
875,26,intertek.com,Business and Consumer Services > Textiles,2.3166666666666664
876,27,infosalons.com.cn,Business and Consumer Services > Textiles,0.35
877,28,bharat-tex.com,Business and Consumer Services > Textiles,8.883333333333333
878,29,odpbusiness.com,Business and Consumer Services > Textiles,5.45
879,30,designinfo.in,Business and Consumer Services > Textiles,0.8
880,31,qima.com,Business and Consumer Services > Textiles,1.2666666666666666
881,32,synchronybusiness.com,Business and Consumer Services > Textiles,5.7
882,33,dmc.com,Business and Consumer Services > Textiles,2.7333333333333334
883,34,chevignon.com.co,Business and Consumer Services > Textiles,4.066666666666666
884,35,fourhands.com,Business and Consumer Services > Textiles,5.85
886,37,ninja-sign.com,Business and Consumer Services > Textiles,6.316666666666666
887,38,sk.com,Business and Consumer Services > Textiles,1.8666666666666667
889,40,spa-cloud.com,Business and Consumer Services > Textiles,4.45
890,41,trademo.com,Business and Consumer Services > Textiles,2.7333333333333334
891,42,adityabirla.com,Business and Consumer Services > Textiles,2.5
892,43,gore.com,Business and Consumer Services > Textiles,1.1166666666666667
894,45,lemaire.fr,Business and Consumer Services > Textiles,2.033333333333333
895,46,candy-group.com,Business and Consumer Services > Textiles,0.35
896,47,vzconnect.com,Business and Consumer Services > Textiles,1.4666666666666668
897,48,pidilite.com,Business and Consumer Services > Textiles,11.75
898,49,voltas.com,Business and Consumer Services > Textiles,1.1
899,50,toscano.it,Business and Consumer Services > Textiles,2.066666666666667
1300,1,vkvideo.ru,Computers Electronics and Technology > Computer Hardware,7.0
1301,2,comick.io,Computers Electronics and Technology > Computer Hardware,12.633333333333333
1302,3,ixbt.com,Computers Electronics and Technology > Computer Hardware,1.5166666666666666
1303,4,lenovo.com,Computers Electronics and Technology > Computer Hardware,4.133333333333334
1304,5,nvidia.com,Computers Electronics and Technology > Computer Hardware,3.3833333333333333
1305,6,dell.com,Computers Electronics and Technology > Computer Hardware,4.333333333333333
1306,7,asus.com,Computers Electronics and Technology > Computer Hardware,3.7333333333333334
1307,8,zoom.com,Computers Electronics and Technology > Computer Hardware,1.5666666666666667
1308,9,ibm.com,Computers Electronics and Technology > Computer Hardware,6.1
1309,10,nova.rs,Computers Electronics and Technology > Computer Hardware,1.7
1310,11,intel.com,Computers Electronics and Technology > Computer Hardware,3.9333333333333336
1311,12,msi.com,Computers Electronics and Technology > Computer Hardware,3.183333333333333
1312,13,tomshardware.com,Computers Electronics and Technology > Computer Hardware,1.2166666666666668
1313,14,amd.com,Computers Electronics and Technology > Computer Hardware,3.4
1314,15,apple.com.cn,Computers Electronics and Technology > Computer Hardware,1.8333333333333335
1315,16,technical.city,Computers Electronics and Technology > Computer Hardware,2.65
1316,17,overclockers.ru,Computers Electronics and Technology > Computer Hardware,1.4
1317,18,3dnews.ru,Computers Electronics and Technology > Computer Hardware,1.6
1318,19,microcenter.com,Computers Electronics and Technology > Computer Hardware,4.616666666666667
1319,20,ricoh.com,Computers Electronics and Technology > Computer Hardware,9.383333333333333
1320,21,pcpartpicker.com,Computers Electronics and Technology > Computer Hardware,8.033333333333333
1321,22,notebookcheck.com,Computers Electronics and Technology > Computer Hardware,1.3333333333333333
1323,24,arduino.cc,Computers Electronics and Technology > Computer Hardware,4.85
1324,25,litetekno.com,Computers Electronics and Technology > Computer Hardware,2.6666666666666665
1327,28,gigabyte.com,Computers Electronics and Technology > Computer Hardware,3.3333333333333335
1328,29,neoseeker.com,Computers Electronics and Technology > Computer Hardware,3.3
1329,30,fujitsu.com,Computers Electronics and Technology > Computer Hardware,8.4
1330,31,corsair.com,Computers Electronics and Technology > Computer Hardware,2.183333333333333
1331,32,pc-koubou.jp,Computers Electronics and Technology > Computer Hardware,3.2666666666666666
1333,34,geni.us,Computers Electronics and Technology > Computer Hardware,0.9666666666666667
1334,35,techspot.com,Computers Electronics and Technology > Computer Hardware,1.3
1335,36,lenovo.com.cn,Computers Electronics and Technology > Computer Hardware,3.25
1336,37,asrock.com,Computers Electronics and Technology > Computer Hardware,3.1
1337,38,sweclockers.com,Computers Electronics and Technology > Computer Hardware,3.966666666666667
1338,39,benchmark.pl,Computers Electronics and Technology > Computer Hardware,0.9333333333333333
1340,41,westerndigital.com,Computers Electronics and Technology > Computer Hardware,1.9
1341,42,guru3d.com,Computers Electronics and Technology > Computer Hardware,1.1166666666666667
1343,44,adrenaline.com.br,Computers Electronics and Technology > Computer Hardware,0.75
1344,45,gigatron.rs,Computers Electronics and Technology > Computer Hardware,2.3833333333333333
1347,48,gazlog.jp,Computers Electronics and Technology > Computer Hardware,1.2
1348,49,overclockers.co.uk,Computers Electronics and Technology > Computer Hardware,2.9833333333333334
1349,50,zfrontier.com,Computers Electronics and Technology > Computer Hardware,1.2333333333333334
1350,1,duosecurity.com,Computers Electronics and Technology > Computer Security,1.0166666666666666
1351,2,adblockplus.org,Computers Electronics and Technology > Computer Security,0.13333333333333333
1352,3,pages.dev,Computers Electronics and Technology > Computer Security,2.966666666666667
1354,5,mywot.com,Computers Electronics and Technology > Computer Security,0.11666666666666667
1355,6,360.cn,Computers Electronics and Technology > Computer Security,1.8
1356,7,cloudflare.com,Computers Electronics and Technology > Computer Security,5.183333333333334
1357,8,norton.com,Computers Electronics and Technology > Computer Security,3.05
1358,9,mcafee.com,Computers Electronics and Technology > Computer Security,1.6333333333333333
1359,10,totalav.com,Computers Electronics and Technology > Computer Security,1.1666666666666667
1360,11,bcnexum.com,Computers Electronics and Technology > Computer Security,23.8
1362,13,virustotal.com,Computers Electronics and Technology > Computer Security,2.8333333333333335
1364,15,n.cn,Computers Electronics and Technology > Computer Security,4.816666666666666
1366,17,kaspersky.com,Computers Electronics and Technology > Computer Security,3.216666666666667
1367,18,topicrich.com,Computers Electronics and Technology > Computer Security,11.65
1368,19,odysee.com,Computers Electronics and Technology > Computer Security,3.75
1369,20,lanzouw.com,Computers Electronics and Technology > Computer Security,1.7833333333333332
1372,23,kmcert.com,Computers Electronics and Technology > Computer Security,1.6166666666666667
1373,24,avg.com,Computers Electronics and Technology > Computer Security,1.55
1374,25,bitdefender.com,Computers Electronics and Technology > Computer Security,3.533333333333333
1376,27,hoathinh3d.live,Computers Electronics and Technology > Computer Security,8.616666666666667
1377,28,linux.do,Computers Electronics and Technology > Computer Security,12.316666666666666
1378,29,faselplus.com,Computers Electronics and Technology > Computer Security,6.133333333333334
1379,30,eset.com,Computers Electronics and Technology > Computer Security,4.3
1380,31,opendns.com,Computers Electronics and Technology > Computer Security,1.9666666666666668
1381,32,comss.ru,Computers Electronics and Technology > Computer Security,2.6166666666666667
1382,33,santanderopenacademy.com,Computers Electronics and Technology > Computer Security,5.933333333333334
1383,34,avira.com,Computers Electronics and Technology > Computer Security,1.85
1384,35,theregister.com,Computers Electronics and Technology > Computer Security,2.183333333333333
1385,36,pimeyes.com,Computers Electronics and Technology > Computer Security,3.533333333333333
1387,38,fortinet.com,Computers Electronics and Technology > Computer Security,6.516666666666667
1390,41,paloaltonetworks.com,Computers Electronics and Technology > Computer Security,4.616666666666667
1392,43,tryhackme.com,Computers Electronics and Technology > Computer Security,5.083333333333333
1393,44,knowbe4.com,Computers Electronics and Technology > Computer Security,8.833333333333334
1394,45,lanzouv.com,Computers Electronics and Technology > Computer Security,1.5
1395,46,itglue.com,Computers Electronics and Technology > Computer Security,8.733333333333333
1396,47,yandex.cloud,Computers Electronics and Technology > Computer Security,4.533333333333333
1397,48,downdetector.su,Computers Electronics and Technology > Computer Security,1.4333333333333333
1398,49,pingidentity.com,Computers Electronics and Technology > Computer Security,2.2333333333333334
1399,50,vpnoverview.com,Computers Electronics and Technology > Computer Security,0.8666666666666667
1400,1,sharepoint.com,Computers Electronics and Technology > Computers Electronics and Technology - Other,7.55
1401,2,t.me,Computers Electronics and Technology > Computers Electronics and Technology - Other,2.8333333333333335
1402,3,zoom.us,Computers Electronics and Technology > Computers Electronics and Technology - Other,3.65
1403,4,openai.com,Computers Electronics and Technology > Computers Electronics and Technology - Other,1.7833333333333332
1405,6,brave.com,Computers Electronics and Technology > Computers Electronics and Technology - Other,3.85
1406,7,aol.com,Computers Electronics and Technology > Computers Electronics and Technology - Other,10.5
1407,8,kakao.com,Computers Electronics and Technology > Computers Electronics and Technology - Other,2.85
1408,9,character.ai,Computers Electronics and Technology > Computers Electronics and Technology - Other,17.383333333333333
1409,10,note.com,Computers Electronics and Technology > Computers Electronics and Technology - Other,2.5833333333333335
1410,11,wordpress.com,Computers Electronics and Technology > Computers Electronics and Technology - Other,3.9166666666666665
1411,12,okta.com,Computers Electronics and Technology > Computers Electronics and Technology - Other,3.85
1412,13,tistory.com,Computers Electronics and Technology > Computers Electronics and Technology - Other,3.6666666666666665
1413,14,notion.so,Computers Electronics and Technology > Computers Electronics and Technology - Other,9.133333333333333
1414,15,adjust.com,Computers Electronics and Technology > Computers Electronics and Technology - Other,1.0
1415,16,cloud.mail.ru,Computers Electronics and Technology > Computers Electronics and Technology - Other,5.0
1416,17,kick.com,Computers Electronics and Technology > Computers Electronics and Technology - Other,8.333333333333334
1418,19,speedtest.net,Computers Electronics and Technology > Computers Electronics and Technology - Other,2.6333333333333333
1419,20,goo.gl,Computers Electronics and Technology > Computers Electronics and Technology - Other,0.7333333333333333
1420,21,amazonaws.com,Computers Electronics and Technology > Computers Electronics and Technology - Other,3.6833333333333336
1421,22,itmedia.co.jp,Computers Electronics and Technology > Computers Electronics and Technology - Other,1.6833333333333333
1422,23,figma.com,Computers Electronics and Technology > Computers Electronics and Technology - Other,14.016666666666667
1423,24,zendesk.com,Computers Electronics and Technology > Computers Electronics and Technology - Other,7.616666666666667
1426,27,pantip.com,Computers Electronics and Technology > Computers Electronics and Technology - Other,2.5166666666666666
1427,28,g.co,Computers Electronics and Technology > Computers Electronics and Technology - Other,0.75
1428,29,gsmarena.com,Computers Electronics and Technology > Computers Electronics and Technology - Other,2.8666666666666667
1429,30,weibo.cn,Computers Electronics and Technology > Computers Electronics and Technology - Other,6.55
1430,31,fast.com,Computers Electronics and Technology > Computers Electronics and Technology - Other,1.7833333333333332
1431,32,hotmart.com,Computers Electronics and Technology > Computers Electronics and Technology - Other,6.566666666666666
1432,33,stackexchange.com,Computers Electronics and Technology > Computers Electronics and Technology - Other,1.7666666666666666
1433,34,ppomppu.co.kr,Computers Electronics and Technology > Computers Electronics and Technology - Other,9.883333333333333
1435,36,chip.de,Computers Electronics and Technology > Computers Electronics and Technology - Other,1.25
1436,37,croxyproxy.com,Computers Electronics and Technology > Computers Electronics and Technology - Other,1.35
1437,38,att.net,Computers Electronics and Technology > Computers Electronics and Technology - Other,2.6833333333333336
1438,39,guard.io,Computers Electronics and Technology > Computers Electronics and Technology - Other,1.5166666666666666
1439,40,tinyurl.com,Computers Electronics and Technology > Computers Electronics and Technology - Other,0.9166666666666666
1440,41,free.fr,Computers Electronics and Technology > Computers Electronics and Technology - Other,5.483333333333333
1441,42,xataka.com,Computers Electronics and Technology > Computers Electronics and Technology - Other,0.9
1442,43,music.apple.com,Computers Electronics and Technology > Computers Electronics and Technology - Other,3.033333333333333
1443,44,tomsguide.com,Computers Electronics and Technology > Computers Electronics and Technology - Other,1.1833333333333333
1444,45,telegram.me,Computers Electronics and Technology > Computers Electronics and Technology - Other,1.6
1446,47,asana.com,Computers Electronics and Technology > Computers Electronics and Technology - Other,11.45
1447,48,surveymonkey.com,Computers Electronics and Technology > Computers Electronics and Technology - Other,2.1166666666666667
1448,49,tencent.com,Computers Electronics and Technology > Computers Electronics and Technology - Other,4.933333333333334
1450,1,samsung.com,Computers Electronics and Technology > Consumer Electronics,1.6666666666666665
1451,2,apple.com,Computers Electronics and Technology > Consumer Electronics,2.5
1452,3,bestbuy.com,Computers Electronics and Technology > Consumer Electronics,4.266666666666667
1453,4,huawei.com,Computers Electronics and Technology > Consumer Electronics,9.8
1454,5,hp.com,Computers Electronics and Technology > Consumer Electronics,4.466666666666667
1455,6,mi.com,Computers Electronics and Technology > Consumer Electronics,2.7
1456,7,mediaexpert.pl,Computers Electronics and Technology > Consumer Electronics,3.4333333333333336
1458,9,danawa.com,Computers Electronics and Technology > Consumer Electronics,4.933333333333334
1459,10,samsung.com.cn,Computers Electronics and Technology > Consumer Electronics,0.9333333333333333
1461,12,sony.com,Computers Electronics and Technology > Consumer Electronics,1.9666666666666668
1462,13,mediamarkt.de,Computers Electronics and Technology > Consumer Electronics,3.3333333333333335
1463,14,ring.com,Computers Electronics and Technology > Consumer Electronics,3.8166666666666664
1464,15,lg.com,Computers Electronics and Technology > Consumer Electronics,2.183333333333333
1465,16,roku.com,Computers Electronics and Technology > Consumer Electronics,4.616666666666667
1466,17,cellphones.com.vn,Computers Electronics and Technology > Consumer Electronics,2.5833333333333335
1468,19,shop.samsung.com.cn,Computers Electronics and Technology > Consumer Electronics,2.2333333333333334
1469,20,shop.samsung.com,Computers Electronics and Technology > Consumer Electronics,2.0
1470,21,jbhifi.com.au,Computers Electronics and Technology > Consumer Electronics,3.6166666666666667
1473,24,euro.com.pl,Computers Electronics and Technology > Consumer Electronics,2.5
1474,25,versus.com,Computers Electronics and Technology > Consumer Electronics,2.15
1475,26,fptshop.com.vn,Computers Electronics and Technology > Consumer Electronics,3.4333333333333336
1476,27,bestbuy.ca,Computers Electronics and Technology > Consumer Electronics,3.3666666666666667
1477,28,newegg.com,Computers Electronics and Technology > Consumer Electronics,4.566666666666666
1478,29,realme.com,Computers Electronics and Technology > Consumer Electronics,1.5166666666666666
1479,30,rfgricoh.sharepoint.com,Computers Electronics and Technology > Consumer Electronics,12.816666666666666
1480,31,bhphotovideo.com,Computers Electronics and Technology > Consumer Electronics,3.283333333333333
1481,32,vivo.com,Computers Electronics and Technology > Consumer Electronics,1.2166666666666668
1484,35,oppo.com,Computers Electronics and Technology > Consumer Electronics,1.6
1485,36,kabum.com.br,Computers Electronics and Technology > Consumer Electronics,3.966666666666667
1487,38,panasonic.jp,Computers Electronics and Technology > Consumer Electronics,3.1666666666666665
1488,39,xiaomi.com,Computers Electronics and Technology > Consumer Electronics,4.35
1489,40,casio.com,Computers Electronics and Technology > Consumer Electronics,2.1166666666666667
1490,41,darty.com,Computers Electronics and Technology > Consumer Electronics,3.0833333333333335
1491,42,pccomponentes.com,Computers Electronics and Technology > Consumer Electronics,3.8833333333333333
1492,43,sony.jp,Computers Electronics and Technology > Consumer Electronics,3.0833333333333335
1494,45,casio.jp,Computers Electronics and Technology > Consumer Electronics,2.8333333333333335
1495,46,uscellular.com,Computers Electronics and Technology > Consumer Electronics,4.566666666666666
1496,47,webuy.com,Computers Electronics and Technology > Consumer Electronics,6.0
1497,48,rtings.com,Computers Electronics and Technology > Consumer Electronics,2.6
1498,49,samsungcareplus.com,Computers Electronics and Technology > Consumer Electronics,1.7833333333333332
1499,50,mediamarkt.es,Computers Electronics and Technology > Consumer Electronics,2.75
1500,1,live.com,Computers Electronics and Technology > Email,7.233333333333333
1501,2,mail.ru,Computers Electronics and Technology > Email,7.8
1502,3,outlook.com,Computers Electronics and Technology > Email,1.5
1503,4,web.de,Computers Electronics and Technology > Email,6.266666666666667
1504,5,gmail.com,Computers Electronics and Technology > Email,1.0166666666666666
1505,6,gmx.net,Computers Electronics and Technology > Email,5.983333333333333
1506,7,list-manage.com,Computers Electronics and Technology > Email,1.0
1509,10,hotmail.com,Computers Electronics and Technology > Email,1.5
1511,12,evite.com,Computers Electronics and Technology > Email,2.8833333333333333
1512,13,szn.cz,Computers Electronics and Technology > Email,2.716666666666667
1513,14,tv-sporten.com,Computers Electronics and Technology > Email,1.1
1514,15,temp-mail.org,Computers Electronics and Technology > Email,4.666666666666667
1515,16,freemail.hu,Computers Electronics and Technology > Email,6.883333333333333
1516,17,mailchimp.com,Computers Electronics and Technology > Email,8.733333333333333
1517,18,linkedinmobileapp.com,Computers Electronics and Technology > Email,0.16666666666666666
1518,19,mailchi.mp,Computers Electronics and Technology > Email,1.1166666666666667
1519,20,mail.com,Computers Electronics and Technology > Email,5.666666666666667
1520,21,emailnator.com,Computers Electronics and Technology > Email,1.6833333333333333
1521,22,odido.nl,Computers Electronics and Technology > Email,3.8166666666666664
1522,23,chatgptchatapp.com,Computers Electronics and Technology > Email,4.45
1523,24,families.google,Computers Electronics and Technology > Email,1.0666666666666667
1524,25,126.com,Computers Electronics and Technology > Email,5.466666666666667
1525,26,mimecast.com,Computers Electronics and Technology > Email,7.05
1528,29,liveinternet.ru,Computers Electronics and Technology > Email,5.633333333333333
1529,30,gmx.ch,Computers Electronics and Technology > Email,3.75
1530,31,posteo.de,Computers Electronics and Technology > Email,5.2
1531,32,mlsend.com,Computers Electronics and Technology > Email,0.8833333333333333
1532,33,webmail.free.fr,Computers Electronics and Technology > Email,6.1
1533,34,kpnmail.nl,Computers Electronics and Technology > Email,5.583333333333333
1534,35,fastmail.com,Computers Electronics and Technology > Email,11.0
1537,38,gmx.com,Computers Electronics and Technology > Email,5.916666666666667
1538,39,mpse.jp,Computers Electronics and Technology > Email,1.1333333333333333
1541,42,cmail19.com,Computers Electronics and Technology > Email,0.7166666666666667
1542,43,ferozo.email,Computers Electronics and Technology > Email,14.233333333333333
1544,45,ok.de,Computers Electronics and Technology > Email,21.466666666666665
1545,46,mail.bg,Computers Electronics and Technology > Email,5.566666666666666
1546,47,cmail20.com,Computers Electronics and Technology > Email,0.6166666666666667
1548,49,yopmail.com,Computers Electronics and Technology > Email,4.8
1549,50,networksolutionsemail.com,Computers Electronics and Technology > Email,7.633333333333333
1550,1,mediafire.com,Computers Electronics and Technology > File Sharing and Hosting,3.55
1551,2,dropbox.com,Computers Electronics and Technology > File Sharing and Hosting,5.383333333333334
1552,3,savefrom.net,Computers Electronics and Technology > File Sharing and Hosting,3.1166666666666667
1553,4,imgur.com,Computers Electronics and Technology > File Sharing and Hosting,2.6166666666666667
1554,5,mega.nz,Computers Electronics and Technology > File Sharing and Hosting,4.133333333333334
1555,6,wetransfer.com,Computers Electronics and Technology > File Sharing and Hosting,2.5166666666666666
1556,7,wearychallengeraise.com,Computers Electronics and Technology > File Sharing and Hosting,1.2833333333333332
1557,8,box.com,Computers Electronics and Technology > File Sharing and Hosting,11.4
1558,9,videy.co,Computers Electronics and Technology > File Sharing and Hosting,7.75
1561,12,gofile.io,Computers Electronics and Technology > File Sharing and Hosting,3.4833333333333334
1563,14,rainberrytv.com,Computers Electronics and Technology > File Sharing and Hosting,3.8
1564,15,rapidgator.net,Computers Electronics and Technology > File Sharing and Hosting,5.233333333333333
1566,17,apkmody.com,Computers Electronics and Technology > File Sharing and Hosting,1.1666666666666667
1569,20,gamerxyt.com,Computers Electronics and Technology > File Sharing and Hosting,3.0166666666666666
1570,21,yt1d.com,Computers Electronics and Technology > File Sharing and Hosting,2.55
1571,22,1fichier.com,Computers Electronics and Technology > File Sharing and Hosting,3.15
1572,23,1024tera.com,Computers Electronics and Technology > File Sharing and Hosting,3.9833333333333334
1573,24,mixdrop.ps,Computers Electronics and Technology > File Sharing and Hosting,4.666666666666667
1575,26,katfile.com,Computers Electronics and Technology > File Sharing and Hosting,3.9333333333333336
1577,28,terabox.com,Computers Electronics and Technology > File Sharing and Hosting,3.3666666666666667
1578,29,ibb.co,Computers Electronics and Technology > File Sharing and Hosting,2.5833333333333335
1579,30,utorrent.com,Computers Electronics and Technology > File Sharing and Hosting,1.3166666666666667
1580,31,freeip.me,Computers Electronics and Technology > File Sharing and Hosting,2.3333333333333335
1582,33,advertisingcamps.com,Computers Electronics and Technology > File Sharing and Hosting,5.616666666666667
1583,34,yummyadvertiseexploded.com,Computers Electronics and Technology > File Sharing and Hosting,1.4333333333333333
1584,35,shrinkme.ink,Computers Electronics and Technology > File Sharing and Hosting,3.35
1585,36,vcloud.lol,Computers Electronics and Technology > File Sharing and Hosting,3.9833333333333334
1586,37,snapinsta.app,Computers Electronics and Technology > File Sharing and Hosting,1.4833333333333334
1589,40,linkmake.in,Computers Electronics and Technology > File Sharing and Hosting,3.6166666666666667
1591,42,pixeldra.in,Computers Electronics and Technology > File Sharing and Hosting,3.3333333333333335
1592,43,devuploads.com,Computers Electronics and Technology > File Sharing and Hosting,3.716666666666667
1593,44,mrproblogger.com,Computers Electronics and Technology > File Sharing and Hosting,4.033333333333333
1595,46,k2s.cc,Computers Electronics and Technology > File Sharing and Hosting,4.65
1597,48,readthedocs.io,Computers Electronics and Technology > File Sharing and Hosting,3.6333333333333333
1598,49,postimg.cc,Computers Electronics and Technology > File Sharing and Hosting,2.8
1599,50,hblinks.pro,Computers Electronics and Technology > File Sharing and Hosting,3.4333333333333336
1600,1,canva.com,Computers Electronics and Technology > Graphics Multimedia and Web Design,7.416666666666667
1601,2,doanaudabu.net,Computers Electronics and Technology > Graphics Multimedia and Web Design,6.65
1602,3,remove.bg,Computers Electronics and Technology > Graphics Multimedia and Web Design,4.233333333333333
1604,5,jotform.com,Computers Electronics and Technology > Graphics Multimedia and Web Design,3.6
1605,6,capcut.com,Computers Electronics and Technology > Graphics Multimedia and Web Design,3.6833333333333336
1606,7,me-qr.com,Computers Electronics and Technology > Graphics Multimedia and Web Design,2.1333333333333333
1607,8,hailuoai.video,Computers Electronics and Technology > Graphics Multimedia and Web Design,8.516666666666667
1608,9,saveclip.app,Computers Electronics and Technology > Graphics Multimedia and Web Design,3.066666666666667
1609,10,affinity.net,Computers Electronics and Technology > Graphics Multimedia and Web Design,0.8
1610,11,manage.wix.com,Computers Electronics and Technology > Graphics Multimedia and Web Design,9.0
1611,12,iloveimg.com,Computers Electronics and Technology > Graphics Multimedia and Web Design,4.2
1612,13,envato.com,Computers Electronics and Technology > Graphics Multimedia and Web Design,7.266666666666667
1613,14,freeconvert.com,Computers Electronics and Technology > Graphics Multimedia and Web Design,2.85
1614,15,beacons.ai,Computers Electronics and Technology > Graphics Multimedia and Web Design,0.9166666666666666
1615,16,nordot.app,Computers Electronics and Technology > Graphics Multimedia and Web Design,0.8666666666666667
1616,17,litaudrootsa.net,Computers Electronics and Technology > Graphics Multimedia and Web Design,3.8166666666666664
1617,18,lit.link,Computers Electronics and Technology > Graphics Multimedia and Web Design,2.4833333333333334
1618,19,dafont.com,Computers Electronics and Technology > Graphics Multimedia and Web Design,4.3
1619,20,klingai.com,Computers Electronics and Technology > Graphics Multimedia and Web Design,9.55
1620,21,loom.com,Computers Electronics and Technology > Graphics Multimedia and Web Design,4.716666666666667
1621,22,snapsave.app,Computers Electronics and Technology > Graphics Multimedia and Web Design,3.0
1623,24,y2meta.tube,Computers Electronics and Technology > Graphics Multimedia and Web Design,3.6
1624,25,photopea.com,Computers Electronics and Technology > Graphics Multimedia and Web Design,3.066666666666667
1625,26,zoho.in,Computers Electronics and Technology > Graphics Multimedia and Web Design,15.45
1626,27,midjourney.com,Computers Electronics and Technology > Graphics Multimedia and Web Design,13.383333333333333
1627,28,fastvideosave.net,Computers Electronics and Technology > Graphics Multimedia and Web Design,3.7333333333333334
1628,29,pixelcut.ai,Computers Electronics and Technology > Graphics Multimedia and Web Design,3.8833333333333333
1629,30,pngwing.com,Computers Electronics and Technology > Graphics Multimedia and Web Design,3.8
1630,31,veed.io,Computers Electronics and Technology > Graphics Multimedia and Web Design,4.683333333333334
1631,32,dribbble.com,Computers Electronics and Technology > Graphics Multimedia and Web Design,4.35
1632,33,invideo.io,Computers Electronics and Technology > Graphics Multimedia and Web Design,4.583333333333333
1634,35,myfonts.com,Computers Electronics and Technology > Graphics Multimedia and Web Design,3.3333333333333335
1636,37,getrushapp.com,Computers Electronics and Technology > Graphics Multimedia and Web Design,2.0166666666666666
1637,38,candy.ai,Computers Electronics and Technology > Graphics Multimedia and Web Design,3.9833333333333334
1638,39,pcmirror.cc,Computers Electronics and Technology > Graphics Multimedia and Web Design,3.25
1639,40,opensubtitles.org,Computers Electronics and Technology > Graphics Multimedia and Web Design,3.2333333333333334
1641,42,miricanvas.com,Computers Electronics and Technology > Graphics Multimedia and Web Design,6.366666666666666
1642,43,thinkific.com,Computers Electronics and Technology > Graphics Multimedia and Web Design,5.683333333333334
1643,44,pngegg.com,Computers Electronics and Technology > Graphics Multimedia and Web Design,3.1666666666666665
1644,45,clipchamp.com,Computers Electronics and Technology > Graphics Multimedia and Web Design,7.2
1646,47,domestika.org,Computers Electronics and Technology > Graphics Multimedia and Web Design,3.466666666666667
1647,48,runwayml.com,Computers Electronics and Technology > Graphics Multimedia and Web Design,4.3
1648,49,tally.so,Computers Electronics and Technology > Graphics Multimedia and Web Design,2.85
1649,50,y2mate.tube,Computers Electronics and Technology > Graphics Multimedia and Web Design,3.6166666666666667
1650,1,chatgpt.com,Computers Electronics and Technology > Programming and Developer Software,6.783333333333333
1652,3,office.com,Computers Electronics and Technology > Programming and Developer Software,11.233333333333333
1653,4,microsoft.com,Computers Electronics and Technology > Programming and Developer Software,3.35
1654,5,deepseek.com,Computers Electronics and Technology > Programming and Developer Software,4.916666666666667
1655,6,github.com,Computers Electronics and Technology > Programming and Developer Software,6.566666666666666
1656,7,office365.com,Computers Electronics and Technology > Programming and Developer Software,9.116666666666667
1657,8,ilovepdf.com,Computers Electronics and Technology > Programming and Developer Software,5.283333333333333
1658,9,getadblock.com,Computers Electronics and Technology > Programming and Developer Software,0.11666666666666667
1659,10,atlassian.net,Computers Electronics and Technology > Programming and Developer Software,11.816666666666666
1660,11,force.com,Computers Electronics and Technology > Programming and Developer Software,23.583333333333332
1661,12,stackoverflow.com,Computers Electronics and Technology > Programming and Developer Software,4.2
1662,13,answers.microsoft.com,Computers Electronics and Technology > Programming and Developer Software,2.05
1663,14,csdn.net,Computers Electronics and Technology > Programming and Developer Software,5.133333333333334
1664,15,icloud.com,Computers Electronics and Technology > Programming and Developer Software,4.333333333333333
1666,17,salesforce.com,Computers Electronics and Technology > Programming and Developer Software,6.033333333333333
1667,18,microsoft365.com,Computers Electronics and Technology > Programming and Developer Software,2.4
1668,19,oraclecloud.com,Computers Electronics and Technology > Programming and Developer Software,6.333333333333333
1669,20,trello.com,Computers Electronics and Technology > Programming and Developer Software,10.916666666666666
1670,21,claude.ai,Computers Electronics and Technology > Programming and Developer Software,5.883333333333333
1671,22,site.com,Computers Electronics and Technology > Programming and Developer Software,6.8
1672,23,classlink.com,Computers Electronics and Technology > Programming and Developer Software,2.75
1673,24,uptodown.com,Computers Electronics and Technology > Programming and Developer Software,2.6333333333333333
1674,25,appsflyer.com,Computers Electronics and Technology > Programming and Developer Software,0.75
1675,26,liteapks.com,Computers Electronics and Technology > Programming and Developer Software,3.9833333333333334
1676,27,zoho.com,Computers Electronics and Technology > Programming and Developer Software,16.216666666666665
1677,28,softonic.com,Computers Electronics and Technology > Programming and Developer Software,1.9666666666666668
1678,29,myworkday.com,Computers Electronics and Technology > Programming and Developer Software,8.183333333333334
1679,30,grok.com,Computers Electronics and Technology > Programming and Developer Software,6.35
1681,32,apkpure.com,Computers Electronics and Technology > Programming and Developer Software,2.5166666666666666
1682,33,powerbi.com,Computers Electronics and Technology > Programming and Developer Software,6.866666666666667
1683,34,windows.net,Computers Electronics and Technology > Programming and Developer Software,2.75
1684,35,vercel.app,Computers Electronics and Technology > Programming and Developer Software,4.15
1685,36,mozilla.org,Computers Electronics and Technology > Programming and Developer Software,1.9166666666666665
1686,37,bidease.com,Computers Electronics and Technology > Programming and Developer Software,1.2666666666666666
1688,39,geeksforgeeks.org,Computers Electronics and Technology > Programming and Developer Software,3.15
1689,40,dynamics.com,Computers Electronics and Technology > Programming and Developer Software,17.683333333333334
1690,41,smallpdf.com,Computers Electronics and Technology > Programming and Developer Software,3.4333333333333336
1691,42,rustore.ru,Computers Electronics and Technology > Programming and Developer Software,1.6166666666666667
1692,43,docusign.com,Computers Electronics and Technology > Programming and Developer Software,7.783333333333333
1693,44,cloud.google.com,Computers Electronics and Technology > Programming and Developer Software,8.616666666666667
1694,45,ondemand.com,Computers Electronics and Technology > Programming and Developer Software,5.166666666666667
1695,46,happymod.com,Computers Electronics and Technology > Programming and Developer Software,1.5166666666666666
1696,47,icims.com,Computers Electronics and Technology > Programming and Developer Software,4.816666666666666
1698,49,plex.tv,Computers Electronics and Technology > Programming and Developer Software,3.466666666666667
1699,50,w3schools.com,Computers Electronics and Technology > Programming and Developer Software,5.433333333333334
1700,1,google.com,Computers Electronics and Technology > Search Engines,10.766666666666667
1702,3,baidu.com,Computers Electronics and Technology > Search Engines,5.583333333333333
1703,4,bing.com,Computers Electronics and Technology > Search Engines,6.75
1704,5,duckduckgo.com,Computers Electronics and Technology > Search Engines,7.866666666666667
1706,7,google.de,Computers Electronics and Technology > Search Engines,7.483333333333333
1707,8,google.co.jp,Computers Electronics and Technology > Search Engines,8.133333333333333
1708,9,daum.net,Computers Electronics and Technology > Search Engines,15.716666666666667
1709,10,google.com.br,Computers Electronics and Technology > Search Engines,6.75
1710,11,music.youtube.com,Computers Electronics and Technology > Search Engines,30.55
1711,12,google.co.uk,Computers Electronics and Technology > Search Engines,6.133333333333334
1712,13,google.it,Computers Electronics and Technology > Search Engines,7.166666666666667
1713,14,google.fr,Computers Electronics and Technology > Search Engines,6.116666666666666
1714,15,webpkgcache.com,Computers Electronics and Technology > Search Engines,1.0
1715,16,seznam.cz,Computers Electronics and Technology > Search Engines,9.466666666666667
1716,17,google.co.in,Computers Electronics and Technology > Search Engines,5.85
1717,18,ecosia.org,Computers Electronics and Technology > Search Engines,5.533333333333333
1718,19,google.ca,Computers Electronics and Technology > Search Engines,5.2
1719,20,google.es,Computers Electronics and Technology > Search Engines,7.233333333333333
1720,21,google.pl,Computers Electronics and Technology > Search Engines,6.966666666666667
1722,23,google.com.mx,Computers Electronics and Technology > Search Engines,6.316666666666666
1723,24,clarosva.com,Computers Electronics and Technology > Search Engines,0.9333333333333333
1724,25,google.ru,Computers Electronics and Technology > Search Engines,6.416666666666667
1725,26,google.com.tr,Computers Electronics and Technology > Search Engines,6.1
1728,29,google.co.th,Computers Electronics and Technology > Search Engines,5.083333333333333
1729,30,google.nl,Computers Electronics and Technology > Search Engines,6.783333333333333
1730,31,google.co.kr,Computers Electronics and Technology > Search Engines,6.05
1731,32,hao123.com,Computers Electronics and Technology > Search Engines,3.066666666666667
1732,33,yandex.com.tr,Computers Electronics and Technology > Search Engines,6.866666666666667
1734,35,google.com.ar,Computers Electronics and Technology > Search Engines,5.716666666666667
1735,36,google.com.hk,Computers Electronics and Technology > Search Engines,7.583333333333333
1736,37,google.com.tw,Computers Electronics and Technology > Search Engines,7.55
1737,38,googlevideo.com,Computers Electronics and Technology > Search Engines,3.3
1738,39,so.com,Computers Electronics and Technology > Search Engines,2.9833333333333334
1739,40,google.com.au,Computers Electronics and Technology > Search Engines,5.45
1740,41,google.cl,Computers Electronics and Technology > Search Engines,5.4
1741,42,startpage.com,Computers Electronics and Technology > Search Engines,6.166666666666667
1742,43,google.co.id,Computers Electronics and Technology > Search Engines,3.55
1743,44,google.com.vn,Computers Electronics and Technology > Search Engines,6.233333333333333
1744,45,yahoo.jp,Computers Electronics and Technology > Search Engines,2.0166666666666666
1745,46,google.hu,Computers Electronics and Technology > Search Engines,5.983333333333333
1746,47,google.pt,Computers Electronics and Technology > Search Engines,6.016666666666667
1747,48,google.ch,Computers Electronics and Technology > Search Engines,7.3
1749,50,ssyoutube.com,Computers Electronics and Technology > Search Engines,3.3333333333333335
1751,2,instagram.com,Computers Electronics and Technology > Social Media Networks,8.683333333333334
1752,3,x.com,Computers Electronics and Technology > Social Media Networks,12.616666666666667
1754,5,reddit.com,Computers Electronics and Technology > Social Media Networks,6.116666666666666
1755,6,tiktok.com,Computers Electronics and Technology > Social Media Networks,4.15
1756,7,linkedin.com,Computers Electronics and Technology > Social Media Networks,8.55
1757,8,pinterest.com,Computers Electronics and Technology > Social Media Networks,7.166666666666667
1758,9,vk.com,Computers Electronics and Technology > Social Media Networks,9.216666666666667
1759,10,discord.com,Computers Electronics and Technology > Social Media Networks,12.033333333333333
1760,11,telegram.org,Computers Electronics and Technology > Social Media Networks,11.966666666666667
1761,12,ok.ru,Computers Electronics and Technology > Social Media Networks,9.6
1762,13,namu.wiki,Computers Electronics and Technology > Social Media Networks,7.333333333333333
1763,14,zhihu.com,Computers Electronics and Technology > Social Media Networks,5.2
1764,15,messenger.com,Computers Electronics and Technology > Social Media Networks,14.5
1765,16,kwai.com,Computers Electronics and Technology > Social Media Networks,0.9666666666666667
1766,17,ameblo.jp,Computers Electronics and Technology > Social Media Networks,3.5833333333333335
1767,18,threads.net,Computers Electronics and Technology > Social Media Networks,3.55
1768,19,line.me,Computers Electronics and Technology > Social Media Networks,1.5166666666666666
1769,20,nextdoor.com,Computers Electronics and Technology > Social Media Networks,2.65
1770,21,weibo.com,Computers Electronics and Technology > Social Media Networks,8.633333333333333
1771,22,bsky.app,Computers Electronics and Technology > Social Media Networks,10.233333333333333
1772,23,tumblr.com,Computers Electronics and Technology > Social Media Networks,7.633333333333333
1773,24,shinigami09.com,Computers Electronics and Technology > Social Media Networks,17.766666666666666
1774,25,snapchat.com,Computers Electronics and Technology > Social Media Networks,9.066666666666666
1775,26,heylink.me,Computers Electronics and Technology > Social Media Networks,3.283333333333333
1776,27,ssstik.io,Computers Electronics and Technology > Social Media Networks,2.35
1777,28,xiaohongshu.com,Computers Electronics and Technology > Social Media Networks,11.05
1778,29,slack.com,Computers Electronics and Technology > Social Media Networks,17.8
1779,30,patreon.com,Computers Electronics and Technology > Social Media Networks,4.216666666666667
1781,32,bakusai.com,Computers Electronics and Technology > Social Media Networks,7.833333333333333
1783,34,playtime.ph,Computers Electronics and Technology > Social Media Networks,7.966666666666667
1784,35,quark.cn,Computers Electronics and Technology > Social Media Networks,4.0
1786,37,1xlite-4262965.top,Computers Electronics and Technology > Social Media Networks,4.55
1787,38,olympustaff.com,Computers Electronics and Technology > Social Media Networks,23.116666666666667
1789,40,snaptik.app,Computers Electronics and Technology > Social Media Networks,1.8833333333333333
1790,41,discordapp.com,Computers Electronics and Technology > Social Media Networks,2.95
1791,42,hatenablog.com,Computers Electronics and Technology > Social Media Networks,1.9666666666666668
1792,43,happymh.com,Computers Electronics and Technology > Social Media Networks,7.416666666666667
1793,44,ptt.cc,Computers Electronics and Technology > Social Media Networks,6.0
1794,45,slideshare.net,Computers Electronics and Technology > Social Media Networks,3.35
1795,46,feishu.cn,Computers Electronics and Technology > Social Media Networks,9.533333333333333
1796,47,doubao.com,Computers Electronics and Technology > Social Media Networks,3.8666666666666667
1797,48,livejournal.com,Computers Electronics and Technology > Social Media Networks,5.0
1799,50,4pda.to,Computers Electronics and Technology > Social Media Networks,3.1
1850,1,fc2.com,Computers Electronics and Technology > Web Hosting and Domain Names,5.966666666666667
1851,2,blog.jp,Computers Electronics and Technology > Web Hosting and Domain Names,4.716666666666667
1852,3,aws.amazon.com,Computers Electronics and Technology > Web Hosting and Domain Names,11.083333333333334
1853,4,shop.coinmaster.com,Computers Electronics and Technology > Web Hosting and Domain Names,1.1833333333333333
1854,5,godaddy.com,Computers Electronics and Technology > Web Hosting and Domain Names,4.9
1855,6,squarespace.com,Computers Electronics and Technology > Web Hosting and Domain Names,4.883333333333333
1856,7,wix.com,Computers Electronics and Technology > Web Hosting and Domain Names,7.65
1857,8,aruba.it,Computers Electronics and Technology > Web Hosting and Domain Names,8.233333333333333
1858,9,hostinger.com,Computers Electronics and Technology > Web Hosting and Domain Names,8.65
1859,10,weebly.com,Computers Electronics and Technology > Web Hosting and Domain Names,2.4
1860,11,360.com,Computers Electronics and Technology > Web Hosting and Domain Names,1.95
1861,12,cafe24.com,Computers Electronics and Technology > Web Hosting and Domain Names,9.75
1863,14,sakura.ne.jp,Computers Electronics and Technology > Web Hosting and Domain Names,4.833333333333333
1864,15,bgmiaimassist.in,Computers Electronics and Technology > Web Hosting and Domain Names,3.533333333333333
1865,16,gigafile.nu,Computers Electronics and Technology > Web Hosting and Domain Names,4.016666666666667
1866,17,kiwify.com.br,Computers Electronics and Technology > Web Hosting and Domain Names,3.75
1867,18,smart.link,Computers Electronics and Technology > Web Hosting and Domain Names,0.5
1868,19,digialm.com,Computers Electronics and Technology > Web Hosting and Domain Names,6.583333333333333
1869,20,suprclicks.com,Computers Electronics and Technology > Web Hosting and Domain Names,1.3333333333333333
1870,21,proxyium.com,Computers Electronics and Technology > Web Hosting and Domain Names,2.4833333333333334
1871,22,one.com,Computers Electronics and Technology > Web Hosting and Domain Names,9.166666666666666
1873,24,altervista.org,Computers Electronics and Technology > Web Hosting and Domain Names,5.383333333333334
1875,26,x.gd,Computers Electronics and Technology > Web Hosting and Domain Names,0.9
1876,27,2nt.com,Computers Electronics and Technology > Web Hosting and Domain Names,3.15
1877,28,seesaawiki.jp,Computers Electronics and Technology > Web Hosting and Domain Names,4.616666666666667
1878,29,namecheap.com,Computers Electronics and Technology > Web Hosting and Domain Names,5.5
1879,30,instadelivery.com.br,Computers Electronics and Technology > Web Hosting and Domain Names,8.433333333333334
1880,31,home.pl,Computers Electronics and Technology > Web Hosting and Domain Names,10.866666666666667
1881,32,download.it,Computers Electronics and Technology > Web Hosting and Domain Names,0.9166666666666666
1882,33,forumfree.it,Computers Electronics and Technology > Web Hosting and Domain Names,5.05
1883,34,ovh.net,Computers Electronics and Technology > Web Hosting and Domain Names,9.766666666666667
1884,35,pastebin.com,Computers Electronics and Technology > Web Hosting and Domain Names,2.1333333333333333
1885,36,domaineasy.com,Computers Electronics and Technology > Web Hosting and Domain Names,0.5
1886,37,kisaltma.link,Computers Electronics and Technology > Web Hosting and Domain Names,4.05
1887,38,justpaste.it,Computers Electronics and Technology > Web Hosting and Domain Names,2.15
1890,41,miraheze.org,Computers Electronics and Technology > Web Hosting and Domain Names,4.633333333333333
1891,42,afternic.com,Computers Electronics and Technology > Web Hosting and Domain Names,1.5666666666666667
1892,43,hennge.com,Computers Electronics and Technology > Web Hosting and Domain Names,2.9
1894,45,myprofessionalmail.com,Computers Electronics and Technology > Web Hosting and Domain Names,9.25
1895,46,eu.org,Computers Electronics and Technology > Web Hosting and Domain Names,4.45
1896,47,aiseo.ai,Computers Electronics and Technology > Web Hosting and Domain Names,1.1666666666666667
1897,48,ionos.com,Computers Electronics and Technology > Web Hosting and Domain Names,5.483333333333333
1900,1,auction.co.kr,Ecommerce & Shopping > Auctions,2.9833333333333334
1901,2,ecount.com,Ecommerce & Shopping > Auctions,12.866666666666667
1902,3,mercadolibre.com,Ecommerce & Shopping > Auctions,2.3166666666666664
1903,4,trademe.co.nz,Ecommerce & Shopping > Auctions,7.266666666666667
1904,5,hibid.com,Ecommerce & Shopping > Auctions,10.383333333333333
1905,6,ricardo.ch,Ecommerce & Shopping > Auctions,6.916666666666667
1906,7,tradera.com,Ecommerce & Shopping > Auctions,6.466666666666667
1907,8,njuskalo.hr,Ecommerce & Shopping > Auctions,8.216666666666667
1908,9,allegro.cz,Ecommerce & Shopping > Auctions,2.1166666666666667
1909,10,shopgoodwill.com,Ecommerce & Shopping > Auctions,10.383333333333333
1910,11,az24.vn,Ecommerce & Shopping > Auctions,0.9
1911,12,buyee.jp,Ecommerce & Shopping > Auctions,6.933333333333334
1912,13,estatesales.net,Ecommerce & Shopping > Auctions,6.066666666666666
1913,14,1stdibs.com,Ecommerce & Shopping > Auctions,2.8833333333333333
1914,15,carousell.com.hk,Ecommerce & Shopping > Auctions,8.966666666666667
1915,16,invaluable.com,Ecommerce & Shopping > Auctions,2.7333333333333334
1916,17,liveauctioneers.com,Ecommerce & Shopping > Auctions,4.733333333333333
1917,18,huutokaupat.com,Ecommerce & Shopping > Auctions,7.616666666666667
1919,20,bidfta.com,Ecommerce & Shopping > Auctions,11.583333333333334
1920,21,auctionet.com,Ecommerce & Shopping > Auctions,4.083333333333333
1922,23,naturabuy.fr,Ecommerce & Shopping > Auctions,8.666666666666666
1923,24,troostwijkauctions.com,Ecommerce & Shopping > Auctions,8.2
1924,25,proxibid.com,Ecommerce & Shopping > Auctions,6.783333333333333
1925,26,interencheres.com,Ecommerce & Shopping > Auctions,11.2
1926,27,picclick.co.uk,Ecommerce & Shopping > Auctions,1.9166666666666665
1927,28,delcampe.net,Ecommerce & Shopping > Auctions,9.116666666666667
1929,30,vatera.hu,Ecommerce & Shopping > Auctions,6.083333333333333
1930,31,payngo.co.il,Ecommerce & Shopping > Auctions,2.5
1931,32,chitadelivery-cx.com,Ecommerce & Shopping > Auctions,2.8166666666666664
1932,33,limundo.com,Ecommerce & Shopping > Auctions,5.833333333333333
1933,34,kupindo.com,Ecommerce & Shopping > Auctions,2.2333333333333334
1934,35,ebay.be,Ecommerce & Shopping > Auctions,3.5833333333333335
1935,36,johnpyeauctions.co.uk,Ecommerce & Shopping > Auctions,10.616666666666667
1936,37,ha.com,Ecommerce & Shopping > Auctions,4.366666666666666
1937,38,huuto.net,Ecommerce & Shopping > Auctions,5.783333333333333
1938,39,sothebys.com,Ecommerce & Shopping > Auctions,1.9
1939,40,picclick.fr,Ecommerce & Shopping > Auctions,2.0
1940,41,jumbo.ch,Ecommerce & Shopping > Auctions,3.783333333333333
1942,43,easyliveauction.com,Ecommerce & Shopping > Auctions,7.783333333333333
1943,44,fromjapan.co.jp,Ecommerce & Shopping > Auctions,4.266666666666667
1944,45,osta.ee,Ecommerce & Shopping > Auctions,9.9
1946,47,picclick.it,Ecommerce & Shopping > Auctions,1.6666666666666665
1948,49,auctionzip.com,Ecommerce & Shopping > Auctions,5.9
1949,50,mygls.be,Ecommerce & Shopping > Auctions,3.45
2051,2,shopping.yahoo.co.jp,Ecommerce & Shopping > Ecommerce and Shopping - Other,3.7333333333333334
2052,3,kleinanzeigen.de,Ecommerce & Shopping > Ecommerce and Shopping - Other,7.333333333333333
2053,4,shopping.naver.com,Ecommerce & Shopping > Ecommerce and Shopping - Other,6.366666666666666
2054,5,ssg.com,Ecommerce & Shopping > Ecommerce and Shopping - Other,2.4333333333333336
2056,7,my-best.com,Ecommerce & Shopping > Ecommerce and Shopping - Other,1.8
2057,8,poshmark.com,Ecommerce & Shopping > Ecommerce and Shopping - Other,4.65
2058,9,gmarket.co.kr,Ecommerce & Shopping > Ecommerce and Shopping - Other,2.7333333333333334
2059,10,meesho.com,Ecommerce & Shopping > Ecommerce and Shopping - Other,5.183333333333334
2060,11,11st.co.kr,Ecommerce & Shopping > Ecommerce and Shopping - Other,2.966666666666667
2061,12,valuecommerce.com,Ecommerce & Shopping > Ecommerce and Shopping - Other,1.4666666666666668
2062,13,markt.de,Ecommerce & Shopping > Ecommerce and Shopping - Other,10.45
2063,14,e-himart.co.kr,Ecommerce & Shopping > Ecommerce and Shopping - Other,0.9333333333333333
2064,15,cjlogistics.com,Ecommerce & Shopping > Ecommerce and Shopping - Other,2.4833333333333334
2065,16,lotteon.com,Ecommerce & Shopping > Ecommerce and Shopping - Other,2.3
2066,17,litres.ru,Ecommerce & Shopping > Ecommerce and Shopping - Other,3.95
2067,18,boots.com,Ecommerce & Shopping > Ecommerce and Shopping - Other,3.8833333333333333
2068,19,michaels.com,Ecommerce & Shopping > Ecommerce and Shopping - Other,4.25
2069,20,papy.co.jp,Ecommerce & Shopping > Ecommerce and Shopping - Other,8.516666666666667
2070,21,l-tike.com,Ecommerce & Shopping > Ecommerce and Shopping - Other,4.833333333333333
2071,22,amazon.se,Ecommerce & Shopping > Ecommerce and Shopping - Other,1.5
2072,23,oliveyoung.co.kr,Ecommerce & Shopping > Ecommerce and Shopping - Other,2.033333333333333
2073,24,fnac.com,Ecommerce & Shopping > Ecommerce and Shopping - Other,2.9833333333333334
2074,25,n11.com,Ecommerce & Shopping > Ecommerce and Shopping - Other,3.283333333333333
2075,26,wallapop.com,Ecommerce & Shopping > Ecommerce and Shopping - Other,7.1
2076,27,falabella.com,Ecommerce & Shopping > Ecommerce and Shopping - Other,4.766666666666667
2077,28,ponta.jp,Ecommerce & Shopping > Ecommerce and Shopping - Other,3.3666666666666667
2078,29,kelkoogroup.net,Ecommerce & Shopping > Ecommerce and Shopping - Other,0.5333333333333333
2079,30,qvc.com,Ecommerce & Shopping > Ecommerce and Shopping - Other,5.166666666666667
2080,31,alza.cz,Ecommerce & Shopping > Ecommerce and Shopping - Other,4.733333333333333
2082,33,kt.com,Ecommerce & Shopping > Ecommerce and Shopping - Other,2.9333333333333336
2083,34,empik.com,Ecommerce & Shopping > Ecommerce and Shopping - Other,2.55
2084,35,pepper.pl,Ecommerce & Shopping > Ecommerce and Shopping - Other,5.0
2085,36,shufoo.net,Ecommerce & Shopping > Ecommerce and Shopping - Other,2.183333333333333
2086,37,daraz.pk,Ecommerce & Shopping > Ecommerce and Shopping - Other,3.6833333333333336
2090,41,amazon.pl,Ecommerce & Shopping > Ecommerce and Shopping - Other,2.3166666666666664
2091,42,kyobobook.co.kr,Ecommerce & Shopping > Ecommerce and Shopping - Other,4.433333333333334
2092,43,yes24.com,Ecommerce & Shopping > Ecommerce and Shopping - Other,3.6166666666666667
2093,44,adcell.com,Ecommerce & Shopping > Ecommerce and Shopping - Other,4.4
2094,45,homeplus.co.kr,Ecommerce & Shopping > Ecommerce and Shopping - Other,2.35
2095,46,jmty.jp,Ecommerce & Shopping > Ecommerce and Shopping - Other,6.166666666666667
2097,48,ohou.se,Ecommerce & Shopping > Ecommerce and Shopping - Other,4.15
2098,49,therealreal.com,Ecommerce & Shopping > Ecommerce and Shopping - Other,6.3
2099,50,allegrolokalnie.pl,Ecommerce & Shopping > Ecommerce and Shopping - Other,8.533333333333333
2100,1,amazon.com,Ecommerce & Shopping > Marketplace,5.85
2101,2,temu.com,Ecommerce & Shopping > Marketplace,4.016666666666667
2102,3,aliexpress.com,Ecommerce & Shopping > Marketplace,4.716666666666667
2104,5,amazon.co.jp,Ecommerce & Shopping > Marketplace,6.95
2105,6,rakuten.co.jp,Ecommerce & Shopping > Marketplace,6.45
2106,7,ozon.ru,Ecommerce & Shopping > Marketplace,9.283333333333333
2107,8,walmart.com,Ecommerce & Shopping > Marketplace,4.35
2108,9,amazon.in,Ecommerce & Shopping > Marketplace,4.066666666666666
2109,10,amazon.de,Ecommerce & Shopping > Marketplace,6.216666666666667
2110,11,etsy.com,Ecommerce & Shopping > Marketplace,5.15
2111,12,amazon.co.uk,Ecommerce & Shopping > Marketplace,5.4
2113,14,mercadolivre.com.br,Ecommerce & Shopping > Marketplace,7.75
2115,16,amazon.it,Ecommerce & Shopping > Marketplace,4.966666666666667
2116,17,taobao.com,Ecommerce & Shopping > Marketplace,7.75
2117,18,amazon.fr,Ecommerce & Shopping > Marketplace,4.933333333333334
2118,19,allegro.pl,Ecommerce & Shopping > Marketplace,7.166666666666667
2119,20,amazon.com.br,Ecommerce & Shopping > Marketplace,3.533333333333333
2120,21,amazon.ca,Ecommerce & Shopping > Marketplace,5.2
2121,22,flipkart.com,Ecommerce & Shopping > Marketplace,4.983333333333333
2122,23,shopee.vn,Ecommerce & Shopping > Marketplace,4.733333333333333
2123,24,target.com,Ecommerce & Shopping > Marketplace,3.5
2124,25,market.yandex.ru,Ecommerce & Shopping > Marketplace,6.1
2125,26,mercari.com,Ecommerce & Shopping > Marketplace,7.35
2126,27,shopee.com.br,Ecommerce & Shopping > Marketplace,10.816666666666666
2127,28,shopee.co.id,Ecommerce & Shopping > Marketplace,7.8
2129,30,amazon.es,Ecommerce & Shopping > Marketplace,6.183333333333334
2130,31,trendyol.com,Ecommerce & Shopping > Marketplace,8.216666666666667
2131,32,dmm.com,Ecommerce & Shopping > Marketplace,5.483333333333333
2132,33,shopee.co.th,Ecommerce & Shopping > Marketplace,4.383333333333334
2133,34,mercadolibre.com.ar,Ecommerce & Shopping > Marketplace,7.8
2134,35,costco.com,Ecommerce & Shopping > Marketplace,3.9833333333333334
2135,36,olx.com.br,Ecommerce & Shopping > Marketplace,7.383333333333334
2136,37,mercadolibre.com.mx,Ecommerce & Shopping > Marketplace,6.233333333333333
2137,38,olx.pl,Ecommerce & Shopping > Marketplace,9.766666666666667
2138,39,wayfair.com,Ecommerce & Shopping > Marketplace,5.15
2139,40,amazon.com.mx,Ecommerce & Shopping > Marketplace,4.466666666666667
2140,41,jd.com,Ecommerce & Shopping > Marketplace,7.65
2141,42,alibaba.com,Ecommerce & Shopping > Marketplace,6.666666666666667
2144,45,aliexpress.ru,Ecommerce & Shopping > Marketplace,5.633333333333333
2145,46,amazon.com.au,Ecommerce & Shopping > Marketplace,3.6833333333333336
2146,47,tokopedia.com,Ecommerce & Shopping > Marketplace,7.183333333333334
2148,49,tmall.com,Ecommerce & Shopping > Marketplace,8.55
2149,50,shopee.ph,Ecommerce & Shopping > Marketplace,5.35
2150,1,kakaku.com,Ecommerce & Shopping > Price Comparison,5.016666666666667
2151,2,idealo.de,Ecommerce & Shopping > Price Comparison,3.05
2152,3,akakce.com,Ecommerce & Shopping > Price Comparison,2.3333333333333335
2153,4,ceneo.pl,Ecommerce & Shopping > Price Comparison,2.0833333333333335
2154,5,mydealz.de,Ecommerce & Shopping > Price Comparison,4.683333333333334
2155,6,trovaprezzi.it,Ecommerce & Shopping > Price Comparison,2.4833333333333334
2156,7,tweakers.net,Ecommerce & Shopping > Price Comparison,4.166666666666667
2157,8,epey.com,Ecommerce & Shopping > Price Comparison,4.166666666666667
2158,9,cimri.com,Ecommerce & Shopping > Price Comparison,1.5666666666666667
2159,10,heureka.cz,Ecommerce & Shopping > Price Comparison,3.4166666666666665
2160,11,smartprix.com,Ecommerce & Shopping > Price Comparison,2.2333333333333334
2161,12,bizrate.com,Ecommerce & Shopping > Price Comparison,1.25
2162,13,olx.pt,Ecommerce & Shopping > Price Comparison,7.416666666666667
2163,14,arukereso.hu,Ecommerce & Shopping > Price Comparison,4.2
2164,15,zbozi.cz,Ecommerce & Shopping > Price Comparison,2.783333333333333
2165,16,yadore.com,Ecommerce & Shopping > Price Comparison,0.08333333333333333
2166,17,geizhals.de,Ecommerce & Shopping > Price Comparison,3.95
2167,18,idealo.fr,Ecommerce & Shopping > Price Comparison,1.9166666666666665
2168,19,hotline.ua,Ecommerce & Shopping > Price Comparison,3.9833333333333334
2169,20,buscape.com.br,Ecommerce & Shopping > Price Comparison,2.4333333333333336
2170,21,dealsrazor.com,Ecommerce & Shopping > Price Comparison,0.08333333333333333
2171,22,comparis.ch,Ecommerce & Shopping > Price Comparison,5.0
2172,23,aucfan.com,Ecommerce & Shopping > Price Comparison,4.916666666666667
2173,24,prisjakt.nu,Ecommerce & Shopping > Price Comparison,2.5
2175,26,heureka.sk,Ecommerce & Shopping > Price Comparison,2.8333333333333335
2176,27,prisjakt.no,Ecommerce & Shopping > Price Comparison,2.3166666666666664
2177,28,pricerunner.dk,Ecommerce & Shopping > Price Comparison,2.8166666666666664
2178,29,shoppermeet.net,Ecommerce & Shopping > Price Comparison,0.08333333333333333
2179,30,conexaomadura.com.br,Ecommerce & Shopping > Price Comparison,1.45
2181,32,priceoye.pk,Ecommerce & Shopping > Price Comparison,3.4333333333333336
2182,33,zap.co.il,Ecommerce & Shopping > Price Comparison,4.033333333333333
2184,35,skapiec.pl,Ecommerce & Shopping > Price Comparison,0.6333333333333333
2185,36,compari.ro,Ecommerce & Shopping > Price Comparison,2.9166666666666665
2186,37,idealo.es,Ecommerce & Shopping > Price Comparison,2.6
2187,38,eponuda.com,Ecommerce & Shopping > Price Comparison,2.283333333333333
2188,39,moyo.ua,Ecommerce & Shopping > Price Comparison,2.4166666666666665
2189,40,idealo.it,Ecommerce & Shopping > Price Comparison,1.9833333333333334
2190,41,pricerunner.se,Ecommerce & Shopping > Price Comparison,1.7666666666666666
2191,42,kuantokusta.pt,Ecommerce & Shopping > Price Comparison,4.1
2192,43,geizhals.at,Ecommerce & Shopping > Price Comparison,3.716666666666667
2193,44,toppreise.ch,Ecommerce & Shopping > Price Comparison,3.533333333333333
2194,45,beslist.nl,Ecommerce & Shopping > Price Comparison,1.9
2195,46,lemeilleuravis.fr,Ecommerce & Shopping > Price Comparison,0.6333333333333333
2196,47,coolblue.de,Ecommerce & Shopping > Price Comparison,2.3
2197,48,muropaketti.com,Ecommerce & Shopping > Price Comparison,1.2
2198,49,custojusto.pt,Ecommerce & Shopping > Price Comparison,6.333333333333333
2199,50,maudau.com.ua,Ecommerce & Shopping > Price Comparison,3.2333333333333334
2250,1,kontur.ru,Finance > Accounting and Auditing,9.016666666666667
2251,2,hrblock.com,Finance > Accounting and Auditing,19.683333333333334
2252,3,cleartax.in,Finance > Accounting and Auditing,1.9333333333333333
2254,5,podatki.gov.pl,Finance > Accounting and Auditing,7.916666666666667
2255,6,deloitte.com,Finance > Accounting and Auditing,5.316666666666666
2256,7,ottplay.com,Finance > Accounting and Auditing,1.3
2258,9,paytmpayments.com,Finance > Accounting and Auditing,2.216666666666667
2259,10,audit-it.ru,Finance > Accounting and Auditing,1.85
2260,11,teachoo.com,Finance > Accounting and Auditing,7.616666666666667
2261,12,taxact.com,Finance > Accounting and Auditing,7.233333333333333
2262,13,urzadskarbowy.gov.pl,Finance > Accounting and Auditing,5.65
2263,14,habuild.in,Finance > Accounting and Auditing,1.1
2265,16,ey.com,Finance > Accounting and Auditing,2.6166666666666667
2266,17,taxconcept.net,Finance > Accounting and Auditing,1.6833333333333333
2267,18,pwc.com,Finance > Accounting and Auditing,3.033333333333333
2269,20,klerk.ru,Finance > Accounting and Auditing,1.8833333333333333
2270,21,studycafe.in,Finance > Accounting and Auditing,2.1166666666666667
2273,24,poradnikprzedsiebiorcy.pl,Finance > Accounting and Auditing,1.85
2274,25,efatura.gov.tr,Finance > Accounting and Auditing,6.516666666666667
2275,26,accaglobal.com,Finance > Accounting and Auditing,7.016666666666667
2276,27,corporatefinanceinstitute.com,Finance > Accounting and Auditing,3.6
2277,28,taxslayer.com,Finance > Accounting and Auditing,12.4
2278,29,taxscan.in,Finance > Accounting and Auditing,1.1
2279,30,buhonline.ru,Finance > Accounting and Auditing,2.85
2280,31,fakturownia.pl,Finance > Accounting and Auditing,9.733333333333333
2281,32,edmbilisim.com.tr,Finance > Accounting and Auditing,11.65
2282,33,pacjent.gov.pl,Finance > Accounting and Auditing,5.333333333333333
2283,34,kpmg.com,Finance > Accounting and Auditing,2.1
2285,36,nalog-nalog.ru,Finance > Accounting and Auditing,1.8166666666666667
2287,38,action-media.ru,Finance > Accounting and Auditing,4.866666666666667
2288,39,defterbeyan.gov.tr,Finance > Accounting and Auditing,18.816666666666666
2289,40,rzp.io,Finance > Accounting and Auditing,0.4666666666666667
2291,42,onvio.us,Finance > Accounting and Auditing,8.916666666666666
2292,43,vero.fi,Finance > Accounting and Auditing,5.6
2293,44,jacksonhewitt.com,Finance > Accounting and Auditing,3.8833333333333333
2294,45,biznes.gov.pl,Finance > Accounting and Auditing,5.583333333333333
2295,46,assistentus.ru,Finance > Accounting and Auditing,1.5833333333333335
2296,47,buhexpert8.ru,Finance > Accounting and Auditing,3.4
2297,48,gofin.pl,Finance > Accounting and Auditing,3.3333333333333335
2299,50,moj.gov.pl,Finance > Accounting and Auditing,4.783333333333333
2300,1,paypal.com,Finance > Banking Credit and Lending,2.75
2301,2,chase.com,Finance > Banking Credit and Lending,7.3
2302,3,capitalone.com,Finance > Banking Credit and Lending,5.45
2303,4,citi.com,Finance > Banking Credit and Lending,9.383333333333333
2304,5,bankofamerica.com,Finance > Banking Credit and Lending,6.416666666666667
2305,6,wellsfargo.com,Finance > Banking Credit and Lending,5.8
2306,7,americanexpress.com,Finance > Banking Credit and Lending,4.383333333333334
2307,8,hdfcbank.com,Finance > Banking Credit and Lending,5.0
2309,10,caixa.gov.br,Finance > Banking Credit and Lending,6.466666666666667
2310,11,wise.com,Finance > Banking Credit and Lending,2.65
2311,12,creditkarma.com,Finance > Banking Credit and Lending,2.55
2312,13,icicibank.com,Finance > Banking Credit and Lending,5.316666666666666
2313,14,td.com,Finance > Banking Credit and Lending,5.05
2315,16,sberbank.ru,Finance > Banking Credit and Lending,5.25
2316,17,discover.com,Finance > Banking Credit and Lending,3.8833333333333333
2317,18,ideal.nl,Finance > Banking Credit and Lending,0.8666666666666667
2318,19,synchrony.com,Finance > Banking Credit and Lending,3.5166666666666666
2319,20,alfabank.ru,Finance > Banking Credit and Lending,3.4333333333333336
2320,21,syf.com,Finance > Banking Credit and Lending,2.066666666666667
2321,22,serasa.com.br,Finance > Banking Credit and Lending,2.716666666666667
2322,23,banki.ru,Finance > Banking Credit and Lending,2.0166666666666666
2323,24,usbank.com,Finance > Banking Credit and Lending,5.8
2324,25,bb.com.br,Finance > Banking Credit and Lending,8.133333333333333
2325,26,nubank.com.br,Finance > Banking Credit and Lending,1.6666666666666665
2326,27,royalbank.com,Finance > Banking Credit and Lending,6.866666666666667
2327,28,rakuten-bank.co.jp,Finance > Banking Credit and Lending,3.183333333333333
2330,31,itau.com.br,Finance > Banking Credit and Lending,2.8833333333333333
2331,32,rbcroyalbank.com,Finance > Banking Credit and Lending,3.716666666666667
2332,33,interac.ca,Finance > Banking Credit and Lending,1.95
2334,35,citibankonline.com,Finance > Banking Credit and Lending,4.066666666666666
2335,36,commbank.com.au,Finance > Banking Credit and Lending,4.583333333333333
2336,37,scotiabank.com,Finance > Banking Credit and Lending,5.166666666666667
2337,38,maybank2u.com.my,Finance > Banking Credit and Lending,6.383333333333334
2338,39,cibc.com,Finance > Banking Credit and Lending,4.616666666666667
2339,40,bankid.no,Finance > Banking Credit and Lending,2.6
2340,41,healthy.kaiserpermanente.org,Finance > Banking Credit and Lending,6.6
2342,43,sravni.ru,Finance > Banking Credit and Lending,1.7333333333333334
2344,45,sofi.com,Finance > Banking Credit and Lending,3.8
2345,46,navyfederal.org,Finance > Banking Credit and Lending,5.833333333333333
2348,49,santander.com.br,Finance > Banking Credit and Lending,3.3833333333333333
2350,1,intuit.com,Finance > Finance - Other,11.2
2351,2,trustpilot.com,Finance > Finance - Other,2.066666666666667
2354,5,money.pl,Finance > Finance - Other,1.35
2355,6,ft.com,Finance > Finance - Other,2.3833333333333333
2356,7,mercadopago.com.ar,Finance > Finance - Other,6.633333333333333
2357,8,moneyforward.com,Finance > Finance - Other,8.833333333333334
2358,9,fortune.com,Finance > Finance - Other,0.7166666666666667
2359,10,businesstoday.in,Finance > Finance - Other,0.7166666666666667
2360,11,foxbusiness.com,Finance > Finance - Other,2.6333333333333333
2361,12,ilsole24ore.com,Finance > Finance - Other,4.066666666666666
2362,13,adyen.com,Finance > Finance - Other,2.033333333333333
2363,14,sberbank.com,Finance > Finance - Other,0.9333333333333333
2364,15,toyokeizai.net,Finance > Finance - Other,2.7666666666666666
2365,16,coingecko.com,Finance > Finance - Other,3.6666666666666665
2366,17,xe.com,Finance > Finance - Other,2.3
2367,18,minepi.com,Finance > Finance - Other,1.2
2368,19,cafef.vn,Finance > Finance - Other,1.8666666666666667
2369,20,gate.io,Finance > Finance - Other,3.65
2370,21,financialexpress.com,Finance > Finance - Other,0.6666666666666666
2371,22,nerdwallet.com,Finance > Finance - Other,1.75
2372,23,benjaminone.com,Finance > Finance - Other,1.8666666666666667
2374,25,razorpay.com,Finance > Finance - Other,2.4333333333333336
2376,27,paycomonline.net,Finance > Finance - Other,5.6
2377,28,business-standard.com,Finance > Finance - Other,1.2833333333333332
2378,29,altin.in,Finance > Finance - Other,9.5
2379,30,seekingalpha.com,Finance > Finance - Other,5.766666666666667
2380,31,short.gy,Finance > Finance - Other,3.1166666666666667
2381,32,paypay.ne.jp,Finance > Finance - Other,2.3166666666666664
2382,33,teamblind.com,Finance > Finance - Other,2.3333333333333335
2383,34,bkm.com.tr,Finance > Finance - Other,1.4666666666666668
2384,35,login.gov.pl,Finance > Finance - Other,3.466666666666667
2385,36,finance.naver.com,Finance > Finance - Other,8.516666666666667
2386,37,ebanx.com,Finance > Finance - Other,0.26666666666666666
2387,38,doviz.com,Finance > Finance - Other,3.4
2388,39,payu.in,Finance > Finance - Other,3.3166666666666664
2389,40,vakinha.com.br,Finance > Finance - Other,1.1666666666666667
2390,41,infomoney.com.br,Finance > Finance - Other,3.0
2391,42,haremaltin.com,Finance > Finance - Other,2.8833333333333333
2392,43,nequi.com.co,Finance > Finance - Other,2.5833333333333335
2393,44,affirm.com,Finance > Finance - Other,2.5166666666666666
2394,45,plaid.com,Finance > Finance - Other,1.3833333333333333
2397,48,comenity.net,Finance > Finance - Other,3.5166666666666666
2399,50,cash.app,Finance > Finance - Other,4.033333333333333
2400,1,adp.com,Finance > Financial Planning and Management,5.2
2401,2,poste.it,Finance > Financial Planning and Management,4.033333333333333
2402,3,nspk.ru,Finance > Financial Planning and Management,0.6333333333333333
2403,4,klarna.com,Finance > Financial Planning and Management,1.9666666666666668
2404,5,alipay.com,Finance > Financial Planning and Management,5.266666666666667
2406,7,vtb.ru,Finance > Financial Planning and Management,4.483333333333333
2407,8,experian.com,Finance > Financial Planning and Management,4.05
2409,10,credit-agricole.fr,Finance > Financial Planning and Management,5.433333333333334
2410,11,mitid.dk,Finance > Financial Planning and Management,3.1166666666666667
2411,12,hometax.go.kr,Finance > Financial Planning and Management,10.533333333333333
2413,14,digid.nl,Finance > Financial Planning and Management,2.4166666666666665
2414,15,check24.de,Finance > Financial Planning and Management,7.233333333333333
2415,16,moneysavingexpert.com,Finance > Financial Planning and Management,3.033333333333333
2417,18,myna.go.jp,Finance > Financial Planning and Management,4.416666666666667
2418,19,freee.co.jp,Finance > Financial Planning and Management,11.55
2419,20,labanquepostale.fr,Finance > Financial Planning and Management,3.8666666666666667
2420,21,freetaxusa.com,Finance > Financial Planning and Management,6.433333333333334
2421,22,bancolombia.com,Finance > Financial Planning and Management,2.8333333333333335
2422,23,redsys.es,Finance > Financial Planning and Management,2.4333333333333336
2423,24,billdesk.com,Finance > Financial Planning and Management,3.1333333333333333
2424,25,revolut.com,Finance > Financial Planning and Management,3.8833333333333333
2426,27,caf.fr,Finance > Financial Planning and Management,5.983333333333333
2427,28,desjardins.com,Finance > Financial Planning and Management,5.633333333333333
2432,33,payu.com,Finance > Financial Planning and Management,1.05
2433,34,fu.do,Finance > Financial Planning and Management,21.766666666666666
2434,35,santander.com.ar,Finance > Financial Planning and Management,6.283333333333333
2435,36,saisoncard.co.jp,Finance > Financial Planning and Management,3.1
2436,37,kantangame.com,Finance > Financial Planning and Management,6.916666666666667
2437,38,afterpay.com,Finance > Financial Planning and Management,3.9
2438,39,shinhancard.com,Finance > Financial Planning and Management,1.8
2439,40,lguplus.com,Finance > Financial Planning and Management,1.1833333333333333
2440,41,mt.co.kr,Finance > Financial Planning and Management,0.8666666666666667
2442,43,bkash.com,Finance > Financial Planning and Management,2.8166666666666664
2443,44,bbva.com.ar,Finance > Financial Planning and Management,5.55
2446,47,dolarhoy.com,Finance > Financial Planning and Management,4.683333333333334
2449,50,infocert.it,Finance > Financial Planning and Management,7.133333333333334
2450,1,bajajfinserv.in,Finance > Insurance,1.7333333333333334
2452,3,kaiserpermanente.org,Finance > Insurance,6.05
2454,5,usaa.com,Finance > Insurance,6.783333333333333
2455,6,uhc.com,Finance > Insurance,6.033333333333333
2456,7,statefarm.com,Finance > Insurance,4.9
2458,9,cigna.com,Finance > Insurance,4.95
2459,10,geico.com,Finance > Insurance,5.216666666666667
2460,11,bflcomm.in,Finance > Insurance,3.5166666666666666
2461,12,aetna.com,Finance > Insurance,7.116666666666666
2462,13,aok.de,Finance > Insurance,2.35
2463,14,allstate.com,Finance > Insurance,3.966666666666667
2464,15,comparethemarket.com,Finance > Insurance,6.6
2465,16,maxlifeinsurance.com,Finance > Insurance,1.2833333333333332
2466,17,licindia.in,Finance > Insurance,6.233333333333333
2468,19,portoseguro.com.br,Finance > Insurance,9.033333333333333
2469,20,humana.com,Finance > Insurance,5.466666666666667
2471,22,healthcare.gov,Finance > Insurance,5.266666666666667
2472,23,tk.de,Finance > Insurance,3.25
2473,24,health.aetna.com,Finance > Insurance,8.383333333333333
2475,26,lassuranceretraite.fr,Finance > Insurance,5.166666666666667
2476,27,acko.com,Finance > Insurance,1.6833333333333333
2477,28,securecafenet.com,Finance > Insurance,3.45
2478,29,sura.com,Finance > Insurance,3.7333333333333334
2479,30,theaa.com,Finance > Insurance,3.8166666666666664
2480,31,healthybenefitsplus.com,Finance > Insurance,6.7
2482,33,iciciprulife.com,Finance > Insurance,3.1166666666666667
2483,34,admiral.com,Finance > Insurance,5.883333333333333
2484,35,starhealth.in,Finance > Insurance,3.5166666666666666
2485,36,discovery.co.za,Finance > Insurance,4.216666666666667
2486,37,principal.com,Finance > Insurance,6.216666666666667
2487,38,bcbssettlement.com,Finance > Insurance,3.466666666666667
2488,39,jgl.com.au,Finance > Insurance,4.25
2489,40,super-savings-online.com,Finance > Insurance,1.6
2490,41,hdfclife.com,Finance > Insurance,4.616666666666667
2491,42,bajajfinservmarkets.in,Finance > Insurance,1.6333333333333333
2492,43,hrb.tax,Finance > Insurance,0.8666666666666667
2494,45,ambetterhealth.com,Finance > Insurance,5.166666666666667
2495,46,epssura.com,Finance > Insurance,4.666666666666667
2497,48,lft.to,Finance > Insurance,3.3
2498,49,metlife.com,Finance > Insurance,9.616666666666667
2499,50,aviva.co.uk,Finance > Insurance,5.7
2500,1,tradingview.com,Finance > Investing,5.7
2501,2,investing.com,Finance > Investing,5.066666666666666
2502,3,economictimes.com,Finance > Investing,1.9
2503,4,moneycontrol.com,Finance > Investing,5.083333333333333
2504,5,coinmarketcap.com,Finance > Investing,4.4
2505,6,fidelity.com,Finance > Investing,8.133333333333333
2506,7,schwab.com,Finance > Investing,8.066666666666666
2508,9,peuru.com,Finance > Investing,2.6333333333333333
2509,10,finance.yahoo.co.jp,Finance > Investing,6.766666666666667
2511,12,rakuten-sec.co.jp,Finance > Investing,6.183333333333334
2513,14,zerodha.com,Finance > Investing,9.083333333333334
2514,15,exness.com,Finance > Investing,1.8
2515,16,etoro.com,Finance > Investing,3.1666666666666665
2516,17,robinhood.com,Finance > Investing,7.75
2517,18,eastmoney.com,Finance > Investing,29.133333333333333
2518,19,groww.in,Finance > Investing,5.483333333333333
2519,20,dpbossss.services,Finance > Investing,5.4
2520,21,investopedia.com,Finance > Investing,1.7
2521,22,goodreturns.in,Finance > Investing,1.5
2522,23,whitebit.com,Finance > Investing,6.683333333333334
2523,24,forexfactory.com,Finance > Investing,2.283333333333333
2524,25,dexscreener.com,Finance > Investing,12.216666666666667
2525,26,fool.com,Finance > Investing,1.7
2527,28,vanguard.com,Finance > Investing,7.633333333333333
2528,29,finviz.com,Finance > Investing,5.25
2529,30,etrade.com,Finance > Investing,10.783333333333333
2530,31,finance.sina.com.cn,Finance > Investing,2.9833333333333334
2531,32,mexc.com,Finance > Investing,5.516666666666667
2532,33,thestreet.com,Finance > Investing,0.9166666666666666
2533,34,screener.in,Finance > Investing,8.533333333333333
2534,35,xueqiu.com,Finance > Investing,10.666666666666666
2535,36,boursorama.com,Finance > Investing,13.95
2536,37,paws.community,Finance > Investing,4.516666666666667
2537,38,xmtrading.com,Finance > Investing,1.7666666666666666
2538,39,bitget.com,Finance > Investing,7.383333333333334
2539,40,finanzen.net,Finance > Investing,4.25
2540,41,bybit.com,Finance > Investing,9.9
2541,42,probo.in,Finance > Investing,1.8666666666666667
2542,43,angelone.in,Finance > Investing,7.4
2543,44,cnbctv18.com,Finance > Investing,0.55
2544,45,htx.com,Finance > Investing,2.6666666666666665
2545,46,canlidoviz.com,Finance > Investing,2.8166666666666664
2546,47,upstox.com,Finance > Investing,4.2
2547,48,skylindo.com,Finance > Investing,0.65
2548,49,nasdaq.com,Finance > Investing,2.3333333333333335
2549,50,xm.com,Finance > Investing,2.533333333333333
2550,1,suntory.co.jp,Food and Drink > Beverages,1.8333333333333335
2551,2,totalwine.com,Food and Drink > Beverages,3.6
2552,3,coca-cola.com,Food and Drink > Beverages,0.9333333333333333
2553,4,vivino.com,Food and Drink > Beverages,2.3166666666666664
2554,5,danmurphys.com.au,Food and Drink > Beverages,3.066666666666667
2555,6,asahibeer.co.jp,Food and Drink > Beverages,1.9666666666666668
2556,7,liquor.com,Food and Drink > Beverages,1.7166666666666668
2557,8,untappd.com,Food and Drink > Beverages,2.4833333333333334
2558,9,wine-searcher.com,Food and Drink > Beverages,2.85
2560,11,lcbo.com,Food and Drink > Beverages,2.95
2561,12,pepsico.com,Food and Drink > Beverages,4.25
2562,13,yango.com,Food and Drink > Beverages,2.5
2563,14,sapporobeer.jp,Food and Drink > Beverages,1.1666666666666667
2564,15,dosedaily.co,Food and Drink > Beverages,1.1
2566,17,livcheers.com,Food and Drink > Beverages,2.3166666666666664
2567,18,hellorayo.co.uk,Food and Drink > Beverages,2.3
2568,19,cocacola.co.jp,Food and Drink > Beverages,1.1166666666666667
2569,20,mikmak.ai,Food and Drink > Beverages,1.5666666666666667
2570,21,shop.mikmak.ai,Food and Drink > Beverages,1.5
2572,23,lvmh.com,Food and Drink > Beverages,2.35
2573,24,monsterenergy.com,Food and Drink > Beverages,1.25
2574,25,pepsico.info,Food and Drink > Beverages,0.3333333333333333
2575,26,cellartracker.com,Food and Drink > Beverages,3.7333333333333334
2576,27,falstaff.com,Food and Drink > Beverages,1.6666666666666665
2577,28,diffordsguide.com,Food and Drink > Beverages,2.0166666666666666
2579,30,beeradvocate.com,Food and Drink > Beverages,3.283333333333333
2580,31,lupicia.com,Food and Drink > Beverages,3.25
2581,32,liquorland.com.au,Food and Drink > Beverages,2.1166666666666667
2582,33,enoteca.co.jp,Food and Drink > Beverages,2.1166666666666667
2583,34,wine.com,Food and Drink > Beverages,1.7833333333333332
2584,35,heineken.com,Food and Drink > Beverages,1.7833333333333332
2585,36,readyrefresh.com,Food and Drink > Beverages,3.283333333333333
2586,37,dineplan.com,Food and Drink > Beverages,8.583333333333334
2587,38,alliedbeverage.com,Food and Drink > Beverages,12.816666666666666
2588,39,nescafe.com,Food and Drink > Beverages,1.1333333333333333
2589,40,whiskybase.com,Food and Drink > Beverages,3.05
2590,41,masterofmalt.com,Food and Drink > Beverages,2.6166666666666667
2591,42,delhidutyfree.co.in,Food and Drink > Beverages,1.0833333333333333
2592,43,home-barista.com,Food and Drink > Beverages,2.6166666666666667
2593,44,minibardelivery.com,Food and Drink > Beverages,2.4
2594,45,guinness.com,Food and Drink > Beverages,0.9166666666666666
2596,47,vinepair.com,Food and Drink > Beverages,0.9833333333333333
2597,48,brewdog.com,Food and Drink > Beverages,2.3166666666666664
2598,49,fellowproducts.com,Food and Drink > Beverages,1.7333333333333334
2599,50,finewineandgoodspirits.com,Food and Drink > Beverages,3.6666666666666665
2600,1,cookpad.com,Food and Drink > Cooking and Recipes,1.7666666666666666
2601,2,allrecipes.com,Food and Drink > Cooking and Recipes,2.2666666666666666
2602,3,kurashiru.com,Food and Drink > Cooking and Recipes,1.2833333333333332
2603,4,russianfood.com,Food and Drink > Cooking and Recipes,2.6166666666666667
2604,5,giallozafferano.it,Food and Drink > Cooking and Recipes,2.8666666666666667
2605,6,tudogostoso.com.br,Food and Drink > Cooking and Recipes,0.8333333333333334
2606,7,marmiton.org,Food and Drink > Cooking and Recipes,2.1
2607,8,delishkitchen.tv,Food and Drink > Cooking and Recipes,1.55
2608,9,bbcgoodfood.com,Food and Drink > Cooking and Recipes,3.4333333333333336
2609,10,foodnetwork.com,Food and Drink > Cooking and Recipes,2.1166666666666667
2610,11,recipetineats.com,Food and Drink > Cooking and Recipes,3.533333333333333
2611,12,thekitchn.com,Food and Drink > Cooking and Recipes,1.6833333333333333
2612,13,chefkoch.de,Food and Drink > Cooking and Recipes,3.0
2613,14,parade.com,Food and Drink > Cooking and Recipes,0.8833333333333333
2614,15,lettuceclub.net,Food and Drink > Cooking and Recipes,0.8166666666666667
2615,16,mastertheenglish.com,Food and Drink > Cooking and Recipes,20.95
2616,17,1000.menu,Food and Drink > Cooking and Recipes,1.7833333333333332
2617,18,simplyrecipes.com,Food and Drink > Cooking and Recipes,1.7833333333333332
2618,19,nefisyemektarifleri.com,Food and Drink > Cooking and Recipes,1.6833333333333333
2619,20,delish.com,Food and Drink > Cooking and Recipes,2.6833333333333336
2620,21,eatingwell.com,Food and Drink > Cooking and Recipes,1.5
2621,22,oceans-nadia.com,Food and Drink > Cooking and Recipes,2.0
2622,23,macaro-ni.jp,Food and Drink > Cooking and Recipes,1.4
2623,24,seriouseats.com,Food and Drink > Cooking and Recipes,2.7
2624,25,tasteofhome.com,Food and Drink > Cooking and Recipes,2.1166666666666667
2625,26,aniagotuje.pl,Food and Drink > Cooking and Recipes,1.1833333333333333
2626,27,cuisineaz.com,Food and Drink > Cooking and Recipes,1.7666666666666666
2627,28,loveandlemons.com,Food and Drink > Cooking and Recipes,2.066666666666667
2628,29,fattoincasadabenedetta.it,Food and Drink > Cooking and Recipes,1.2833333333333332
2629,30,thepioneerwoman.com,Food and Drink > Cooking and Recipes,2.183333333333333
2630,31,food.com,Food and Drink > Cooking and Recipes,1.85
2631,32,sallysbakingaddiction.com,Food and Drink > Cooking and Recipes,3.4833333333333334
2632,33,iamcook.ru,Food and Drink > Cooking and Recipes,1.5833333333333335
2633,34,foodandwine.com,Food and Drink > Cooking and Recipes,1.3833333333333333
2634,35,pysznosci.pl,Food and Drink > Cooking and Recipes,0.8666666666666667
2635,36,sirogohan.com,Food and Drink > Cooking and Recipes,1.7833333333333332
2636,37,tastesbetterfromscratch.com,Food and Drink > Cooking and Recipes,2.6166666666666667
2637,38,einfachbacken.de,Food and Drink > Cooking and Recipes,2.4333333333333336
2638,39,kwestiasmaku.com,Food and Drink > Cooking and Recipes,1.5
2639,40,spendwithpennies.com,Food and Drink > Cooking and Recipes,2.6833333333333336
2640,41,housedigest.com,Food and Drink > Cooking and Recipes,1.9333333333333333
2642,43,eda.ru,Food and Drink > Cooking and Recipes,1.3833333333333333
2644,45,toprecepty.cz,Food and Drink > Cooking and Recipes,2.1333333333333333
2645,46,ricardocuisine.com,Food and Drink > Cooking and Recipes,3.033333333333333
2646,47,natashaskitchen.com,Food and Drink > Cooking and Recipes,2.716666666666667
2647,48,povar.ru,Food and Drink > Cooking and Recipes,1.2833333333333332
2648,49,gastronom.ru,Food and Drink > Cooking and Recipes,0.7833333333333333
2649,50,82cook.com,Food and Drink > Cooking and Recipes,5.283333333333333
2650,1,trilltrill.jp,Food and Drink > Food and Drink - Other,2.3666666666666667
2651,2,tabelog.com,Food and Drink > Food and Drink - Other,4.4
2652,3,hotpepper.jp,Food and Drink > Food and Drink - Other,4.866666666666667
2653,4,recruit.co.jp,Food and Drink > Food and Drink - Other,1.8166666666666667
2654,5,dropgame.jp,Food and Drink > Food and Drink - Other,5.116666666666666
2655,6,otzovik.com,Food and Drink > Food and Drink - Other,2.466666666666667
2656,7,tokubai.co.jp,Food and Drink > Food and Drink - Other,2.25
2657,8,ica.se,Food and Drink > Food and Drink - Other,5.066666666666666
2658,9,news.ntv.co.jp,Food and Drink > Food and Drink - Other,1.4
2659,10,starbucks.co.jp,Food and Drink > Food and Drink - Other,2.6166666666666667
2660,11,retty.me,Food and Drink > Food and Drink - Other,2.466666666666667
2661,12,gnavi.co.jp,Food and Drink > Food and Drink - Other,2.6333333333333333
2662,13,wamgame.jp,Food and Drink > Food and Drink - Other,6.55
2663,14,ah.nl,Food and Drink > Food and Drink - Other,3.3
2664,15,ajinomoto.co.jp,Food and Drink > Food and Drink - Other,1.4166666666666667
2665,16,directoalpaladar.com,Food and Drink > Food and Drink - Other,0.9833333333333333
2666,17,nespresso.com,Food and Drink > Food and Drink - Other,2.65
2668,19,eater.com,Food and Drink > Food and Drink - Other,1.5666666666666667
2670,21,wolt.com,Food and Drink > Food and Drink - Other,4.7
2671,22,webstaurantstore.com,Food and Drink > Food and Drink - Other,3.95
2672,23,hellofresh.com,Food and Drink > Food and Drink - Other,2.3333333333333335
2673,24,vauva.fi,Food and Drink > Food and Drink - Other,8.083333333333334
2674,25,championcross.jp,Food and Drink > Food and Drink - Other,4.516666666666667
2675,26,k-ruoka.fi,Food and Drink > Food and Drink - Other,1.2333333333333334
2676,27,factor75.com,Food and Drink > Food and Drink - Other,2.2666666666666666
2677,28,libbyapp.com,Food and Drink > Food and Drink - Other,4.6
2679,30,jp.sharp,Food and Drink > Food and Drink - Other,3.1166666666666667
2680,31,dianping.com,Food and Drink > Food and Drink - Other,2.8
2681,32,epark.jp,Food and Drink > Food and Drink - Other,3.3833333333333333
2682,33,cookaround.com,Food and Drink > Food and Drink - Other,1.75
2683,34,vkusvill.ru,Food and Drink > Food and Drink - Other,5.016666666666667
2685,36,eway.in.ua,Food and Drink > Food and Drink - Other,3.2333333333333334
2686,37,foodlion.com,Food and Drink > Food and Drink - Other,4.75
2687,38,napbizblog.jp,Food and Drink > Food and Drink - Other,4.866666666666667
2688,39,cmnw.jp,Food and Drink > Food and Drink - Other,7.25
2689,40,survey-z.com,Food and Drink > Food and Drink - Other,2.0
2690,41,mozaikportail.ca,Food and Drink > Food and Drink - Other,3.3333333333333335
2691,42,morinaga.co.jp,Food and Drink > Food and Drink - Other,1.1333333333333333
2692,43,eatbu.com,Food and Drink > Food and Drink - Other,1.0833333333333333
2693,44,sukiya.jp,Food and Drink > Food and Drink - Other,2.216666666666667
2694,45,aumo.jp,Food and Drink > Food and Drink - Other,0.4666666666666667
2696,47,cotta.jp,Food and Drink > Food and Drink - Other,3.0833333333333335
2697,48,meny.no,Food and Drink > Food and Drink - Other,2.3333333333333335
2698,49,gorp.jp,Food and Drink > Food and Drink - Other,1.7166666666666668
2699,50,willys.se,Food and Drink > Food and Drink - Other,3.033333333333333
2701,2,instacart.com,Food and Drink > Groceries,5.833333333333333
2702,3,asda.com,Food and Drink > Groceries,5.166666666666667
2704,5,kaufland.de,Food and Drink > Groceries,2.8666666666666667
2705,6,sainsburys.co.uk,Food and Drink > Groceries,4.883333333333333
2706,7,carrefour.fr,Food and Drink > Groceries,3.3666666666666667
2707,8,woolworths.com.au,Food and Drink > Groceries,4.15
2708,9,rewe.de,Food and Drink > Groceries,2.1333333333333333
2709,10,publix.com,Food and Drink > Groceries,3.9333333333333336
2710,11,aldi.us,Food and Drink > Groceries,3.066666666666667
2711,12,coles.com.au,Food and Drink > Groceries,4.483333333333333
2712,13,lidl.fr,Food and Drink > Groceries,2.1
2713,14,safeway.com,Food and Drink > Groceries,4.283333333333333
2714,15,heb.com,Food and Drink > Groceries,5.816666666666666
2715,16,kaufland.com,Food and Drink > Groceries,4.216666666666667
2716,17,lidl.pl,Food and Drink > Groceries,2.55
2717,18,morrisons.com,Food and Drink > Groceries,4.733333333333333
2718,19,biedronka.pl,Food and Drink > Groceries,2.3
2719,20,carrefour.es,Food and Drink > Groceries,3.3666666666666667
2720,21,wholefoodsmarket.com,Food and Drink > Groceries,2.2333333333333334
2722,23,lidl.it,Food and Drink > Groceries,2.0166666666666666
2723,24,ocado.com,Food and Drink > Groceries,6.05
2724,25,lidl.nl,Food and Drink > Groceries,3.3166666666666664
2725,26,migros.com.tr,Food and Drink > Groceries,3.75
2726,27,roller.app,Food and Drink > Groceries,10.683333333333334
2727,28,yemeksepeti.com,Food and Drink > Groceries,6.983333333333333
2728,29,aldi-sued.de,Food and Drink > Groceries,2.2333333333333334
2729,30,lidl.co.uk,Food and Drink > Groceries,2.35
2730,31,searcheasytab.com,Food and Drink > Groceries,13.6
2731,32,aldi.co.uk,Food and Drink > Groceries,3.55
2732,33,kuper.ru,Food and Drink > Groceries,4.033333333333333
2735,36,edeka.de,Food and Drink > Groceries,1.35
2736,37,inst.cr,Food and Drink > Groceries,3.35
2737,38,iceland.co.uk,Food and Drink > Groceries,7.066666666666666
2738,39,hy-vee.com,Food and Drink > Groceries,3.6333333333333333
2739,40,coop.se,Food and Drink > Groceries,3.15
2740,41,netto-online.de,Food and Drink > Groceries,2.0833333333333335
2742,43,fasteasy.io,Food and Drink > Groceries,0.7
2743,44,shop.rewe.de,Food and Drink > Groceries,3.4833333333333334
2744,45,aldi-nord.de,Food and Drink > Groceries,2.183333333333333
2746,47,coop.co.uk,Food and Drink > Groceries,2.3666666666666667
2747,48,samokat.ru,Food and Drink > Groceries,8.316666666666666
2748,49,albertsons.com,Food and Drink > Groceries,3.5666666666666664
2749,50,perekrestok.ru,Food and Drink > Groceries,2.6833333333333336
2750,1,harimanga.me,Food and Drink > Restaurants and Delivery,21.316666666666666
2751,2,doordash.com,Food and Drink > Restaurants and Delivery,7.066666666666666
2752,3,toasttab.com,Food and Drink > Restaurants and Delivery,3.533333333333333
2753,4,ubereats.com,Food and Drink > Restaurants and Delivery,6.516666666666667
2754,5,ytmp3.la,Food and Drink > Restaurants and Delivery,4.116666666666666
2755,6,opentable.com,Food and Drink > Restaurants and Delivery,3.2
2756,7,invl.io,Food and Drink > Restaurants and Delivery,1.3666666666666667
2757,8,dominos.com,Food and Drink > Restaurants and Delivery,6.65
2758,9,ifood.com.br,Food and Drink > Restaurants and Delivery,9.133333333333333
2759,10,square.site,Food and Drink > Restaurants and Delivery,2.3333333333333335
2760,11,shoptastic.io,Food and Drink > Restaurants and Delivery,0.3333333333333333
2761,12,swiggy.com,Food and Drink > Restaurants and Delivery,10.1
2762,13,tvwiki13.com,Food and Drink > Restaurants and Delivery,6.633333333333333
2763,14,mcdonalds.com,Food and Drink > Restaurants and Delivery,1.1833333333333333
2764,15,starbucks.com,Food and Drink > Restaurants and Delivery,1.95
2766,17,resy.com,Food and Drink > Restaurants and Delivery,3.066666666666667
2767,18,sevenrooms.com,Food and Drink > Restaurants and Delivery,2.4833333333333334
2768,19,order.online,Food and Drink > Restaurants and Delivery,2.8166666666666664
2769,20,grubhub.com,Food and Drink > Restaurants and Delivery,5.85
2770,21,bttn.io,Food and Drink > Restaurants and Delivery,0.95
2771,22,just-eat.co.uk,Food and Drink > Restaurants and Delivery,7.833333333333333
2772,23,mcdonalds.co.jp,Food and Drink > Restaurants and Delivery,1.65
2773,24,pizzahut.com,Food and Drink > Restaurants and Delivery,5.1
2774,25,wongnai.com,Food and Drink > Restaurants and Delivery,1.1
2775,26,inline.app,Food and Drink > Restaurants and Delivery,2.0
2776,27,tablecheck.com,Food and Drink > Restaurants and Delivery,4.166666666666667
2778,29,papajohns.com,Food and Drink > Restaurants and Delivery,5.516666666666667
2781,32,tacobell.com,Food and Drink > Restaurants and Delivery,2.783333333333333
2785,36,chipotle.com,Food and Drink > Restaurants and Delivery,2.9333333333333336
2786,37,lieferando.de,Food and Drink > Restaurants and Delivery,6.266666666666667
2787,38,trendndaily.com,Food and Drink > Restaurants and Delivery,2.9833333333333334
2789,40,accurx.nhs.uk,Food and Drink > Restaurants and Delivery,4.383333333333334
2790,41,crumblcookies.com,Food and Drink > Restaurants and Delivery,1.9
2791,42,deliveroo.co.uk,Food and Drink > Restaurants and Delivery,6.433333333333334
2792,43,olivegarden.com,Food and Drink > Restaurants and Delivery,4.25
2793,44,dodopizza.ru,Food and Drink > Restaurants and Delivery,5.516666666666667
2794,45,wingstop.com,Food and Drink > Restaurants and Delivery,3.5
2795,46,littlecaesars.com,Food and Drink > Restaurants and Delivery,3.5
2797,48,exploretock.com,Food and Drink > Restaurants and Delivery,2.4333333333333336
2798,49,restaurantguru.com,Food and Drink > Restaurants and Delivery,1.1833333333333333
2799,50,menudino.com,Food and Drink > Restaurants and Delivery,2.8333333333333335
2801,2,peta.org,Food and Drink > Vegetarian and Vegan,1.1666666666666667
2802,3,itdoesnttastelikechicken.com,Food and Drink > Vegetarian and Vegan,2.5
2803,4,elavegan.com,Food and Drink > Vegetarian and Vegan,1.75
2804,5,happycow.net,Food and Drink > Vegetarian and Vegan,2.0
2805,6,mediafyre.net,Food and Drink > Vegetarian and Vegan,2.0833333333333335
2806,7,eatwithclarity.com,Food and Drink > Vegetarian and Vegan,2.35
2807,8,theconsciousplantkitchen.com,Food and Drink > Vegetarian and Vegan,1.5833333333333335
2808,9,zuckerjagdwurst.com,Food and Drink > Vegetarian and Vegan,2.3
2809,10,plantbasednews.org,Food and Drink > Vegetarian and Vegan,1.15
2810,11,frommybowl.com,Food and Drink > Vegetarian and Vegan,2.966666666666667
2811,12,pickuplimes.com,Food and Drink > Vegetarian and Vegan,3.0166666666666666
2812,13,thefoodietakesflight.com,Food and Drink > Vegetarian and Vegan,1.6833333333333333
2813,14,theplantbasedschool.com,Food and Drink > Vegetarian and Vegan,4.416666666666667
2814,15,plantyou.com,Food and Drink > Vegetarian and Vegan,2.6166666666666667
2815,16,vegnews.com,Food and Drink > Vegetarian and Vegan,1.7833333333333332
2816,17,lovingitvegan.com,Food and Drink > Vegetarian and Vegan,2.3666666666666667
2817,18,veganricha.com,Food and Drink > Vegetarian and Vegan,2.9
2818,19,eat-this.org,Food and Drink > Vegetarian and Vegan,2.4333333333333336
2819,20,qopla.com,Food and Drink > Vegetarian and Vegan,3.85
2820,21,plantbasedrdblog.com,Food and Drink > Vegetarian and Vegan,5.1
2821,22,danzadefogones.com,Food and Drink > Vegetarian and Vegan,1.1166666666666667
2822,23,thebananadiaries.com,Food and Drink > Vegetarian and Vegan,1.3333333333333333
2823,24,wodup.com,Food and Drink > Vegetarian and Vegan,1.9333333333333333
2824,25,planthood.co.uk,Food and Drink > Vegetarian and Vegan,12.45
2825,26,makeitdairyfree.com,Food and Drink > Vegetarian and Vegan,2.9
2826,27,satvicmovement.org,Food and Drink > Vegetarian and Vegan,1.0166666666666666
2827,28,nashgogogo.tw,Food and Drink > Vegetarian and Vegan,1.9
2828,29,sweetsimplevegan.com,Food and Drink > Vegetarian and Vegan,1.6333333333333333
2829,30,abillion.com,Food and Drink > Vegetarian and Vegan,0.7666666666666667
2830,31,fairment.de,Food and Drink > Vegetarian and Vegan,1.7
2831,32,sarahsvegankitchen.com,Food and Drink > Vegetarian and Vegan,2.3333333333333335
2832,33,rainbownourishments.com,Food and Drink > Vegetarian and Vegan,1.9
2833,34,schoolnightvegan.com,Food and Drink > Vegetarian and Vegan,1.4833333333333334
2834,35,plantbasedonabudget.com,Food and Drink > Vegetarian and Vegan,1.7666666666666666
2835,36,shaneandsimple.com,Food and Drink > Vegetarian and Vegan,2.0166666666666666
2836,37,plantbaes.com,Food and Drink > Vegetarian and Vegan,2.183333333333333
2837,38,farmfreshtoyou.com,Food and Drink > Vegetarian and Vegan,3.5166666666666666
2838,39,myquietkitchen.com,Food and Drink > Vegetarian and Vegan,2.0166666666666666
2839,40,cucinabotanica.com,Food and Drink > Vegetarian and Vegan,1.3333333333333333
2840,41,thelittleblogofvegan.com,Food and Drink > Vegetarian and Vegan,1.1833333333333333
2841,42,namawell.com,Food and Drink > Vegetarian and Vegan,2.7333333333333334
2842,43,onegreenplanet.org,Food and Drink > Vegetarian and Vegan,0.8333333333333334
2843,44,beyondmeat.com,Food and Drink > Vegetarian and Vegan,0.7333333333333333
2844,45,soupersage.com,Food and Drink > Vegetarian and Vegan,1.0666666666666667
2845,46,addictedtodates.com,Food and Drink > Vegetarian and Vegan,2.95
2846,47,theeburgerdude.com,Food and Drink > Vegetarian and Vegan,2.75
2847,48,veganuary.com,Food and Drink > Vegetarian and Vegan,1.3
2848,49,upbeetandkaleingitblog.com,Food and Drink > Vegetarian and Vegan,3.7333333333333334
2849,50,crowdedkitchen.com,Food and Drink > Vegetarian and Vegan,1.0833333333333333
3150,1,chess.com,Games > Board and Card Games,14.533333333333333
3151,2,lichess.org,Games > Board and Card Games,16.533333333333335
3152,3,solitaired.com,Games > Board and Card Games,20.116666666666667
3153,4,cardgames.io,Games > Board and Card Games,15.616666666666667
3154,5,boardgamegeek.com,Games > Board and Card Games,4.983333333333333
3155,6,cardmarket.com,Games > Board and Card Games,8.933333333333334
3156,7,playingcards.jp,Games > Board and Card Games,7.566666666666666
3157,8,solitr.com,Games > Board and Card Games,4.9
3158,9,worldofsolitaire.com,Games > Board and Card Games,2.45
3159,10,scryfall.com,Games > Board and Card Games,7.7
3160,11,moxfield.com,Games > Board and Card Games,6.3
3161,12,free-spider-solitaire.com,Games > Board and Card Games,5.05
3162,13,cdromance.org,Games > Board and Card Games,2.5666666666666664
3163,14,edhrec.com,Games > Board and Card Games,6.533333333333333
3164,15,bloxfruitsvalues.com,Games > Board and Card Games,2.783333333333333
3165,16,warhammer.com,Games > Board and Card Games,2.9333333333333336
3166,17,chess-results.com,Games > Board and Card Games,6.083333333333333
3167,18,free-freecell-solitaire.com,Games > Board and Card Games,4.866666666666667
3168,19,247solitaire.com,Games > Board and Card Games,3.2666666666666666
3169,20,solitairebliss.com,Games > Board and Card Games,15.4
3170,21,sanguosha.com,Games > Board and Card Games,2.95
3173,24,colonist.io,Games > Board and Card Games,13.65
3174,25,jeu-du-solitaire.com,Games > Board and Card Games,2.5833333333333335
3175,26,gamefound.com,Games > Board and Card Games,5.0
3176,27,nothing.tech,Games > Board and Card Games,2.5833333333333335
3177,28,deepwoken.co,Games > Board and Card Games,4.716666666666667
3178,29,tactics.tools,Games > Board and Card Games,4.333333333333333
3179,30,flyordie.com,Games > Board and Card Games,8.9
3180,31,archidekt.com,Games > Board and Card Games,5.4
3181,32,fide.com,Games > Board and Card Games,2.2
3182,33,scryfall.io,Games > Board and Card Games,3.35
3183,34,soritia.jp,Games > Board and Card Games,9.45
3184,35,chessbase.com,Games > Board and Card Games,3.4333333333333336
3185,36,cardtrader.com,Games > Board and Card Games,6.75
3186,37,greenfelt.net,Games > Board and Card Games,5.5
3187,38,sudokupad.app,Games > Board and Card Games,10.166666666666666
3188,39,similarsearch.net,Games > Board and Card Games,0.7833333333333333
3189,40,rummycircle.com,Games > Board and Card Games,3.0166666666666666
3190,41,mahjon.gg,Games > Board and Card Games,2.283333333333333
3191,42,247backgammon.org,Games > Board and Card Games,3.466666666666667
3192,43,wahapedia.ru,Games > Board and Card Games,5.816666666666666
3193,44,spider-solitaire-game.com,Games > Board and Card Games,1.8166666666666667
3194,45,spotle.io,Games > Board and Card Games,2.4333333333333336
3195,46,newrecruit.eu,Games > Board and Card Games,7.216666666666667
3196,47,nextchessmove.com,Games > Board and Card Games,1.7833333333333332
3197,48,draftsim.com,Games > Board and Card Games,2.3166666666666664
3198,49,aide-scrabble.fr,Games > Board and Card Games,6.9
3199,50,trickstercards.com,Games > Board and Card Games,20.816666666666666
3200,1,truyenqqto.com,Games > Games - Other,22.483333333333334
3201,2,5ch.net,Games > Games - Other,7.783333333333333
3202,3,douyu.com,Games > Games - Other,7.183333333333334
3205,6,huya.com,Games > Games - Other,5.466666666666667
3206,7,atwiki.jp,Games > Games - Other,6.5
3207,8,nga.cn,Games > Games - Other,10.983333333333333
3208,9,platoboost.com,Games > Games - Other,2.6333333333333333
3209,10,wcofun.net,Games > Games - Other,14.066666666666666
3210,11,lego.com,Games > Games - Other,3.3166666666666664
3211,12,answers.yahoo.com,Games > Games - Other,2.066666666666667
3212,13,u.gg,Games > Games - Other,6.466666666666667
3214,15,pch.com,Games > Games - Other,17.9
3215,16,boardgamearena.com,Games > Games - Other,16.383333333333333
3216,17,tcgplayer.com,Games > Games - Other,6.75
3217,18,mobalytics.gg,Games > Games - Other,4.033333333333333
3218,19,tanki.su,Games > Games - Other,2.533333333333333
3219,20,notube.si,Games > Games - Other,5.866666666666667
3220,21,rik.vip,Games > Games - Other,1.1666666666666667
3221,22,games.yahoo.co.jp,Games > Games - Other,4.333333333333333
3222,23,fortnite.com,Games > Games - Other,2.55
3224,25,sololevelingmangafree.com,Games > Games - Other,25.7
3225,26,kickstarter.com,Games > Games - Other,2.75
3226,27,pokemonshowdown.com,Games > Games - Other,15.65
3228,29,dndbeyond.com,Games > Games - Other,8.466666666666667
3229,30,steamdb.info,Games > Games - Other,3.1166666666666667
3231,32,perchance.org,Games > Games - Other,3.6166666666666667
3232,33,freecash.com,Games > Games - Other,5.016666666666667
3233,34,triviatoday.com,Games > Games - Other,2.283333333333333
3234,35,worldoftanks.eu,Games > Games - Other,2.033333333333333
3235,36,netmarble.com,Games > Games - Other,2.25
3236,37,razlozhi.ru,Games > Games - Other,7.05
3237,38,pricecharting.com,Games > Games - Other,5.033333333333333
3238,39,modrinth.com,Games > Games - Other,6.283333333333333
3239,40,fischipedia.org,Games > Games - Other,6.55
3240,41,doodles.google,Games > Games - Other,3.5
3241,42,granbluefantasy.jp,Games > Games - Other,32.7
3242,43,yt1s.com.co,Games > Games - Other,4.116666666666666
3243,44,gamebanana.com,Games > Games - Other,14.0
3245,46,pokemondb.net,Games > Games - Other,6.45
3246,47,web-jong.com,Games > Games - Other,3.1666666666666665
3247,48,wizards.com,Games > Games - Other,2.783333333333333
3248,49,wargaming.net,Games > Games - Other,3.8
3249,50,pockettactics.com,Games > Games - Other,1.8666666666666667
3250,1,sudoku.com,Games > Puzzles and Brainteasers,7.55
3251,2,games.aarp.org,Games > Puzzles and Brainteasers,14.533333333333333
3253,4,thejigsawpuzzles.com,Games > Puzzles and Brainteasers,10.866666666666667
3254,5,minutecryptic.com,Games > Puzzles and Brainteasers,5.266666666666667
3255,6,wordunscrambler.me,Games > Puzzles and Brainteasers,5.6
3256,7,wafflegame.net,Games > Puzzles and Brainteasers,2.6333333333333333
3257,8,danword.com,Games > Puzzles and Brainteasers,6.783333333333333
3258,9,scrabblewordfinder.org,Games > Puzzles and Brainteasers,6.45
3259,10,thewordfinder.com,Games > Puzzles and Brainteasers,3.65
3260,11,crosswordsolver.com,Games > Puzzles and Brainteasers,2.95
3261,12,websudoku.com,Games > Puzzles and Brainteasers,5.166666666666667
3262,13,wordunscrambler.net,Games > Puzzles and Brainteasers,2.5
3263,14,wort-suchen.de,Games > Puzzles and Brainteasers,7.733333333333333
3264,15,jigsawexplorer.com,Games > Puzzles and Brainteasers,8.65
3265,16,arealme.com,Games > Puzzles and Brainteasers,4.35
3266,17,freedom.to,Games > Puzzles and Brainteasers,5.833333333333333
3268,19,sbsolver.com,Games > Puzzles and Brainteasers,2.5833333333333335
3269,20,pie.org,Games > Puzzles and Brainteasers,1.3166666666666667
3270,21,makeitmeme.com,Games > Puzzles and Brainteasers,8.733333333333333
3271,22,crosswordsolver.org,Games > Puzzles and Brainteasers,3.6833333333333336
3272,23,zistop.com,Games > Puzzles and Brainteasers,0.7333333333333333
3273,24,sudoku.game,Games > Puzzles and Brainteasers,1.9833333333333334
3274,25,nerdlegame.com,Games > Puzzles and Brainteasers,4.1
3275,26,geogridgame.com,Games > Puzzles and Brainteasers,6.733333333333333
3276,27,boatloadpuzzles.com,Games > Puzzles and Brainteasers,5.4
3277,28,247sudoku.com,Games > Puzzles and Brainteasers,3.283333333333333
3278,29,jigidi.com,Games > Puzzles and Brainteasers,8.333333333333334
3279,30,kids.lego.com,Games > Puzzles and Brainteasers,2.4833333333333334
3280,31,quordle.com,Games > Puzzles and Brainteasers,0.75
3281,32,codycross.info,Games > Puzzles and Brainteasers,3.6
3282,33,terrayou.com,Games > Puzzles and Brainteasers,6.15
3283,34,lumosity.com,Games > Puzzles and Brainteasers,8.183333333333334
3284,35,rachacuca.com.br,Games > Puzzles and Brainteasers,8.25
3285,36,6mal5.com,Games > Puzzles and Brainteasers,5.5
3286,37,themahjong.com,Games > Puzzles and Brainteasers,8.316666666666666
3287,38,puzzlebaron.com,Games > Puzzles and Brainteasers,15.783333333333333
3288,39,puzzle-nonograms.com,Games > Puzzles and Brainteasers,12.466666666666667
3289,40,flagle-game.com,Games > Puzzles and Brainteasers,2.8
3290,41,lovattspuzzles.com,Games > Puzzles and Brainteasers,4.5
3291,42,si-coding.net,Games > Puzzles and Brainteasers,8.566666666666666
3292,43,numberplace.net,Games > Puzzles and Brainteasers,8.233333333333333
3293,44,korsordsvar.com,Games > Puzzles and Brainteasers,9.916666666666666
3294,45,ultimatesuccesspuzzle.com,Games > Puzzles and Brainteasers,5.866666666666667
3295,46,farmville3.com,Games > Puzzles and Brainteasers,1.0166666666666666
3296,47,unscramble.me,Games > Puzzles and Brainteasers,1.4166666666666667
3297,48,culturequizz.com,Games > Puzzles and Brainteasers,9.283333333333333
3298,49,nonograms.org,Games > Puzzles and Brainteasers,10.85
3299,50,heywise.com,Games > Puzzles and Brainteasers,3.283333333333333
3302,3,roll20.net,Games > Roleplaying Games,7.116666666666666
3303,4,secondlife.com,Games > Roleplaying Games,9.483333333333333
3304,5,igg.com,Games > Roleplaying Games,1.8333333333333335
3305,6,lanzoup.com,Games > Roleplaying Games,1.65
3306,7,deeplol.gg,Games > Roleplaying Games,6.4
3307,8,5e.tools,Games > Roleplaying Games,10.216666666666667
3308,9,fantasynamegenerators.com,Games > Roleplaying Games,2.2333333333333334
3309,10,dnd.su,Games > Roleplaying Games,9.666666666666666
3310,11,heroforge.com,Games > Roleplaying Games,2.7333333333333334
3311,12,aonprd.com,Games > Roleplaying Games,8.516666666666667
3312,13,imgchest.com,Games > Roleplaying Games,4.533333333333333
3313,14,nxbrew.net,Games > Roleplaying Games,2.8666666666666667
3314,15,f-list.net,Games > Roleplaying Games,12.75
3317,18,rusticotvhd.com,Games > Roleplaying Games,4.466666666666667
3318,19,giantitp.com,Games > Roleplaying Games,2.1666666666666665
3319,20,poppyplaytime.com,Games > Roleplaying Games,1.8
3320,21,aidedd.org,Games > Roleplaying Games,4.633333333333333
3321,22,probuildstats.com,Games > Roleplaying Games,2.2
3322,23,gam.onl,Games > Roleplaying Games,5.783333333333333
3323,24,drivethrurpg.com,Games > Roleplaying Games,3.1666666666666665
3324,25,worldanvil.com,Games > Roleplaying Games,3.033333333333333
3326,27,swudb.com,Games > Roleplaying Games,7.1
3327,28,rpgbot.net,Games > Roleplaying Games,5.9
3328,29,owlbear.rodeo,Games > Roleplaying Games,5.383333333333334
3329,30,eveonline.com,Games > Roleplaying Games,3.0
3330,31,fallenlondon.com,Games > Roleplaying Games,4.766666666666667
3331,32,inkarnate.com,Games > Roleplaying Games,4.966666666666667
3332,33,uniteapi.dev,Games > Roleplaying Games,4.75
3333,34,marketplace.dndbeyond.com,Games > Roleplaying Games,2.4333333333333336
3334,35,sabbat.su,Games > Roleplaying Games,0.7333333333333333
3335,36,7fz7efcr.click,Games > Roleplaying Games,1.65
3336,37,anichin.fun,Games > Roleplaying Games,9.6
3337,38,enworld.org,Games > Roleplaying Games,2.7
3338,39,acgyyg.ru,Games > Roleplaying Games,4.3
3339,40,tribalwars.net,Games > Roleplaying Games,9.833333333333334
3340,41,wfwf367.com,Games > Roleplaying Games,9.15
3342,43,123912.com,Games > Roleplaying Games,1.2333333333333334
3344,45,gmbinder.com,Games > Roleplaying Games,1.5666666666666667
3345,46,forge-vtt.com,Games > Roleplaying Games,5.45
3346,47,vaycasino279.com,Games > Roleplaying Games,6.65
3347,48,rpg.net,Games > Roleplaying Games,4.0
3348,49,beacon.tv,Games > Roleplaying Games,3.033333333333333
3350,1,twitch.tv,Games > Video Games Consoles and Accessories,8.7
3351,2,roblox.com,Games > Video Games Consoles and Accessories,10.266666666666667
3352,3,asuracomic.net,Games > Video Games Consoles and Accessories,12.6
3353,4,steampowered.com,Games > Video Games Consoles and Accessories,2.716666666666667
3354,5,steamcommunity.com,Games > Video Games Consoles and Accessories,3.783333333333333
3355,6,poki.com,Games > Video Games Consoles and Accessories,9.05
3356,7,ign.com,Games > Video Games Consoles and Accessories,1.7666666666666666
3357,8,game8.jp,Games > Video Games Consoles and Accessories,4.633333333333333
3358,9,gamewith.jp,Games > Video Games Consoles and Accessories,4.733333333333333
3359,10,gamer.com.tw,Games > Video Games Consoles and Accessories,6.083333333333333
3360,11,epicgames.com,Games > Video Games Consoles and Accessories,3.0166666666666666
3361,12,crazygames.com,Games > Video Games Consoles and Accessories,8.266666666666667
3362,13,gamerant.com,Games > Video Games Consoles and Accessories,0.85
3363,14,nexusmods.com,Games > Video Games Consoles and Accessories,10.7
3365,16,ea.com,Games > Video Games Consoles and Accessories,3.033333333333333
3366,17,jeuxvideo.com,Games > Video Games Consoles and Accessories,5.266666666666667
3368,19,kahoot.it,Games > Video Games Consoles and Accessories,9.116666666666667
3369,20,hltv.org,Games > Video Games Consoles and Accessories,6.266666666666667
3370,21,op.gg,Games > Video Games Consoles and Accessories,6.5
3371,22,sooplive.co.kr,Games > Video Games Consoles and Accessories,14.7
3372,23,gamespot.com,Games > Video Games Consoles and Accessories,3.033333333333333
3373,24,inven.co.kr,Games > Video Games Consoles and Accessories,11.483333333333333
3374,25,3dmgame.com,Games > Video Games Consoles and Accessories,3.066666666666667
3375,26,ruliweb.com,Games > Video Games Consoles and Accessories,16.966666666666665
3376,27,nintendo.com,Games > Video Games Consoles and Accessories,3.6
3377,28,otnolatrnup.com,Games > Video Games Consoles and Accessories,2.5666666666666664
3378,29,g123.jp,Games > Video Games Consoles and Accessories,1.4833333333333334
3379,30,arca.live,Games > Video Games Consoles and Accessories,10.233333333333333
3380,31,itch.io,Games > Video Games Consoles and Accessories,3.9333333333333336
3381,32,gutefrage.net,Games > Video Games Consoles and Accessories,1.8833333333333333
3382,33,futbin.com,Games > Video Games Consoles and Accessories,7.133333333333334
3383,34,nexon.com,Games > Video Games Consoles and Accessories,5.383333333333334
3384,35,spicychat.ai,Games > Video Games Consoles and Accessories,13.333333333333334
3385,36,mediago.io,Games > Video Games Consoles and Accessories,0.9666666666666667
3386,37,gamesradar.com,Games > Video Games Consoles and Accessories,0.95
3387,38,gamersky.com,Games > Video Games Consoles and Accessories,4.283333333333333
3388,39,faceit.com,Games > Video Games Consoles and Accessories,8.783333333333333
3389,40,liquipedia.net,Games > Video Games Consoles and Accessories,3.15
3390,41,pathofexile.com,Games > Video Games Consoles and Accessories,15.15
3391,42,fanbox.cc,Games > Video Games Consoles and Accessories,2.533333333333333
3392,43,supercell.com,Games > Video Games Consoles and Accessories,1.5
3393,44,vtubermatomerevival.com,Games > Video Games Consoles and Accessories,9.2
3394,45,kamigame.jp,Games > Video Games Consoles and Accessories,4.65
3395,46,riotgames.com,Games > Video Games Consoles and Accessories,2.3
3396,47,aternos.org,Games > Video Games Consoles and Accessories,7.116666666666666
3397,48,pcgamer.com,Games > Video Games Consoles and Accessories,1.0166666666666666
3398,49,hoyolab.com,Games > Video Games Consoles and Accessories,3.15
3399,50,curseforge.com,Games > Video Games Consoles and Accessories,6.55
3400,1,blocksite.co,Health > Addictions,1.5666666666666667
3403,4,nofap.com,Health > Addictions,2.9833333333333334
3405,6,kipu-11004.s3.amazonaws.com,Health > Addictions,3.55
3406,7,notdrink.ru,Health > Addictions,35.266666666666666
3407,8,0x3.com,Health > Addictions,2.8333333333333335
3408,9,americanaddictioncenters.org,Health > Addictions,0.8
3409,10,dea.gov,Health > Addictions,0.8
3411,12,advmd.co,Health > Addictions,0.5333333333333333
3413,14,aa.org,Health > Addictions,1.45
3415,16,rehabfamily.com,Health > Addictions,0.45
3417,18,joyous.team,Health > Addictions,3.5833333333333335
3418,19,localplan.co,Health > Addictions,1.2833333333333332
3419,20,grower.ch,Health > Addictions,9.0
3420,21,addictioncenter.com,Health > Addictions,0.5833333333333334
3421,22,therecoveryvillage.com,Health > Addictions,0.7166666666666667
3422,23,jftna.org,Health > Addictions,1.6833333333333333
3423,24,behavioralhealth-centers.com,Health > Addictions,1.7
3424,25,psychonautwiki.org,Health > Addictions,3.55
3429,30,hapvidandi.com.br,Health > Addictions,1.3333333333333333
3430,31,laakeinfo.fi,Health > Addictions,0.8666666666666667
3431,32,adf.org.au,Health > Addictions,0.55
3434,35,cerebellumacademy.com,Health > Addictions,7.383333333333334
3435,36,saa-recovery.org,Health > Addictions,2.183333333333333
3437,38,liki.uz,Health > Addictions,0.6166666666666667
3438,39,samsa.org.in,Health > Addictions,1.4833333333333334
3439,40,zinniahealth.com,Health > Addictions,0.6333333333333333
3440,41,internetaddictsanonymous.org,Health > Addictions,4.5
3441,42,employersolutions.com,Health > Addictions,5.383333333333334
3442,43,jomo.so,Health > Addictions,6.966666666666667
3444,45,ggplus.pro,Health > Addictions,54.35
3446,47,hazeldenbettyford.org,Health > Addictions,0.6666666666666666
3447,48,jellinek.nl,Health > Addictions,0.8
3448,49,calmark.io,Health > Addictions,2.85
3449,50,verimed.ru,Health > Addictions,0.5
3450,1,iherb.com,Health > Alternative and Natural Medicine,3.966666666666667
3451,2,ga.de,Health > Alternative and Natural Medicine,2.1333333333333333
3453,4,mercola.com,Health > Alternative and Natural Medicine,2.0
3454,5,news.hidoc.co.kr,Health > Alternative and Natural Medicine,0.4666666666666667
3455,6,massagebook.com,Health > Alternative and Natural Medicine,5.3
3456,7,liebscher-bracht.com,Health > Alternative and Natural Medicine,2.033333333333333
3457,8,functionhealth.com,Health > Alternative and Natural Medicine,5.216666666666667
3458,9,bananam.co.kr,Health > Alternative and Natural Medicine,1.3333333333333333
3459,10,zanducare.com,Health > Alternative and Natural Medicine,0.75
3460,11,aklamator.com,Health > Alternative and Natural Medicine,4.15
3462,13,moneple.com,Health > Alternative and Natural Medicine,0.6333333333333333
3463,14,naturheilkompass.de,Health > Alternative and Natural Medicine,0.5333333333333333
3464,15,benu.rs,Health > Alternative and Natural Medicine,1.8166666666666667
3465,16,himalayawellness.in,Health > Alternative and Natural Medicine,1.0833333333333333
3466,17,younity.com,Health > Alternative and Natural Medicine,2.966666666666667
3467,18,punarjanayurveda.com,Health > Alternative and Natural Medicine,1.9
3468,19,apotekajankovic.rs,Health > Alternative and Natural Medicine,11.5
3469,20,childrenshealthdefense.org,Health > Alternative and Natural Medicine,1.6166666666666667
3470,21,annatsu.at,Health > Alternative and Natural Medicine,2.95
3471,22,dijeta.in.rs,Health > Alternative and Natural Medicine,0.5333333333333333
3473,24,drjoedispenza.com,Health > Alternative and Natural Medicine,3.2666666666666666
3474,25,resalib.fr,Health > Alternative and Natural Medicine,1.55
3475,26,clinicsense.com,Health > Alternative and Natural Medicine,4.166666666666667
3476,27,mercolamarket.com,Health > Alternative and Natural Medicine,1.2
3477,28,chirotouch.com,Health > Alternative and Natural Medicine,19.4
3479,30,narayana-verlag.de,Health > Alternative and Natural Medicine,3.783333333333333
3480,31,biogena.com,Health > Alternative and Natural Medicine,2.0166666666666666
3481,32,ksamata.ru,Health > Alternative and Natural Medicine,5.966666666666667
3482,33,vitakruid.nl,Health > Alternative and Natural Medicine,2.183333333333333
3483,34,simplero.com,Health > Alternative and Natural Medicine,3.1333333333333333
3484,35,drhomeo.com,Health > Alternative and Natural Medicine,1.55
3485,36,love.janeapp.com,Health > Alternative and Natural Medicine,0.016666666666666666
3487,38,sante-nutrition.org,Health > Alternative and Natural Medicine,1.8
3488,39,meditree.kr,Health > Alternative and Natural Medicine,4.333333333333333
3489,40,meinmed.at,Health > Alternative and Natural Medicine,0.9333333333333333
3490,41,optimantra.com,Health > Alternative and Natural Medicine,12.983333333333333
3491,42,decouvertes-sante.com,Health > Alternative and Natural Medicine,1.0166666666666666
3492,43,korenovsk-rc.ru,Health > Alternative and Natural Medicine,0.1
3493,44,tkp.at,Health > Alternative and Natural Medicine,1.2666666666666666
3494,45,shop.benu.rs,Health > Alternative and Natural Medicine,0.016666666666666666
3495,46,midwesterndoctor.com,Health > Alternative and Natural Medicine,3.2666666666666666
3496,47,cureveda.com,Health > Alternative and Natural Medicine,1.1166666666666667
3497,48,eusemfronteiras.com.br,Health > Alternative and Natural Medicine,0.45
3498,49,inspirerendleven.nl,Health > Alternative and Natural Medicine,1.6
3499,50,therapia.gr,Health > Alternative and Natural Medicine,1.3333333333333333
3500,1,mevosaude.com.br,Health > Biotechnology and Pharmaceuticals,0.5833333333333334
3502,3,veevavault.com,Health > Biotechnology and Pharmaceuticals,14.35
3504,5,cytamins.ru,Health > Biotechnology and Pharmaceuticals,1.1666666666666667
3506,7,farmazon.com.tr,Health > Biotechnology and Pharmaceuticals,12.166666666666666
3507,8,drmax.pl,Health > Biotechnology and Pharmaceuticals,0.9333333333333333
3508,9,9meters.com,Health > Biotechnology and Pharmaceuticals,0.85
3509,10,pfizerforall.com,Health > Biotechnology and Pharmaceuticals,1.1166666666666667
3510,11,rohto.com,Health > Biotechnology and Pharmaceuticals,1.2
3511,12,pfizer.com,Health > Biotechnology and Pharmaceuticals,2.4333333333333336
3512,13,kenei-pharm.com,Health > Biotechnology and Pharmaceuticals,0.4166666666666667
3514,15,alinamin-kenko.jp,Health > Biotechnology and Pharmaceuticals,0.5833333333333334
3515,16,roche.com,Health > Biotechnology and Pharmaceuticals,3.183333333333333
3516,17,mt-pharma.co.jp,Health > Biotechnology and Pharmaceuticals,0.6333333333333333
3517,18,abbvie.com,Health > Biotechnology and Pharmaceuticals,3.9
3520,21,iqvia.com,Health > Biotechnology and Pharmaceuticals,4.666666666666667
3521,22,webdiet.com.br,Health > Biotechnology and Pharmaceuticals,20.083333333333332
3523,24,prevnar20.com,Health > Biotechnology and Pharmaceuticals,0.95
3524,25,zutool.jp,Health > Biotechnology and Pharmaceuticals,1.6
3525,26,novartis.com,Health > Biotechnology and Pharmaceuticals,1.7666666666666666
3526,27,bayer.com,Health > Biotechnology and Pharmaceuticals,1.55
3528,29,kamimutsukawa.com,Health > Biotechnology and Pharmaceuticals,0.5666666666666667
3529,30,imedidata.com,Health > Biotechnology and Pharmaceuticals,12.0
3530,31,otelixio.com,Health > Biotechnology and Pharmaceuticals,0.06666666666666667
3531,32,merck.com,Health > Biotechnology and Pharmaceuticals,5.05
3532,33,ratiopharm.de,Health > Biotechnology and Pharmaceuticals,0.5833333333333334
3533,34,sberhealth.ru,Health > Biotechnology and Pharmaceuticals,2.8
3536,37,fiercebiotech.com,Health > Biotechnology and Pharmaceuticals,1.35
3538,39,astrazeneca.com,Health > Biotechnology and Pharmaceuticals,2.4833333333333334
3539,40,redcare-apotheke.ch,Health > Biotechnology and Pharmaceuticals,3.6166666666666667
3540,41,endpts.com,Health > Biotechnology and Pharmaceuticals,2.4
3541,42,news.popyard.space,Health > Biotechnology and Pharmaceuticals,10.716666666666667
3542,43,fit.clinic,Health > Biotechnology and Pharmaceuticals,0.4166666666666667
3543,44,takeda.com,Health > Biotechnology and Pharmaceuticals,1.3833333333333333
3544,45,careers.lilly.com,Health > Biotechnology and Pharmaceuticals,3.283333333333333
3545,46,eurofarma.com.br,Health > Biotechnology and Pharmaceuticals,1.05
3546,47,symbion.com.au,Health > Biotechnology and Pharmaceuticals,9.066666666666666
3547,48,center-dental-clinic.com,Health > Biotechnology and Pharmaceuticals,2.0
3548,49,amgen.com,Health > Biotechnology and Pharmaceuticals,1.5666666666666667
3549,50,prescriberpoint.com,Health > Biotechnology and Pharmaceuticals,1.1333333333333333
3550,1,babycenter.com,Health > Childrens Health,1.5833333333333335
3551,2,babyblog.ru,Health > Childrens Health,4.2
3552,3,parenting.pl,Health > Childrens Health,0.8
3553,4,parents.com,Health > Childrens Health,1.05
3554,5,kidshealth.org,Health > Childrens Health,1.0
3555,6,baby.ru,Health > Childrens Health,4.566666666666666
3556,7,u-mama.ru,Health > Childrens Health,7.166666666666667
3557,8,sibmama.ru,Health > Childrens Health,2.5
3558,9,guiainfantil.com,Health > Childrens Health,2.033333333333333
3559,10,7ya.ru,Health > Childrens Health,5.533333333333333
3560,11,stanfordchildrens.org,Health > Childrens Health,2.4
3561,12,littleone.ru,Health > Childrens Health,9.983333333333333
3562,13,mom.life,Health > Childrens Health,1.6666666666666665
3563,14,party.pl,Health > Childrens Health,0.8833333333333333
3564,15,happiestbaby.com,Health > Childrens Health,1.6166666666666667
3565,16,huckleberrycare.com,Health > Childrens Health,1.35
3566,17,raisingchildren.net.au,Health > Childrens Health,1.0166666666666666
3567,18,gdemoideti.ru,Health > Childrens Health,1.1166666666666667
3568,19,childmind.org,Health > Childrens Health,1.0666666666666667
3569,20,perfactive.fr,Health > Childrens Health,4.7
3570,21,bebemamae.com,Health > Childrens Health,0.9166666666666666
3571,22,attractivenesstest.com,Health > Childrens Health,5.55
3572,23,madeformums.com,Health > Childrens Health,1.0166666666666666
3573,24,babyhome.com.tw,Health > Childrens Health,2.0833333333333335
3574,25,healthify.nz,Health > Childrens Health,1.4333333333333333
3575,26,parents.ru,Health > Childrens Health,1.2166666666666668
3576,27,serpadres.es,Health > Childrens Health,1.2
3577,28,kinderaerzte-im-netz.de,Health > Childrens Health,0.8333333333333334
3578,29,dodot.es,Health > Childrens Health,0.6
3579,30,medela.com,Health > Childrens Health,1.1333333333333333
3580,31,clinics-app.com,Health > Childrens Health,1.2666666666666666
3581,32,huggies.ru,Health > Childrens Health,0.7
3582,33,ilkadimlarim.com,Health > Childrens Health,0.6833333333333333
3583,34,pinmed.co,Health > Childrens Health,0.9
3584,35,materinstvo.ru,Health > Childrens Health,3.6833333333333336
3585,36,mamotoja.pl,Health > Childrens Health,1.2
3586,37,kindergesundheit-info.de,Health > Childrens Health,0.8166666666666667
3587,38,mjakmama24.pl,Health > Childrens Health,0.8333333333333334
3589,40,wosp.org.pl,Health > Childrens Health,1.4333333333333333
3590,41,kimbino.hu,Health > Childrens Health,4.5
3591,42,bebesymas.com,Health > Childrens Health,1.3166666666666667
3592,43,cps.ca,Health > Childrens Health,1.0666666666666667
3593,44,sickkids.ca,Health > Childrens Health,2.8666666666666667
3594,45,intelite.com.br,Health > Childrens Health,71.88333333333334
3595,46,childcare.co.uk,Health > Childrens Health,3.9
3596,47,kita.de,Health > Childrens Health,1.2333333333333334
3597,48,llli.org,Health > Childrens Health,1.0166666666666666
3598,49,mamanoko.jp,Health > Childrens Health,1.5
3599,50,todopapas.com,Health > Childrens Health,1.4833333333333334
3600,1,invisalign.com,Health > Dentist and Dental Services,6.683333333333334
3602,3,intakeq.com,Health > Dentist and Dental Services,7.216666666666667
3603,4,haisha-yoyaku.jp,Health > Dentist and Dental Services,4.216666666666667
3604,5,medicaldoc.jp,Health > Dentist and Dental Services,1.8166666666666667
3605,6,denticon.com,Health > Dentist and Dental Services,34.25
3606,7,aligntech.com,Health > Dentist and Dental Services,14.616666666666667
3607,8,simplesdental.com,Health > Dentist and Dental Services,42.666666666666664
3609,10,visitqatar.com,Health > Dentist and Dental Services,1.1666666666666667
3610,11,modento.io,Health > Dentist and Dental Services,5.066666666666666
3612,13,stransa.co.jp,Health > Dentist and Dental Services,7.45
3613,14,dentrixascend.com,Health > Dentist and Dental Services,27.116666666666667
3614,15,dentalxchange.com,Health > Dentist and Dental Services,7.15
3615,16,poponveneers.com,Health > Dentist and Dental Services,5.116666666666666
3616,17,dentally.co,Health > Dentist and Dental Services,70.33333333333333
3617,18,aspendental.com,Health > Dentist and Dental Services,2.45
3618,19,solutionreach.com,Health > Dentist and Dental Services,6.55
3619,20,vynetrellis.com,Health > Dentist and Dental Services,6.45
3620,21,simples-saude.com,Health > Dentist and Dental Services,0.016666666666666666
3621,22,myitero.com,Health > Dentist and Dental Services,8.4
3623,24,ada.org,Health > Dentist and Dental Services,2.0166666666666666
3624,25,operadds.com,Health > Dentist and Dental Services,4.466666666666667
3625,26,rectanglehealth.com,Health > Dentist and Dental Services,7.266666666666667
3626,27,chatmix.com.br,Health > Dentist and Dental Services,89.78333333333333
3627,28,dentalhub.com,Health > Dentist and Dental Services,9.483333333333333
3628,29,myoryx.com,Health > Dentist and Dental Services,16.566666666666666
3629,30,curvehero.com,Health > Dentist and Dental Services,57.35
3630,31,etabletka.sk,Health > Dentist and Dental Services,2.6
3631,32,fnanen.com,Health > Dentist and Dental Services,1.6333333333333333
3632,33,codental.com.br,Health > Dentist and Dental Services,22.1
3633,34,sensodyne.com,Health > Dentist and Dental Services,0.6166666666666667
3635,36,24stoma.ru,Health > Dentist and Dental Services,0.75
3637,38,getweave.com,Health > Dentist and Dental Services,3.4833333333333334
3638,39,judenedds.com,Health > Dentist and Dental Services,3.1666666666666665
3639,40,clearchoice.com,Health > Dentist and Dental Services,1.15
3640,41,oralb.com,Health > Dentist and Dental Services,1.3833333333333333
3641,42,americareadysupply.com,Health > Dentist and Dental Services,2.1
3642,43,invisalign.com.br,Health > Dentist and Dental Services,1.2166666666666668
3643,44,3shape.com,Health > Dentist and Dental Services,7.083333333333333
3644,45,patientconnect365.com,Health > Dentist and Dental Services,1.9166666666666665
3646,47,enguard.com,Health > Dentist and Dental Services,10.95
3648,49,dentalkart.com,Health > Dentist and Dental Services,1.2833333333333332
3649,50,vevidental.com,Health > Dentist and Dental Services,11.266666666666667
3650,1,litalico.jp,Health > Developmental and Physical Disabilities,1.3833333333333333
3651,2,thementornetwork.com,Health > Developmental and Physical Disabilities,3.0833333333333335
3653,4,benefitsandwork.co.uk,Health > Developmental and Physical Disabilities,2.066666666666667
3654,5,autism.org.uk,Health > Developmental and Physical Disabilities,1.6333333333333333
3655,6,cnsa.fr,Health > Developmental and Physical Disabilities,3.45
3656,7,vdk.de,Health > Developmental and Physical Disabilities,2.25
3657,8,set-works.com,Health > Developmental and Physical Disabilities,7.983333333333333
3658,9,goodwill.org,Health > Developmental and Physical Disabilities,1.0333333333333334
3659,10,statres.com,Health > Developmental and Physical Disabilities,13.9
3660,11,oref.org.il,Health > Developmental and Physical Disabilities,0.38333333333333336
3661,12,monparcourshandicap.gouv.fr,Health > Developmental and Physical Disabilities,1.7166666666666668
3662,13,dcig-forum.de,Health > Developmental and Physical Disabilities,2.75
3664,15,care-wing.jp,Health > Developmental and Physical Disabilities,22.966666666666665
3665,16,sevitahealth.com,Health > Developmental and Physical Disabilities,2.55
3666,17,guardner.jp,Health > Developmental and Physical Disabilities,0.6666666666666666
3668,19,handicap.fr,Health > Developmental and Physical Disabilities,0.9666666666666667
3669,20,shohgaisha.com,Health > Developmental and Physical Disabilities,1.15
3670,21,enableme.de,Health > Developmental and Physical Disabilities,1.7
3673,24,disabili.com,Health > Developmental and Physical Disabilities,1.1333333333333333
3675,26,seikatsuhogo.biz,Health > Developmental and Physical Disabilities,1.8166666666666667
3676,27,rakuraku.or.jp,Health > Developmental and Physical Disabilities,3.066666666666667
3677,28,granfarma.it,Health > Developmental and Physical Disabilities,2.5166666666666666
3678,29,pflegecampus.de,Health > Developmental and Physical Disabilities,31.416666666666668
3679,30,ashdodonline.co.il,Health > Developmental and Physical Disabilities,1.15
3680,31,sovd-sh.de,Health > Developmental and Physical Disabilities,1.6166666666666667
3681,32,niepelnosprawni.pl,Health > Developmental and Physical Disabilities,1.0666666666666667
3682,33,mobilityworks.com,Health > Developmental and Physical Disabilities,2.1
3683,34,dredf.org,Health > Developmental and Physical Disabilities,1.1666666666666667
3684,35,abilitynet.org.uk,Health > Developmental and Physical Disabilities,0.6
3685,36,hdsunflower.com,Health > Developmental and Physical Disabilities,1.6166666666666667
3686,37,mymodivcare.com,Health > Developmental and Physical Disabilities,1.9
3687,38,lebenshilfe.de,Health > Developmental and Physical Disabilities,1.0166666666666666
3689,40,doorinworld.ru,Health > Developmental and Physical Disabilities,1.6
3690,41,disabilityscoop.com,Health > Developmental and Physical Disabilities,1.15
3691,42,rh-dt.de,Health > Developmental and Physical Disabilities,3.3166666666666664
3692,43,korian.it,Health > Developmental and Physical Disabilities,1.4666666666666668
3693,44,elo-forum.org,Health > Developmental and Physical Disabilities,2.7
3694,45,shuro-shien.or.jp,Health > Developmental and Physical Disabilities,1.35
3695,46,invalidnost.com,Health > Developmental and Physical Disabilities,1.15
3696,47,rehakids.de,Health > Developmental and Physical Disabilities,2.1166666666666667
3697,48,handylex.org,Health > Developmental and Physical Disabilities,1.3666666666666667
3698,49,bloghoptoys.fr,Health > Developmental and Physical Disabilities,0.6666666666666666
3699,50,eyleahd.com,Health > Developmental and Physical Disabilities,0.2
3700,1,reliaslearning.com,Health > Geriatric and Aging Care,14.016666666666667
3701,2,fox13seattle.com,Health > Geriatric and Aging Care,1.8166666666666667
3702,3,clearcareonline.com,Health > Geriatric and Aging Care,20.583333333333332
3703,4,tyojyu.or.jp,Health > Geriatric and Aging Care,1.1833333333333333
3704,5,aplaceformom.com,Health > Geriatric and Aging Care,1.9333333333333333
3705,6,matrixcare.com,Health > Geriatric and Aging Care,25.466666666666665
3706,7,agingcare.com,Health > Geriatric and Aging Care,1.45
3707,8,checkanswers.co,Health > Geriatric and Aging Care,0.7666666666666667
3708,9,alayacare.com,Health > Geriatric and Aging Care,4.716666666666667
3709,10,mindfuladvantage.com,Health > Geriatric and Aging Care,2.3
3710,11,ncoa.org,Health > Geriatric and Aging Care,0.7833333333333333
3711,12,seniorliving.org,Health > Geriatric and Aging Care,1.35
3712,13,monetise.com,Health > Geriatric and Aging Care,2.05
3713,14,axxessweb.com,Health > Geriatric and Aging Care,6.816666666666666
3714,15,wellsky.com,Health > Geriatric and Aging Care,23.6
3715,16,capretraite.fr,Health > Geriatric and Aging Care,1.7
3716,17,onlinefabricstore.com,Health > Geriatric and Aging Care,1.9166666666666665
3717,18,reversephone.com,Health > Geriatric and Aging Care,3.3666666666666667
3718,19,axiscare.com,Health > Geriatric and Aging Care,18.566666666666666
3719,20,truelinkfinancial.com,Health > Geriatric and Aging Care,1.4333333333333333
3720,21,modivcare.com,Health > Geriatric and Aging Care,4.366666666666666
3721,22,jabraenhance.com,Health > Geriatric and Aging Care,6.733333333333333
3722,23,pour-les-personnes-agees.gouv.fr,Health > Geriatric and Aging Care,3.3333333333333335
3723,24,sante-ra.fr,Health > Geriatric and Aging Care,6.116666666666666
3724,25,ryokorouter.com,Health > Geriatric and Aging Care,1.55
3725,26,brightstarcare.com,Health > Geriatric and Aging Care,17.383333333333333
3726,27,caring.com,Health > Geriatric and Aging Care,1.9166666666666665
3728,29,lifelinesupport.org,Health > Geriatric and Aging Care,1.9666666666666668
3730,31,hublo.com,Health > Geriatric and Aging Care,3.4333333333333336
3731,32,action-sociale.org,Health > Geriatric and Aging Care,2.3666666666666667
3732,33,freedomcare.com,Health > Geriatric and Aging Care,1.2666666666666666
3733,34,sanitaire-social.com,Health > Geriatric and Aging Care,1.4333333333333333
3735,36,aloraplus.com,Health > Geriatric and Aging Care,22.4
3736,37,residentapps.com,Health > Geriatric and Aging Care,2.8
3737,38,ultrahhc.com,Health > Geriatric and Aging Care,26.583333333333332
3738,39,flmedicaidmanagedcare.com,Health > Geriatric and Aging Care,4.75
3739,40,theseniorlist.com,Health > Geriatric and Aging Care,1.45
3741,42,tels.net,Health > Geriatric and Aging Care,7.066666666666666
3743,44,homeinstead.com,Health > Geriatric and Aging Care,1.8
3744,45,sunriseseniorliving.com,Health > Geriatric and Aging Care,1.35
3745,46,seniorly.com,Health > Geriatric and Aging Care,2.6333333333333333
3746,47,gogograndparent.com,Health > Geriatric and Aging Care,10.783333333333333
3747,48,networkofcare.org,Health > Geriatric and Aging Care,1.3
3748,49,aarpfoundation.org,Health > Geriatric and Aging Care,2.0
3749,50,brookdale.com,Health > Geriatric and Aging Care,1.7666666666666666
3751,2,healthline.com,Health > Health - Other,1.9666666666666668
3752,3,walgreens.com,Health > Health - Other,3.65
3753,4,1mg.com,Health > Health - Other,2.5
3754,5,medicalnewstoday.com,Health > Health - Other,1.3
3755,6,nhs.uk,Health > Health - Other,1.7
3756,7,aarp.org,Health > Health - Other,8.116666666666667
3757,8,doctolib.fr,Health > Health - Other,5.433333333333334
3758,9,nhathuoclongchau.com.vn,Health > Health - Other,3.6333333333333333
3759,10,alodokter.com,Health > Health - Other,1.6166666666666667
3760,11,athenahealth.com,Health > Health - Other,5.15
3761,12,altibbi.com,Health > Health - Other,1.2333333333333334
3762,13,tuasaude.com,Health > Health - Other,1.4666666666666668
3764,15,cdc.gov,Health > Health - Other,2.0833333333333335
3765,16,medlineplus.gov,Health > Health - Other,0.9166666666666666
3766,17,prodoctorov.ru,Health > Health - Other,3.1666666666666665
3767,18,janeapp.com,Health > Health - Other,9.633333333333333
3768,19,abczdrowie.pl,Health > Health - Other,0.9666666666666667
3769,20,webteb.com,Health > Health - Other,1.0333333333333334
3771,22,doctoralia.com.br,Health > Health - Other,3.3
3772,23,halodoc.com,Health > Health - Other,1.6833333333333333
3774,25,sprosivracha.com,Health > Health - Other,1.2833333333333332
3775,26,vinmec.com,Health > Health - Other,1.8333333333333335
3776,27,memorial.com.tr,Health > Health - Other,1.4833333333333334
3777,28,imss.gob.mx,Health > Health - Other,6.983333333333333
3778,29,medonet.pl,Health > Health - Other,0.6833333333333333
3779,30,health.mail.ru,Health > Health - Other,2.2666666666666666
3780,31,uworld.com,Health > Health - Other,8.4
3781,32,suckhoedoisong.vn,Health > Health - Other,0.3333333333333333
3783,34,chemistwarehouse.com.au,Health > Health - Other,3.45
3784,35,shop-apotheke.com,Health > Health - Other,3.2
3786,37,questdiagnostics.com,Health > Health - Other,5.666666666666667
3787,38,rxinform.org,Health > Health - Other,1.6666666666666665
3788,39,who.int,Health > Health - Other,2.4
3789,40,labcorp.com,Health > Health - Other,4.416666666666667
3791,42,practo.com,Health > Health - Other,2.3666666666666667
3792,43,hesaplama.net,Health > Health - Other,1.9833333333333334
3793,44,doctolib.de,Health > Health - Other,3.9
3794,45,memed.com.br,Health > Health - Other,1.2833333333333332
3795,46,gemotest.ru,Health > Health - Other,1.7666666666666666
3796,47,doctoralia.com.mx,Health > Health - Other,2.6166666666666667
3797,48,gsuplementos.com.br,Health > Health - Other,2.9
3798,49,healthgrades.com,Health > Health - Other,1.9833333333333334
3799,50,uptodate.com,Health > Health - Other,5.166666666666667
3800,1,webmd.com,Health > Health Conditions and Concerns,1.2833333333333332
3802,3,verywellhealth.com,Health > Health Conditions and Concerns,1.1666666666666667
3803,4,health.clevelandclinic.org,Health > Health Conditions and Concerns,0.7666666666666667
3804,5,mobcup.com.co,Health > Health Conditions and Concerns,1.9
3806,7,healthdirect.gov.au,Health > Health Conditions and Concerns,0.9666666666666667
3807,8,sleepfoundation.org,Health > Health Conditions and Concerns,0.7833333333333333
3808,9,cancer.org,Health > Health Conditions and Concerns,1.75
3809,10,nhsinform.scot,Health > Health Conditions and Concerns,1.1
3810,11,news-medical.net,Health > Health Conditions and Concerns,0.9666666666666667
3811,12,mdanderson.org,Health > Health Conditions and Concerns,2.0
3812,13,cancerresearchuk.org,Health > Health Conditions and Concerns,1.5833333333333335
3813,14,freestyle.abbott,Health > Health Conditions and Concerns,1.5666666666666667
3814,15,bhf.org.uk,Health > Health Conditions and Concerns,1.75
3815,16,dermnetnz.org,Health > Health Conditions and Concerns,1.4666666666666668
3816,17,cancer.ca,Health > Health Conditions and Concerns,1.1833333333333333
3817,18,merckmanuals.com,Health > Health Conditions and Concerns,1.8666666666666667
3818,19,getsmartinsights.com,Health > Health Conditions and Concerns,2.3833333333333333
3819,20,dexcom.com,Health > Health Conditions and Concerns,1.9166666666666665
3820,21,kidney.org,Health > Health Conditions and Concerns,1.1833333333333333
3821,22,healthmatch.io,Health > Health Conditions and Concerns,3.1166666666666667
3822,23,kff.org,Health > Health Conditions and Concerns,1.5166666666666666
3823,24,lung.org,Health > Health Conditions and Concerns,0.9
3824,25,herzstiftung.de,Health > Health Conditions and Concerns,1.4166666666666667
3826,27,spine-health.com,Health > Health Conditions and Concerns,1.4333333333333333
3827,28,answers.mawdoo3.com,Health > Health Conditions and Concerns,1.0
3828,29,sanego.de,Health > Health Conditions and Concerns,1.2166666666666668
3829,30,usenourish.com,Health > Health Conditions and Concerns,3.9166666666666665
3830,31,diabetes.org,Health > Health Conditions and Concerns,1.55
3831,32,lakartidningen.se,Health > Health Conditions and Concerns,2.8166666666666664
3834,35,diabetes.org.uk,Health > Health Conditions and Concerns,1.8833333333333333
3835,36,farmasiet.no,Health > Health Conditions and Concerns,3.283333333333333
3836,37,libreview.com,Health > Health Conditions and Concerns,3.0833333333333335
3837,38,omnipod.com,Health > Health Conditions and Concerns,2.6333333333333333
3838,39,alz.org,Health > Health Conditions and Concerns,1.4166666666666667
3839,40,nanbyou.or.jp,Health > Health Conditions and Concerns,1.9666666666666668
3840,41,arthritis.org,Health > Health Conditions and Concerns,0.7333333333333333
3841,42,mohw.go.kr,Health > Health Conditions and Concerns,3.95
3842,43,duodecimlehti.fi,Health > Health Conditions and Concerns,1.1333333333333333
3844,45,alzheimers.org.uk,Health > Health Conditions and Concerns,1.9
3845,46,amsterdamumc.nl,Health > Health Conditions and Concerns,3.7333333333333334
3846,47,hug.ch,Health > Health Conditions and Concerns,1.25
3847,48,davita.com,Health > Health Conditions and Concerns,3.183333333333333
3848,49,felleskatalogen.no,Health > Health Conditions and Concerns,2.7666666666666666
3849,50,ourfuturehealth.org.uk,Health > Health Conditions and Concerns,7.95
3850,1,mayoclinic.org,Health > Medicine,1.0166666666666666
3851,2,clevelandclinic.org,Health > Medicine,1.3166666666666667
3852,3,msdmanuals.com,Health > Medicine,1.75
3853,4,vidal.ru,Health > Medicine,1.3833333333333333
3854,5,invitro.ru,Health > Medicine,4.066666666666666
3855,6,hopkinsmedicine.org,Health > Medicine,1.5166666666666666
3856,7,rlsnet.ru,Health > Medicine,1.65
3857,8,znanylekarz.pl,Health > Medicine,3.05
3858,9,mp.pl,Health > Medicine,1.3833333333333333
3859,10,medscape.com,Health > Medicine,2.2
3860,11,doccheck.com,Health > Medicine,3.1166666666666667
3861,12,lww.com,Health > Medicine,2.8666666666666667
3862,13,amboss.com,Health > Medicine,15.0
3863,14,103.by,Health > Medicine,3.1166666666666667
3864,15,humanitas.it,Health > Medicine,1.0166666666666666
3865,16,providence.org,Health > Medicine,5.25
3867,18,bmj.com,Health > Medicine,2.0833333333333335
3868,19,kp.org,Health > Medicine,5.583333333333333
3869,20,m3.com,Health > Medicine,5.483333333333333
3871,22,doximity.com,Health > Medicine,3.9
3872,23,jamanetwork.com,Health > Medicine,1.7166666666666668
3873,24,libvio.fun,Health > Medicine,6.3
3874,25,adventhealth.com,Health > Medicine,5.216666666666667
3875,26,sutterhealth.org,Health > Medicine,6.75
3876,27,uclahealth.org,Health > Medicine,3.4166666666666665
3878,29,mailsuite.com,Health > Medicine,3.8833333333333333
3879,30,aamc.org,Health > Medicine,5.4
3880,31,massgeneralbrigham.org,Health > Medicine,5.766666666666667
3881,32,passmedicine.com,Health > Medicine,8.783333333333333
3882,33,iqhealth.com,Health > Medicine,4.116666666666666
3883,34,upmc.com,Health > Medicine,3.216666666666667
3884,35,physio-pedia.com,Health > Medicine,2.0166666666666666
3885,36,health.kr,Health > Medicine,2.05
3886,37,thewom.it,Health > Medicine,1.9666666666666668
3888,39,med.or.jp,Health > Medicine,2.283333333333333
3889,40,amc.seoul.kr,Health > Medicine,0.8333333333333334
3892,43,nm.org,Health > Medicine,4.033333333333333
3893,44,nrmp.org,Health > Medicine,3.6833333333333336
3894,45,uhhospitals.org,Health > Medicine,3.05
3895,46,apollohospitals.com,Health > Medicine,2.283333333333333
3896,47,mskcc.org,Health > Medicine,3.783333333333333
3897,48,studentdoctor.net,Health > Medicine,2.9
3898,49,cedars-sinai.org,Health > Medicine,1.85
3899,50,aafp.org,Health > Medicine,1.7
3900,1,clinikally.com,Health > Mens Health,2.9166666666666665
3901,2,harrys.com,Health > Mens Health,1.8
3902,3,okusurinavi.shop,Health > Mens Health,2.3833333333333333
3903,4,dollarshaveclub.com,Health > Mens Health,1.5833333333333335
3904,5,mobizio.com,Health > Mens Health,26.016666666666666
3905,6,adaptiveems.com,Health > Mens Health,4.733333333333333
3906,7,gillette.com,Health > Mens Health,0.7666666666666667
3907,8,organicsocean.com,Health > Mens Health,2.0833333333333335
3909,10,betterconsult.com,Health > Mens Health,2.216666666666667
3910,11,calcsd.info,Health > Mens Health,2.5666666666666664
3911,12,rocketrx.com,Health > Mens Health,2.7666666666666666
3912,13,d-clinicgroup.jp,Health > Mens Health,0.4
3913,14,healthadvicetoday.com,Health > Mens Health,0.9333333333333333
3915,16,mycarecorner.net,Health > Mens Health,4.15
3916,17,careers.health.qld.gov.au,Health > Mens Health,2.25
3917,18,looksmaxxing.com,Health > Mens Health,4.216666666666667
3918,19,thunders.place,Health > Mens Health,5.6
3919,20,issm.info,Health > Mens Health,0.2
3920,21,airmedscrubs.com.au,Health > Mens Health,3.716666666666667
3921,22,mynucleus.com,Health > Mens Health,3.1
3922,23,newyorkurologyspecialists.com,Health > Mens Health,0.75
3923,24,shop.drinkag1.com,Health > Mens Health,3.066666666666667
3924,25,mitoredlight.com,Health > Mens Health,2.7666666666666666
3925,26,movember.com,Health > Mens Health,0.48333333333333334
3926,27,citycave.com.au,Health > Mens Health,2.75
3927,28,unidru.com,Health > Mens Health,3.183333333333333
3928,29,franktalk.org,Health > Mens Health,8.966666666666667
3929,30,phallosan.com,Health > Mens Health,6.7
3930,31,healthsea.com,Health > Mens Health,2.1333333333333333
3931,32,maennergesundheit.info,Health > Mens Health,1.2166666666666668
3932,33,agacare.clinic,Health > Mens Health,0.4666666666666667
3934,35,growplex.co,Health > Mens Health,3.4
3935,36,e-aga.jp,Health > Mens Health,0.03333333333333333
3936,37,drakner.ru,Health > Mens Health,0.45
3937,38,zdorovnik.com,Health > Mens Health,0.2
3938,39,sbc-aga.jp,Health > Mens Health,1.5166666666666666
3940,41,will-agaclinic.com,Health > Mens Health,0.43333333333333335
3941,42,barsclassaction.com,Health > Mens Health,1.9
3942,43,themenshealthclinic.co.uk,Health > Mens Health,1.85
3943,44,kato-aga-clinic.com,Health > Mens Health,0.6166666666666667
3944,45,aventusclinic.com,Health > Mens Health,0.7
3945,46,prostata.de,Health > Mens Health,1.5
3946,47,meindirektlabor.de,Health > Mens Health,1.3166666666666667
3947,48,dirxhealth.com,Health > Mens Health,1.95
3948,49,lilli.ch,Health > Mens Health,1.3666666666666667
3949,50,forestbell.jp,Health > Mens Health,0.5166666666666667
3950,1,psychologytoday.com,Health > Mental Health,2.35
3951,2,simplepractice.com,Health > Mental Health,9.816666666666666
3952,3,doxy.me,Health > Mental Health,3.716666666666667
3953,4,verywellmind.com,Health > Mental Health,1.3333333333333333
3954,5,betterhelp.com,Health > Mental Health,2.7666666666666666
3956,7,therapynotes.com,Health > Mental Health,14.483333333333333
3957,8,psychcentral.com,Health > Mental Health,1.6166666666666667
3958,9,growtherapy.com,Health > Mental Health,5.416666666666667
3959,10,therapyportal.com,Health > Mental Health,3.8333333333333335
3960,11,psychologies.ru,Health > Mental Health,1.0166666666666666
3961,12,additudemag.com,Health > Mental Health,1.65
3962,13,calm.com,Health > Mental Health,1.05
3963,14,headway.co,Health > Mental Health,4.05
3964,15,loopearplugs.com,Health > Mental Health,3.066666666666667
3965,16,h-navi.jp,Health > Mental Health,4.083333333333333
3966,17,psicoadvisor.com,Health > Mental Health,0.31666666666666665
3967,18,helloalma.com,Health > Mental Health,5.783333333333333
3968,19,talkspace.com,Health > Mental Health,5.483333333333333
3969,20,lifestance.com,Health > Mental Health,1.2833333333333332
3970,21,theranest.com,Health > Mental Health,13.383333333333333
3971,22,guidapsicologi.it,Health > Mental Health,1.7
3972,23,focusmate.com,Health > Mental Health,9.883333333333333
3973,24,headspace.com,Health > Mental Health,1.6333333333333333
3974,25,trendyol-milla.com,Health > Mental Health,3.6
3975,26,positivepsychology.com,Health > Mental Health,1.2333333333333334
3976,27,halaxy.com,Health > Mental Health,10.0
3977,28,attachmentproject.com,Health > Mental Health,4.333333333333333
3978,29,zandahealth.com,Health > Mental Health,7.6
3979,30,mind.org.uk,Health > Mental Health,2.033333333333333
3980,31,anahana.com,Health > Mental Health,1.5666666666666667
3981,32,treatmyocd.com,Health > Mental Health,3.15
3982,33,breeze-wellbeing.com,Health > Mental Health,2.783333333333333
3983,34,embrace-autism.com,Health > Mental Health,4.283333333333333
3984,35,choosingtherapy.com,Health > Mental Health,1.8333333333333335
3985,36,charliehealth.com,Health > Mental Health,2.283333333333333
3986,37,helpguide.org,Health > Mental Health,0.9333333333333333
3987,38,psychologue.net,Health > Mental Health,1.75
3989,40,therapyappointment.com,Health > Mental Health,9.766666666666667
3990,41,appt.to,Health > Mental Health,0.9333333333333333
3992,43,clinical-partners.co.uk,Health > Mental Health,1.8666666666666667
3993,44,mhanational.org,Health > Mental Health,1.45
3994,45,talkiatry.com,Health > Mental Health,2.9166666666666665
3995,46,serenis.it,Health > Mental Health,2.55
3996,47,7cups.com,Health > Mental Health,4.683333333333334
3998,49,insighttimer.com,Health > Mental Health,2.066666666666667
3999,50,aisaver.io,Health > Mental Health,1.9666666666666668
4000,1,my-personaltrainer.it,Health > Nutrition Diets and Fitness,1.8
4001,2,menshealth.com,Health > Nutrition Diets and Fitness,0.8666666666666667
4002,3,myfitnesspal.com,Health > Nutrition Diets and Fitness,4.15
4003,4,health.com,Health > Nutrition Diets and Fitness,0.8833333333333333
4004,5,prevention.com,Health > Nutrition Diets and Fitness,1.2166666666666668
4005,6,eatthis.com,Health > Nutrition Diets and Fitness,0.8666666666666667
4006,7,gympass.com,Health > Nutrition Diets and Fitness,9.033333333333333
4007,8,alfemminile.com,Health > Nutrition Diets and Fitness,2.9
4008,9,planetfitness.com,Health > Nutrition Diets and Fitness,2.5833333333333335
4009,10,unimeal.com,Health > Nutrition Diets and Fitness,1.4666666666666668
4010,11,myprotein.com,Health > Nutrition Diets and Fitness,2.533333333333333
4011,12,nutritionix.com,Health > Nutrition Diets and Fitness,1.4833333333333334
4012,13,classpass.com,Health > Nutrition Diets and Fitness,3.183333333333333
4013,14,basic-fit.com,Health > Nutrition Diets and Fitness,1.85
4014,15,framar.bg,Health > Nutrition Diets and Fitness,1.5
4015,16,weightwatchers.com,Health > Nutrition Diets and Fitness,2.1
4017,18,verywellfit.com,Health > Nutrition Diets and Fitness,0.9166666666666666
4018,19,self.com,Health > Nutrition Diets and Fitness,0.9833333333333333
4019,20,stips.co.il,Health > Nutrition Diets and Fitness,4.55
4020,21,totalpass.com,Health > Nutrition Diets and Fitness,9.05
4021,22,smartfit.com.br,Health > Nutrition Diets and Fitness,2.7666666666666666
4022,23,muscleandstrength.com,Health > Nutrition Diets and Fitness,2.7333333333333334
4023,24,livestrong.com,Health > Nutrition Diets and Fitness,0.9833333333333333
4024,25,trans-returnsummarycard-images-na.s3.amazonaws.com,Health > Nutrition Diets and Fitness,1.9
4025,26,tutorplace.ru,Health > Nutrition Diets and Fitness,1.9166666666666665
4026,27,ouraring.com,Health > Nutrition Diets and Fitness,2.066666666666667
4027,28,sopharmacy.bg,Health > Nutrition Diets and Fitness,1.9166666666666665
4028,29,bulk.com,Health > Nutrition Diets and Fitness,4.583333333333333
4029,30,puregym.com,Health > Nutrition Diets and Fitness,2.75
4030,31,healthy.thewom.it,Health > Nutrition Diets and Fitness,1.9833333333333334
4031,32,cronometer.com,Health > Nutrition Diets and Fitness,3.2
4032,33,vitaminshoppe.com,Health > Nutrition Diets and Fitness,2.783333333333333
4033,34,gnc.com,Health > Nutrition Diets and Fitness,2.45
4034,35,roguefitness.com,Health > Nutrition Diets and Fitness,2.4333333333333336
4035,36,yoga-lava.com,Health > Nutrition Diets and Fitness,7.183333333333334
4036,37,wellnessliving.com,Health > Nutrition Diets and Fitness,4.683333333333334
4038,39,lifetime.life,Health > Nutrition Diets and Fitness,2.6166666666666667
4039,40,eatthismuch.com,Health > Nutrition Diets and Fitness,1.2
4040,41,voedingscentrum.nl,Health > Nutrition Diets and Fitness,1.8833333333333333
4041,42,tdeecalculator.net,Health > Nutrition Diets and Fitness,1.6
4042,43,nativepath.com,Health > Nutrition Diets and Fitness,1.85
4043,44,bryanjohnson.com,Health > Nutrition Diets and Fitness,4.2
4044,45,mfitpersonal.com.br,Health > Nutrition Diets and Fitness,8.833333333333334
4045,46,crunch.com,Health > Nutrition Diets and Fitness,2.033333333333333
4046,47,calorizator.ru,Health > Nutrition Diets and Fitness,1.7
4047,48,athleanx.com,Health > Nutrition Diets and Fitness,3.0166666666666666
4048,49,muscleblaze.com,Health > Nutrition Diets and Fitness,1.7666666666666666
4049,50,mynetdiary.com,Health > Nutrition Diets and Fitness,1.3666666666666667
4050,1,cvs.com,Health > Pharmacy,3.1166666666666667
4052,3,drugs.com,Health > Pharmacy,1.5666666666666667
4053,4,tabletki.ua,Health > Pharmacy,3.1166666666666667
4054,5,goodrx.com,Health > Pharmacy,1.95
4055,6,eapteka.ru,Health > Pharmacy,1.55
4056,7,drogasil.com.br,Health > Pharmacy,2.5166666666666666
4057,8,apollopharmacy.in,Health > Pharmacy,1.05
4059,10,consultaremedios.com.br,Health > Pharmacy,1.3833333333333333
4063,14,fahorro.com,Health > Pharmacy,1.8333333333333335
4064,15,drogariasaopaulo.com.br,Health > Pharmacy,2.35
4065,16,netmeds.com,Health > Pharmacy,1.5
4067,18,apotea.se,Health > Pharmacy,4.966666666666667
4069,20,pharmeasy.in,Health > Pharmacy,1.5166666666666666
4070,21,gorzdrav.org,Health > Pharmacy,1.7166666666666668
4071,22,stolichki.ru,Health > Pharmacy,2.8333333333333335
4073,24,zdravcity.ru,Health > Pharmacy,2.35
4074,25,kusurinomadoguchi.com,Health > Pharmacy,1.7333333333333334
4075,26,shoppersdrugmart.ca,Health > Pharmacy,3.2666666666666666
4076,27,apteka911.ua,Health > Pharmacy,2.8833333333333333
4077,28,apteka-april.ru,Health > Pharmacy,2.85
4078,29,selcukecza.com.tr,Health > Pharmacy,7.066666666666666
4079,30,medex.com.bd,Health > Pharmacy,3.0833333333333335
4080,31,drogariaspacheco.com.br,Health > Pharmacy,2.716666666666667
4084,35,redcare.it,Health > Pharmacy,4.233333333333333
4085,36,mintmanga.one,Health > Pharmacy,24.516666666666666
4086,37,apotekhjartat.se,Health > Pharmacy,3.7666666666666666
4087,38,366.ru,Health > Pharmacy,1.1
4088,39,panvel.com,Health > Pharmacy,1.8666666666666667
4089,40,cruzverde.cl,Health > Pharmacy,2.0833333333333335
4090,41,farmaciasdesimilares.com,Health > Pharmacy,2.216666666666667
4091,42,salcobrand.cl,Health > Pharmacy,2.6166666666666667
4092,43,apteka.net.ua,Health > Pharmacy,2.8666666666666667
4093,44,gelbe-liste.de,Health > Pharmacy,1.3666666666666667
4094,45,erx.com.au,Health > Pharmacy,3.55
4095,46,riteaid.com,Health > Pharmacy,1.8333333333333335
4096,47,singlecare.com,Health > Pharmacy,1.4666666666666668
4098,49,helsi.me,Health > Pharmacy,3.033333333333333
4099,50,kronansapotek.se,Health > Pharmacy,2.9
4100,1,rynekzdrowia.pl,Health > Public Health and Safety,0.8833333333333333
4101,2,helsenorge.no,Health > Public Health and Safety,5.233333333333333
4102,3,mp3juice.ninja,Health > Public Health and Safety,2.95
4103,4,esosuite.net,Health > Public Health and Safety,8.183333333333334
4104,5,jrc.or.jp,Health > Public Health and Safety,2.066666666666667
4105,6,aladtec.com,Health > Public Health and Safety,3.7333333333333334
4106,7,nfz.gov.pl,Health > Public Health and Safety,2.75
4107,8,rivm.nl,Health > Public Health and Safety,1.3333333333333333
4108,9,leki.pl,Health > Public Health and Safety,1.4
4109,10,health.state.mn.us,Health > Public Health and Safety,2.5166666666666666
4110,11,hvzeeland.nl,Health > Public Health and Safety,3.0166666666666666
4112,13,myeyedr.com,Health > Public Health and Safety,3.2333333333333334
4115,16,traumasoft.com,Health > Public Health and Safety,11.616666666666667
4116,17,medfile.pl,Health > Public Health and Safety,17.55
4117,18,ezdrowie.gov.pl,Health > Public Health and Safety,5.116666666666666
4118,19,johanniter.de,Health > Public Health and Safety,2.8333333333333335
4119,20,swiatzdrowia.pl,Health > Public Health and Safety,1.35
4122,23,nremt.org,Health > Public Health and Safety,5.05
4123,24,saintfrancis.com,Health > Public Health and Safety,4.716666666666667
4125,26,gabinet.gov.pl,Health > Public Health and Safety,5.483333333333333
4126,27,pzh.gov.pl,Health > Public Health and Safety,1.8833333333333333
4127,28,inspq.qc.ca,Health > Public Health and Safety,1.1
4128,29,cri.it,Health > Public Health and Safety,6.55
4129,30,lshtm.ac.uk,Health > Public Health and Safety,3.5
4130,31,112meldingen.nl,Health > Public Health and Safety,1.6166666666666667
4132,33,sygeforsikring.dk,Health > Public Health and Safety,3.2
4134,35,remedium.md,Health > Public Health and Safety,4.9
4135,36,dlrg.de,Health > Public Health and Safety,3.0
4136,37,healthdata.org,Health > Public Health and Safety,2.0166666666666666
4137,38,receptomat.pl,Health > Public Health and Safety,2.3
4138,39,easypractice.net,Health > Public Health and Safety,5.75
4140,41,whentohelp.com,Health > Public Health and Safety,4.016666666666667
4141,42,meretusa.com,Health > Public Health and Safety,0.18333333333333332
4142,43,ezdrav.si,Health > Public Health and Safety,4.9
4143,44,inrs.fr,Health > Public Health and Safety,2.95
4144,45,rm.dk,Health > Public Health and Safety,2.4166666666666665
4145,46,cowzdrowiu.pl,Health > Public Health and Safety,5.7
4146,47,firehouse.com,Health > Public Health and Safety,1.25
4147,48,regionh.dk,Health > Public Health and Safety,2.066666666666667
4148,49,healthaffairs.org,Health > Public Health and Safety,1.2833333333333332
4149,50,gelsenkirchen.de,Health > Public Health and Safety,2.716666666666667
4150,1,womenshealthmag.com,Health > Womens Health,0.7333333333333333
4151,2,aufeminin.com,Health > Womens Health,1.5833333333333335
4152,3,flo.health,Health > Womens Health,1.6
4153,4,urbia.de,Health > Womens Health,4.016666666666667
4154,5,netmums.com,Health > Womens Health,2.1333333333333333
4155,6,plannedparenthood.org,Health > Womens Health,1.3666666666666667
4156,7,parents.fr,Health > Womens Health,1.1333333333333333
4157,8,santagostino.it,Health > Womens Health,2.0
4158,9,mamari.jp,Health > Womens Health,1.35
4161,12,eltern.de,Health > Womens Health,1.15
4162,13,magicmaman.com,Health > Womens Health,0.9833333333333333
4163,14,cartaodetodos.com.br,Health > Womens Health,3.6
4165,16,happylifetherapy.fr,Health > Womens Health,1.7166666666666668
4166,17,rund-ums-baby.de,Health > Womens Health,1.4833333333333334
4167,18,reproduccionasistida.org,Health > Womens Health,1.55
4168,19,clearblue.com,Health > Womens Health,0.8833333333333333
4169,20,babycentre.co.uk,Health > Womens Health,1.25
4170,21,helloclue.com,Health > Womens Health,0.55
4172,23,zwangerschapspagina.nl,Health > Womens Health,3.45
4173,24,pigeon.info,Health > Womens Health,0.55
4174,25,nostrofiglio.it,Health > Womens Health,1.9
4175,26,tommys.org,Health > Womens Health,1.2333333333333334
4176,27,uppa.it,Health > Womens Health,1.05
4177,28,natalben.com,Health > Womens Health,1.15
4178,29,volleyballworld.com,Health > Womens Health,6.916666666666667
4179,30,natera.com,Health > Womens Health,5.016666666666667
4180,31,unclinic.ru,Health > Womens Health,1.25
4181,32,americanpregnancy.org,Health > Womens Health,0.9166666666666666
4182,33,pregnancybirthbaby.org.au,Health > Womens Health,0.8166666666666667
4183,34,myplannedparenthoodchart.org,Health > Womens Health,6.516666666666667
4184,35,annelertoplandik.com,Health > Womens Health,4.066666666666666
4186,37,peanut-app.io,Health > Womens Health,0.7833333333333333
4187,38,mamanatural.com,Health > Womens Health,0.9833333333333333
4188,39,babycenter.ca,Health > Womens Health,0.95
4189,40,babycenter.com.au,Health > Womens Health,0.9833333333333333
4190,41,womenshealth.gov,Health > Womens Health,0.6333333333333333
4192,43,marchofdimes.org,Health > Womens Health,0.85
4193,44,mylofamily.com,Health > Womens Health,0.48333333333333334
4194,45,joinmidi.com,Health > Womens Health,1.1666666666666667
4195,46,frauenaerzte-im-netz.de,Health > Womens Health,0.8333333333333334
4196,47,ovufriend.pl,Health > Womens Health,5.6
4197,48,rcog.org.uk,Health > Womens Health,3.9
4198,49,docasap.com,Health > Womens Health,4.333333333333333
4199,50,thewomens.org.au,Health > Womens Health,0.9666666666666667
4650,1,ancestry.com,Hobbies and Leisure > Ancestry and Genealogy,13.966666666666667
4651,2,familysearch.org,Hobbies and Leisure > Ancestry and Genealogy,13.083333333333334
4652,3,myheritage.com,Hobbies and Leisure > Ancestry and Genealogy,5.416666666666667
4653,4,geneanet.org,Hobbies and Leisure > Ancestry and Genealogy,11.75
4654,5,23andme.com,Hobbies and Leisure > Ancestry and Genealogy,4.1
4655,6,ancestry.co.uk,Hobbies and Leisure > Ancestry and Genealogy,17.633333333333333
4656,7,geni.com,Hobbies and Leisure > Ancestry and Genealogy,7.466666666666667
4657,8,wikitree.com,Hobbies and Leisure > Ancestry and Genealogy,7.883333333333333
4658,9,ancestry.ca,Hobbies and Leisure > Ancestry and Genealogy,14.733333333333333
4659,10,ancestry.com.au,Hobbies and Leisure > Ancestry and Genealogy,13.95
4660,11,findmypast.co.uk,Hobbies and Leisure > Ancestry and Genealogy,11.683333333333334
4661,12,myheritage.fr,Hobbies and Leisure > Ancestry and Genealogy,6.866666666666667
4662,13,myheritage.de,Hobbies and Leisure > Ancestry and Genealogy,8.266666666666667
4663,14,filae.com,Hobbies and Leisure > Ancestry and Genealogy,9.816666666666666
4664,15,myheritage.es,Hobbies and Leisure > Ancestry and Genealogy,4.083333333333333
4665,16,familytreedna.com,Hobbies and Leisure > Ancestry and Genealogy,4.8
4666,17,ancestry.de,Hobbies and Leisure > Ancestry and Genealogy,10.716666666666667
4667,18,vgd.ru,Hobbies and Leisure > Ancestry and Genealogy,6.2
4668,19,houseofnames.com,Hobbies and Leisure > Ancestry and Genealogy,1.1666666666666667
4669,20,rootsweb.com,Hobbies and Leisure > Ancestry and Genealogy,1.9166666666666665
4670,21,genealodzy.pl,Hobbies and Leisure > Ancestry and Genealogy,10.116666666666667
4671,22,familytreex.com,Hobbies and Leisure > Ancestry and Genealogy,0.25
4672,23,chatbotgpt.fr,Hobbies and Leisure > Ancestry and Genealogy,1.1
4673,24,grobonet.com,Hobbies and Leisure > Ancestry and Genealogy,4.233333333333333
4674,25,genomelink.io,Hobbies and Leisure > Ancestry and Genealogy,2.1
4675,26,genealogybank.com,Hobbies and Leisure > Ancestry and Genealogy,3.8666666666666667
4676,27,historicengland.org.uk,Hobbies and Leisure > Ancestry and Genealogy,2.216666666666667
4677,28,myheritage.se,Hobbies and Leisure > Ancestry and Genealogy,5.683333333333334
4678,29,myheritage.pl,Hobbies and Leisure > Ancestry and Genealogy,6.833333333333333
4679,30,findmypast.com,Hobbies and Leisure > Ancestry and Genealogy,2.9
4680,31,myheritage.nl,Hobbies and Leisure > Ancestry and Genealogy,6.216666666666667
4681,32,cognomix.it,Hobbies and Leisure > Ancestry and Genealogy,1.6666666666666665
4682,33,arkivdigital.se,Hobbies and Leisure > Ancestry and Genealogy,37.733333333333334
4683,34,genealogy.net,Hobbies and Leisure > Ancestry and Genealogy,5.55
4684,35,digitalarkivet.no,Hobbies and Leisure > Ancestry and Genealogy,9.983333333333333
4685,36,familyecho.com,Hobbies and Leisure > Ancestry and Genealogy,3.1
4686,37,afdoede.dk,Hobbies and Leisure > Ancestry and Genealogy,2.6333333333333333
4687,38,archives.com,Hobbies and Leisure > Ancestry and Genealogy,2.6166666666666667
4688,39,myheritage.com.br,Hobbies and Leisure > Ancestry and Genealogy,3.9
4689,40,nam.ac.uk,Hobbies and Leisure > Ancestry and Genealogy,0.8833333333333333
4690,41,freebmd.org.uk,Hobbies and Leisure > Ancestry and Genealogy,10.716666666666667
4691,42,deces-en-france.fr,Hobbies and Leisure > Ancestry and Genealogy,2.85
4692,43,myheritage.dk,Hobbies and Leisure > Ancestry and Genealogy,8.1
4693,44,newspaperarchive.com,Hobbies and Leisure > Ancestry and Genealogy,3.3166666666666664
4694,45,fold3.com,Hobbies and Leisure > Ancestry and Genealogy,4.483333333333333
4695,46,smartholidayshopping.com,Hobbies and Leisure > Ancestry and Genealogy,2.033333333333333
4697,48,spokt.com,Hobbies and Leisure > Ancestry and Genealogy,5.983333333333333
4698,49,myheritage.it,Hobbies and Leisure > Ancestry and Genealogy,6.233333333333333
4699,50,hmdb.org,Hobbies and Leisure > Ancestry and Genealogy,1.8666666666666667
4700,1,todocoleccion.net,Hobbies and Leisure > Antiques and Collectibles,7.85
4701,2,apmex.com,Hobbies and Leisure > Antiques and Collectibles,2.9
4702,3,worthpoint.com,Hobbies and Leisure > Antiques and Collectibles,1.7666666666666666
4703,4,psacard.com,Hobbies and Leisure > Antiques and Collectibles,3.3333333333333335
4704,5,jmbullion.com,Hobbies and Leisure > Antiques and Collectibles,2.55
4705,6,brickset.com,Hobbies and Leisure > Antiques and Collectibles,3.0
4706,7,ucoin.net,Hobbies and Leisure > Antiques and Collectibles,6.333333333333333
4707,8,sdbullion.com,Hobbies and Leisure > Antiques and Collectibles,3.6666666666666665
4708,9,bradfordexchange.com,Hobbies and Leisure > Antiques and Collectibles,1.8333333333333335
4709,10,comc.com,Hobbies and Leisure > Antiques and Collectibles,9.983333333333333
4710,11,numista.com,Hobbies and Leisure > Antiques and Collectibles,5.583333333333333
4711,12,usmint.gov,Hobbies and Leisure > Antiques and Collectibles,2.1666666666666665
4712,13,royalmint.com,Hobbies and Leisure > Antiques and Collectibles,2.8666666666666667
4713,14,mutualart.com,Hobbies and Leisure > Antiques and Collectibles,1.5833333333333335
4714,15,pcgs.com,Hobbies and Leisure > Antiques and Collectibles,5.25
4715,16,ngccoin.com,Hobbies and Leisure > Antiques and Collectibles,3.9166666666666665
4716,17,postcrossing.com,Hobbies and Leisure > Antiques and Collectibles,13.0
4717,18,collectors.com,Hobbies and Leisure > Antiques and Collectibles,3.25
4718,19,monetnik.ru,Hobbies and Leisure > Antiques and Collectibles,2.8333333333333335
4719,20,tcdb.com,Hobbies and Leisure > Antiques and Collectibles,7.283333333333333
4720,21,bidspirit.com,Hobbies and Leisure > Antiques and Collectibles,7.216666666666667
4721,22,coinvaluechecker.com,Hobbies and Leisure > Antiques and Collectibles,3.1666666666666665
4722,23,radiomuseum.org,Hobbies and Leisure > Antiques and Collectibles,1.85
4723,24,rubylane.com,Hobbies and Leisure > Antiques and Collectibles,2.8833333333333333
4724,25,colnect.com,Hobbies and Leisure > Antiques and Collectibles,8.816666666666666
4725,26,kettner-edelmetalle.de,Hobbies and Leisure > Antiques and Collectibles,2.2
4726,27,littletoncoin.com,Hobbies and Leisure > Antiques and Collectibles,2.3666666666666667
4727,28,westminstercollection.com,Hobbies and Leisure > Antiques and Collectibles,3.183333333333333
4728,29,horlogeforum.nl,Hobbies and Leisure > Antiques and Collectibles,3.9833333333333334
4729,30,paniniamerica.net,Hobbies and Leisure > Antiques and Collectibles,2.75
4730,31,lofty.com,Hobbies and Leisure > Antiques and Collectibles,6.35
4731,32,mennica.com.pl,Hobbies and Leisure > Antiques and Collectibles,1.5166666666666666
4732,33,watchprosite.com,Hobbies and Leisure > Antiques and Collectibles,7.066666666666666
4733,34,mdm.de,Hobbies and Leisure > Antiques and Collectibles,1.6333333333333333
4734,35,picryl.com,Hobbies and Leisure > Antiques and Collectibles,1.6333333333333333
4735,36,stampworld.com,Hobbies and Leisure > Antiques and Collectibles,15.9
4737,38,bullionbypost.eu,Hobbies and Leisure > Antiques and Collectibles,1.7166666666666668
4738,39,heubach-edelmetalle.de,Hobbies and Leisure > Antiques and Collectibles,3.783333333333333
4739,40,bullionexchanges.com,Hobbies and Leisure > Antiques and Collectibles,2.066666666666667
4740,41,onebid.pl,Hobbies and Leisure > Antiques and Collectibles,3.1333333333333333
4741,42,yy11.com,Hobbies and Leisure > Antiques and Collectibles,2.466666666666667
4742,43,hobbydb.com,Hobbies and Leisure > Antiques and Collectibles,2.2333333333333334
4743,44,govmint.com,Hobbies and Leisure > Antiques and Collectibles,1.8
4744,45,usacoinbook.com,Hobbies and Leisure > Antiques and Collectibles,3.3333333333333335
4745,46,messicks.com,Hobbies and Leisure > Antiques and Collectibles,3.9833333333333334
4746,47,mp-edelmetalle.de,Hobbies and Leisure > Antiques and Collectibles,3.4166666666666665
4747,48,coinapps.com,Hobbies and Leisure > Antiques and Collectibles,2.15
4748,49,5ktoys.com,Hobbies and Leisure > Antiques and Collectibles,2.3333333333333335
4749,50,muenzeoesterreich.at,Hobbies and Leisure > Antiques and Collectibles,1.95
4800,1,ravelry.com,Hobbies and Leisure > Crafts,6.716666666666667
4801,2,hobbylobby.com,Hobbies and Leisure > Crafts,2.966666666666667
4802,3,lu.ma,Hobbies and Leisure > Crafts,3.966666666666667
4804,5,parentfromheart.com,Hobbies and Leisure > Crafts,1.6666666666666665
4805,6,katiaribeiro.com.br,Hobbies and Leisure > Crafts,0.48333333333333334
4806,7,mondaymandala.com,Hobbies and Leisure > Crafts,3.033333333333333
4807,8,lovecrafts.com,Hobbies and Leisure > Crafts,3.6333333333333333
4808,9,postila.ru,Hobbies and Leisure > Crafts,1.4333333333333333
4809,10,stranamam.ru,Hobbies and Leisure > Crafts,3.9166666666666665
4810,11,missouriquiltco.com,Hobbies and Leisure > Crafts,4.583333333333333
4811,12,strana.today,Hobbies and Leisure > Crafts,7.083333333333333
4812,13,thesprucecrafts.com,Hobbies and Leisure > Crafts,1.15
4813,14,hobbii.com,Hobbies and Leisure > Crafts,3.25
4814,15,entertainment.ie,Hobbies and Leisure > Crafts,0.9
4815,16,crayola.com,Hobbies and Leisure > Crafts,1.5666666666666667
4816,17,babiki.ru,Hobbies and Leisure > Crafts,4.166666666666667
4817,18,electricdaisycarnival.com,Hobbies and Leisure > Crafts,1.1666666666666667
4818,19,lionbrand.com,Hobbies and Leisure > Crafts,2.9333333333333336
4819,20,musely.com,Hobbies and Leisure > Crafts,1.55
4820,21,mondialtissus.fr,Hobbies and Leisure > Crafts,4.566666666666666
4821,22,craftsy.com,Hobbies and Leisure > Crafts,1.9
4822,23,homemade-gifts-made-easy.com,Hobbies and Leisure > Crafts,1.8666666666666667
4823,24,pindiy.com,Hobbies and Leisure > Crafts,5.783333333333333
4824,25,braceletbook.com,Hobbies and Leisure > Crafts,4.766666666666667
4825,26,celebrations.com,Hobbies and Leisure > Crafts,0.9666666666666667
4826,27,talentsy.ru,Hobbies and Leisure > Crafts,2.1166666666666667
4827,28,scrapbook.com,Hobbies and Leisure > Crafts,5.283333333333333
4828,29,knitpicks.com,Hobbies and Leisure > Crafts,3.1333333333333333
4829,30,crazypatterns.net,Hobbies and Leisure > Crafts,3.966666666666667
4830,31,wanderprints.com,Hobbies and Leisure > Crafts,2.283333333333333
4832,33,patternreview.com,Hobbies and Leisure > Crafts,2.8
4833,34,finewoodworking.com,Hobbies and Leisure > Crafts,1.45
4834,35,stitchfiddle.com,Hobbies and Leisure > Crafts,5.166666666666667
4835,36,piletilevi.ee,Hobbies and Leisure > Crafts,3.8833333333333333
4836,37,chicagoautoshow.com,Hobbies and Leisure > Crafts,4.316666666666666
4837,38,iheartcraftythings.com,Hobbies and Leisure > Crafts,1.0
4838,39,ribblr.com,Hobbies and Leisure > Crafts,3.4
4840,41,irinely.art,Hobbies and Leisure > Crafts,3.283333333333333
4841,42,printabulls.com,Hobbies and Leisure > Crafts,1.6833333333333333
4842,43,gosyo.co.jp,Hobbies and Leisure > Crafts,1.8833333333333333
4843,44,li.ru,Hobbies and Leisure > Crafts,1.85
4844,45,corjl.com,Hobbies and Leisure > Crafts,7.8
4845,46,allfreecrochet.com,Hobbies and Leisure > Crafts,2.3833333333333333
4846,47,makeanddocrew.com,Hobbies and Leisure > Crafts,1.4333333333333333
4847,48,daisyfarmcrafts.com,Hobbies and Leisure > Crafts,1.6
4848,49,justcolor.net,Hobbies and Leisure > Crafts,1.25
4849,50,easycrochet.com,Hobbies and Leisure > Crafts,1.15
4950,1,janitorai.com,Hobbies and Leisure > Photography,16.983333333333334
4951,2,shutterstock.com,Hobbies and Leisure > Photography,3.783333333333333
4953,4,flickr.com,Hobbies and Leisure > Photography,4.783333333333333
4954,5,istockphoto.com,Hobbies and Leisure > Photography,2.9166666666666665
4955,6,pixabay.com,Hobbies and Leisure > Photography,4.6
4956,7,pexels.com,Hobbies and Leisure > Photography,4.816666666666666
4957,8,unsplash.com,Hobbies and Leisure > Photography,4.066666666666666
4958,9,gettyimages.com,Hobbies and Leisure > Photography,3.3166666666666664
4960,11,alamy.com,Hobbies and Leisure > Photography,1.4333333333333333
4961,12,furaffinity.net,Hobbies and Leisure > Photography,7.7
4963,14,fotor.com,Hobbies and Leisure > Photography,2.716666666666667
4964,15,pixieset.com,Hobbies and Leisure > Photography,4.85
4965,16,picsart.com,Hobbies and Leisure > Photography,2.6
4966,17,huaban.com,Hobbies and Leisure > Photography,13.75
4967,18,chance-for-bigwin.com,Hobbies and Leisure > Photography,0.5333333333333333
4968,19,depositphotos.com,Hobbies and Leisure > Photography,2.6166666666666667
4969,20,123rf.com,Hobbies and Leisure > Photography,2.4166666666666665
4971,22,imagetwist.com,Hobbies and Leisure > Photography,4.683333333333334
4972,23,yupoo.com,Hobbies and Leisure > Photography,7.616666666666667
4973,24,imgsrc.ru,Hobbies and Leisure > Photography,11.133333333333333
4974,25,postermywall.com,Hobbies and Leisure > Photography,6.8
4975,26,fujifilm.com,Hobbies and Leisure > Photography,4.766666666666667
4977,28,workupload.com,Hobbies and Leisure > Photography,2.5166666666666666
4978,29,smugmug.com,Hobbies and Leisure > Photography,5.366666666666666
4979,30,dpreview.com,Hobbies and Leisure > Photography,2.5
4980,31,peakpx.com,Hobbies and Leisure > Photography,0.9833333333333333
4981,32,canon.com,Hobbies and Leisure > Photography,3.3833333333333333
4982,33,gettyimages.in,Hobbies and Leisure > Photography,1.9666666666666668
4984,35,gettyimages.co.uk,Hobbies and Leisure > Photography,4.933333333333334
4985,36,skillshare.com,Hobbies and Leisure > Photography,2.9166666666666665
4986,37,mpb.com,Hobbies and Leisure > Photography,3.8
4990,41,petapixel.com,Hobbies and Leisure > Photography,0.7833333333333333
4991,42,kittl.com,Hobbies and Leisure > Photography,5.35
4992,43,kgnow.com,Hobbies and Leisure > Photography,0.6666666666666666
4993,44,gettyimages.es,Hobbies and Leisure > Photography,2.6333333333333333
4994,45,befunky.com,Hobbies and Leisure > Photography,2.2666666666666666
4995,46,artnet.com,Hobbies and Leisure > Photography,1.35
4996,47,gld.nl,Hobbies and Leisure > Photography,1.9166666666666665
4997,48,500px.com,Hobbies and Leisure > Photography,3.033333333333333
4998,49,pixta.jp,Hobbies and Leisure > Photography,4.133333333333334
4999,50,vlasta.cz,Hobbies and Leisure > Photography,0.7666666666666667
5000,1,ikea.com,Home and Garden > Furniture,4.8
5002,3,ashleyfurniture.com,Home and Garden > Furniture,3.6166666666666667
5004,5,crateandbarrel.com,Home and Garden > Furniture,3.45
5005,6,wayfair.co.uk,Home and Garden > Furniture,4.166666666666667
5006,7,xxxlutz.de,Home and Garden > Furniture,3.95
5007,8,sklum.com,Home and Garden > Furniture,4.0
5008,9,mybobs.com,Home and Garden > Furniture,3.9166666666666665
5009,10,mattressfirm.com,Home and Garden > Furniture,3.183333333333333
5010,11,templeandwebster.com.au,Home and Garden > Furniture,4.7
5011,12,article.com,Home and Garden > Furniture,3.3666666666666667
5012,13,roomstogo.com,Home and Garden > Furniture,4.816666666666666
5013,14,cb2.com,Home and Garden > Furniture,2.9833333333333334
5014,15,livingspaces.com,Home and Garden > Furniture,3.8333333333333335
5015,16,elmueble.com,Home and Garden > Furniture,1.4666666666666668
5016,17,castlery.com,Home and Garden > Furniture,2.8
5017,18,allmodern.com,Home and Garden > Furniture,3.4166666666666665
5018,19,perigold.com,Home and Garden > Furniture,3.533333333333333
5019,20,dfs.co.uk,Home and Garden > Furniture,3.8833333333333333
5020,21,sleepnumber.com,Home and Garden > Furniture,2.6
5021,22,dispatchtrack.com,Home and Garden > Furniture,7.833333333333333
5022,23,homary.com,Home and Garden > Furniture,2.1666666666666665
5023,24,hoeffner.de,Home and Garden > Furniture,3.8333333333333335
5024,25,birchlane.com,Home and Garden > Furniture,3.066666666666667
5025,26,nectarsleep.com,Home and Garden > Furniture,2.4166666666666665
5026,27,xxxlutz.at,Home and Garden > Furniture,4.05
5027,28,la-z-boy.com,Home and Garden > Furniture,4.116666666666666
5028,29,pepperfry.com,Home and Garden > Furniture,3.8166666666666664
5029,30,moebel.de,Home and Garden > Furniture,2.283333333333333
5030,31,westwing.de,Home and Garden > Furniture,3.15
5031,32,obramat.es,Home and Garden > Furniture,4.983333333333333
5032,33,moemax.de,Home and Garden > Furniture,3.216666666666667
5033,34,homecentre.com,Home and Garden > Furniture,3.183333333333333
5034,35,divan.ru,Home and Garden > Furniture,2.4333333333333336
5035,36,fantasticfurniture.com.au,Home and Garden > Furniture,4.0
5036,37,roller.de,Home and Garden > Furniture,3.5833333333333335
5037,38,wakefit.co,Home and Garden > Furniture,2.5166666666666666
5038,39,nonton.ru,Home and Garden > Furniture,3.8666666666666667
5039,40,rh.com,Home and Garden > Furniture,3.05
5040,41,rentacenter.com,Home and Garden > Furniture,3.5833333333333335
5041,42,daals.co.uk,Home and Garden > Furniture,2.3666666666666667
5042,43,habitat.co.uk,Home and Garden > Furniture,3.1333333333333333
5043,44,structube.com,Home and Garden > Furniture,3.75
5044,45,saatva.com,Home and Garden > Furniture,2.15
5045,46,arhaus.com,Home and Garden > Furniture,3.9166666666666665
5046,47,roomandboard.com,Home and Garden > Furniture,4.083333333333333
5047,48,mobly.com.br,Home and Garden > Furniture,3.216666666666667
5048,49,thebrick.com,Home and Garden > Furniture,4.066666666666666
5049,50,low-ya.com,Home and Garden > Furniture,3.6333333333333333
5050,1,mein-schoener-garten.de,Home and Garden > Gardening,1.4333333333333333
5051,2,shuminoengei.jp,Home and Garden > Gardening,2.2333333333333334
5052,3,kaercher.com,Home and Garden > Gardening,2.8
5053,4,rhs.org.uk,Home and Garden > Gardening,2.8
5054,5,gardeningknowhow.com,Home and Garden > Gardening,1.15
5055,6,picturethisai.com,Home and Garden > Gardening,1.05
5056,7,gardenersworld.com,Home and Garden > Gardening,2.0833333333333335
5057,8,chez-vous.info,Home and Garden > Gardening,1.3333333333333333
5058,9,7dach.ru,Home and Garden > Gardening,1.2
5059,10,plantura.garden,Home and Garden > Gardening,1.0833333333333333
5060,11,intratuin.nl,Home and Garden > Gardening,3.4833333333333334
5061,12,ogorod.ru,Home and Garden > Gardening,1.85
5062,13,greg.app,Home and Garden > Gardening,1.3166666666666667
5063,14,promessedefleurs.com,Home and Garden > Gardening,9.933333333333334
5064,15,greensnap.co.jp,Home and Garden > Gardening,1.2166666666666668
5065,16,epicgardening.com,Home and Garden > Gardening,1.4833333333333334
5066,17,rustica.fr,Home and Garden > Gardening,0.9833333333333333
5067,18,jardiland.com,Home and Garden > Gardening,2.1333333333333333
5068,19,blomsterlandet.se,Home and Garden > Gardening,2.95
5069,20,botanichka.ru,Home and Garden > Gardening,2.033333333333333
5070,21,agro-market.net,Home and Garden > Gardening,3.65
5072,23,sad-i-ogorod.ru,Home and Garden > Gardening,4.283333333333333
5073,24,greenculturesg.com,Home and Garden > Gardening,5.266666666666667
5074,25,dachnyuchastok.ru,Home and Garden > Gardening,1.1666666666666667
5075,26,semena74.com,Home and Garden > Gardening,4.016666666666667
5076,27,greensnap.jp,Home and Garden > Gardening,1.5666666666666667
5077,28,urvann.com,Home and Garden > Gardening,3.8
5078,29,orton.ru,Home and Garden > Gardening,1.1166666666666667
5079,30,lubera.com,Home and Garden > Gardening,1.5333333333333332
5080,31,baumschule-horstmann.de,Home and Garden > Gardening,3.25
5081,32,poradnikogrodniczy.pl,Home and Garden > Gardening,0.9666666666666667
5082,33,antonovsad.ru,Home and Garden > Gardening,0.75
5083,34,ruralsprout.com,Home and Garden > Gardening,1.0
5084,35,agro-market24.ru,Home and Garden > Gardening,1.85
5085,36,garden.org,Home and Garden > Gardening,1.6
5086,37,gerbeaud.com,Home and Garden > Gardening,1.2166666666666668
5087,38,diyeverywhere.com,Home and Garden > Gardening,2.183333333333333
5088,39,ugaoo.com,Home and Garden > Gardening,2.1166666666666667
5089,40,infojardin.com,Home and Garden > Gardening,1.5666666666666667
5090,41,willemsefrance.fr,Home and Garden > Gardening,2.6
5091,42,lovegreen.net,Home and Garden > Gardening,1.7333333333333334
5092,43,florium.ua,Home and Garden > Gardening,4.05
5093,44,semena.ru,Home and Garden > Gardening,3.3833333333333333
5094,45,garshinka.ru,Home and Garden > Gardening,2.5166666666666666
5095,46,gardenmart24.ru,Home and Garden > Gardening,2.35
5096,47,birdsandblooms.com,Home and Garden > Gardening,1.2166666666666668
5097,48,hitohana.tokyo,Home and Garden > Gardening,2.6333333333333333
5098,49,semena-zakaz.ru,Home and Garden > Gardening,5.85
5099,50,gardena.com,Home and Garden > Gardening,2.6166666666666667
5100,1,homedepot.com,Home and Garden > Home and Garden - Other,4.883333333333333
5101,2,vseinstrumenti.ru,Home and Garden > Home and Garden - Other,5.716666666666667
5103,4,leroymerlin.fr,Home and Garden > Home and Garden - Other,4.5
5106,7,bunnings.com.au,Home and Garden > Home and Garden - Other,3.8666666666666667
5108,9,menards.com,Home and Garden > Home and Garden - Other,4.866666666666667
5109,10,dunelm.com,Home and Garden > Home and Garden - Other,5.083333333333333
5110,11,homedepot.ca,Home and Garden > Home and Garden - Other,4.366666666666666
5111,12,leroymerlin.es,Home and Garden > Home and Garden - Other,4.116666666666666
5112,13,acehardware.com,Home and Garden > Home and Garden - Other,3.5166666666666666
5113,14,wink.ru,Home and Garden > Home and Garden - Other,3.5833333333333335
5116,17,potterybarn.com,Home and Garden > Home and Garden - Other,3.7333333333333334
5117,18,leroymerlin.com.br,Home and Garden > Home and Garden - Other,3.0
5118,19,leroymerlin.it,Home and Garden > Home and Garden - Other,3.4833333333333334
5119,20,wayfair.ca,Home and Garden > Home and Garden - Other,4.9
5120,21,maisonsdumonde.com,Home and Garden > Home and Garden - Other,4.216666666666667
5121,22,aquareader.net,Home and Garden > Home and Garden - Other,21.983333333333334
5122,23,bhg.com,Home and Garden > Home and Garden - Other,1.4166666666666667
5123,24,madeiramadeira.com.br,Home and Garden > Home and Garden - Other,3.8166666666666664
5125,26,manomano.fr,Home and Garden > Home and Garden - Other,3.033333333333333
5126,27,therange.co.uk,Home and Garden > Home and Garden - Other,4.033333333333333
5127,28,lixil.co.jp,Home and Garden > Home and Garden - Other,6.116666666666666
5128,29,homesandgardens.com,Home and Garden > Home and Garden - Other,1.1166666666666667
5129,30,leroymerlin.pl,Home and Garden > Home and Garden - Other,2.75
5130,31,toolstation.com,Home and Garden > Home and Garden - Other,4.266666666666667
5131,32,spareroom.co.uk,Home and Garden > Home and Garden - Other,6.633333333333333
5132,33,buyersguide.org,Home and Garden > Home and Garden - Other,1.8166666666666667
5135,36,wickes.co.uk,Home and Garden > Home and Garden - Other,4.133333333333334
5137,38,build.com,Home and Garden > Home and Garden - Other,5.183333333333334
5138,39,gls-group.com,Home and Garden > Home and Garden - Other,2.066666666666667
5139,40,but.fr,Home and Garden > Home and Garden - Other,3.3333333333333335
5140,41,sodimac.cl,Home and Garden > Home and Garden - Other,5.466666666666667
5141,42,zarahome.com,Home and Garden > Home and Garden - Other,3.7666666666666666
5142,43,freecycle.org,Home and Garden > Home and Garden - Other,5.866666666666667
5143,44,conforama.fr,Home and Garden > Home and Garden - Other,3.4166666666666665
5144,45,litfad.com,Home and Garden > Home and Garden - Other,2.05
5145,46,praxis.nl,Home and Garden > Home and Garden - Other,3.7666666666666666
5146,47,gamma.nl,Home and Garden > Home and Garden - Other,3.45
5147,48,afamily.vn,Home and Garden > Home and Garden - Other,1.9333333333333333
5148,49,thumbtack.com,Home and Garden > Home and Garden - Other,3.4333333333333336
5149,50,flooranddecor.com,Home and Garden > Home and Garden - Other,4.533333333333333
5150,1,lowes.com,Home and Garden > Home Improvement and Maintenance,4.35
5151,2,goodhousekeeping.com,Home and Garden > Home Improvement and Maintenance,1.2166666666666668
5152,3,sikayetvar.com,Home and Garden > Home Improvement and Maintenance,2.2333333333333334
5153,4,hgtv.com,Home and Garden > Home Improvement and Maintenance,1.7166666666666668
5155,6,marthastewart.com,Home and Garden > Home Improvement and Maintenance,1.4666666666666668
5156,7,consumerreports.org,Home and Garden > Home Improvement and Maintenance,3.2333333333333334
5157,8,bbb.org,Home and Garden > Home Improvement and Maintenance,1.95
5158,9,apartmenttherapy.com,Home and Garden > Home Improvement and Maintenance,1.3333333333333333
5159,10,obi.de,Home and Garden > Home Improvement and Maintenance,3.183333333333333
5160,11,houzz.com,Home and Garden > Home Improvement and Maintenance,2.6
5161,12,hometalk.com,Home and Garden > Home Improvement and Maintenance,1.8
5162,13,hornbach.de,Home and Garden > Home Improvement and Maintenance,4.116666666666666
5163,14,bauhaus.info,Home and Garden > Home Improvement and Maintenance,3.8
5164,15,familyhandyman.com,Home and Garden > Home Improvement and Maintenance,1.3166666666666667
5165,16,quechoisir.org,Home and Garden > Home Improvement and Maintenance,1.7833333333333332
5166,17,sherwin-williams.com,Home and Garden > Home Improvement and Maintenance,3.95
5167,18,petrovich.ru,Home and Garden > Home Improvement and Maintenance,4.483333333333333
5168,19,housebeautiful.com,Home and Garden > Home Improvement and Maintenance,1.15
5169,20,jdpower.com,Home and Garden > Home Improvement and Maintenance,1.8666666666666667
5170,21,verivox.de,Home and Garden > Home Improvement and Maintenance,3.7666666666666666
5171,22,billiger.de,Home and Garden > Home Improvement and Maintenance,1.4166666666666667
5172,23,citizensadvice.org.uk,Home and Garden > Home Improvement and Maintenance,2.15
5173,24,altroconsumo.it,Home and Garden > Home Improvement and Maintenance,1.9333333333333333
5174,25,consumeraffairs.com,Home and Garden > Home Improvement and Maintenance,2.0
5175,26,ocu.org,Home and Garden > Home Improvement and Maintenance,1.5666666666666667
5176,27,globus-baumarkt.de,Home and Garden > Home Improvement and Maintenance,3.533333333333333
5177,28,ivd.ru,Home and Garden > Home Improvement and Maintenance,1.6
5178,29,nyheder24.dk,Home and Garden > Home Improvement and Maintenance,2.8166666666666664
5179,30,pissedconsumer.com,Home and Garden > Home Improvement and Maintenance,1.5
5180,31,byggahus.se,Home and Garden > Home Improvement and Maintenance,4.283333333333333
5181,32,bobvila.com,Home and Garden > Home Improvement and Maintenance,1.05
5182,33,diynot.com,Home and Garden > Home Improvement and Maintenance,2.3
5183,34,teltarif.de,Home and Garden > Home Improvement and Maintenance,0.9
5184,35,bestereviews.de,Home and Garden > Home Improvement and Maintenance,1.6833333333333333
5185,36,backyardchickens.com,Home and Garden > Home Improvement and Maintenance,5.283333333333333
5186,37,kainos.lt,Home and Garden > Home Improvement and Maintenance,2.716666666666667
5188,39,elcats.ru,Home and Garden > Home Improvement and Maintenance,34.63333333333333
5189,40,thisoldhouse.com,Home and Garden > Home Improvement and Maintenance,1.3666666666666667
5190,41,deutschlandcard.de,Home and Garden > Home Improvement and Maintenance,2.05
5191,42,doityourself.com,Home and Garden > Home Improvement and Maintenance,1.1
5192,43,hornbach.ro,Home and Garden > Home Improvement and Maintenance,2.35
5193,44,homegoods.com,Home and Garden > Home Improvement and Maintenance,1.1166666666666667
5196,47,telefonino.net,Home and Garden > Home Improvement and Maintenance,0.36666666666666664
5197,48,medizinfuchs.de,Home and Garden > Home Improvement and Maintenance,3.783333333333333
5198,49,proff.dk,Home and Garden > Home Improvement and Maintenance,2.1666666666666665
5199,50,foodtalkdaily.com,Home and Garden > Home Improvement and Maintenance,2.1166666666666667
5200,1,countryliving.com,Home and Garden > Interior Design,1.25
5201,2,inmyroom.ru,Home and Garden > Interior Design,2.6
5202,3,roomclip.jp,Home and Garden > Interior Design,2.4166666666666665
5203,4,hubpages.com,Home and Garden > Interior Design,0.7666666666666667
5204,5,asianpaints.com,Home and Garden > Interior Design,2.2333333333333334
5206,7,homestyler.com,Home and Garden > Interior Design,17.016666666666666
5209,10,ikea.gr,Home and Garden > Interior Design,4.666666666666667
5210,11,livspace.com,Home and Garden > Interior Design,1.4333333333333333
5211,12,casaefesta.com,Home and Garden > Interior Design,1.6333333333333333
5212,13,jysk.gr,Home and Garden > Interior Design,3.8
5213,14,westwing.pl,Home and Garden > Interior Design,2.65
5214,15,dulux.co.uk,Home and Garden > Interior Design,3.2
5215,16,houzz.ru,Home and Garden > Interior Design,2.6166666666666667
5216,17,dogtas.com,Home and Garden > Interior Design,2.65
5218,19,enzahome.com.tr,Home and Garden > Interior Design,2.5166666666666666
5219,20,godrejinterio.com,Home and Garden > Interior Design,1.55
5220,21,roomsketcher.com,Home and Garden > Interior Design,2.0
5221,22,limia.jp,Home and Garden > Interior Design,0.25
5223,24,floorplancreator.net,Home and Garden > Interior Design,1.5166666666666666
5224,25,grahambrown.com,Home and Garden > Interior Design,2.0833333333333335
5225,26,kelebek.com,Home and Garden > Interior Design,2.55
5226,27,deco.fr,Home and Garden > Interior Design,1.1
5227,28,ideabrasil.com.br,Home and Garden > Interior Design,0.5166666666666667
5228,29,colorprofi.ru,Home and Garden > Interior Design,0.85
5229,30,cotemaison.fr,Home and Garden > Interior Design,7.3
5230,31,homelane.com,Home and Garden > Interior Design,1.55
5231,32,bergerpaints.com,Home and Garden > Interior Design,1.7333333333333334
5232,33,roomstyler.com,Home and Garden > Interior Design,1.6
5233,34,4murs.com,Home and Garden > Interior Design,4.583333333333333
5234,35,polihome.gr,Home and Garden > Interior Design,3.3833333333333333
5235,36,1stbreath.ru,Home and Garden > Interior Design,
5236,37,faberindia.com,Home and Garden > Interior Design,2.3333333333333335
5237,38,planyourroom.com,Home and Garden > Interior Design,1.2833333333333332
5238,39,houzz.com.au,Home and Garden > Interior Design,2.0
5239,40,orientbell.com,Home and Garden > Interior Design,0.6666666666666666
5240,41,roomtodo.com,Home and Garden > Interior Design,4.75
5241,42,pufikhomes.com,Home and Garden > Interior Design,1.3333333333333333
5242,43,kajariaceramics.com,Home and Garden > Interior Design,1.8166666666666667
5243,44,ruheindia.com,Home and Garden > Interior Design,1.7666666666666666
5244,45,designcafe.com,Home and Garden > Interior Design,0.8666666666666667
5245,46,makemyhouse.com,Home and Garden > Interior Design,1.8833333333333333
5246,47,alessi.com,Home and Garden > Interior Design,1.75
5247,48,idei.club,Home and Garden > Interior Design,0.4
5248,49,nerolac.com,Home and Garden > Interior Design,0.7833333333333333
5249,50,kredits.su,Home and Garden > Interior Design,0.05
5250,1,moonshot.cn,Jobs and Career > Human Resources,4.05
5251,2,animesugetv.to,Jobs and Career > Human Resources,9.0
5252,3,16personalities.com,Jobs and Career > Human Resources,5.016666666666667
5254,5,bunkr.ph,Jobs and Career > Human Resources,3.5666666666666664
5255,6,gusto.com,Jobs and Career > Human Resources,4.566666666666666
5256,7,ashbyhq.com,Jobs and Career > Human Resources,3.2666666666666666
5257,8,pm61qtrk.com,Jobs and Career > Human Resources,1.65
5258,9,omzal.com,Jobs and Career > Human Resources,1.2666666666666666
5260,11,luacomic.org,Jobs and Career > Human Resources,5.533333333333333
5261,12,shopping.bookoff.co.jp,Jobs and Career > Human Resources,4.3
5262,13,tosspayments.com,Jobs and Career > Human Resources,2.533333333333333
5263,14,dol.gov,Jobs and Career > Human Resources,2.3833333333333333
5265,16,startuppedia.in,Jobs and Career > Human Resources,1.6
5268,19,privatter.me,Jobs and Career > Human Resources,5.8
5269,20,cokcoktv4.com,Jobs and Career > Human Resources,8.35
5270,21,mojposao.hr,Jobs and Career > Human Resources,3.1666666666666665
5271,22,kdelo.ru,Jobs and Career > Human Resources,1.8166666666666667
5273,24,mycareersfuture.gov.sg,Jobs and Career > Human Resources,5.366666666666666
5274,25,streamlit.app,Jobs and Career > Human Resources,3.7333333333333334
5275,26,theforage.com,Jobs and Career > Human Resources,4.266666666666667
5276,27,pinpointhq.com,Jobs and Career > Human Resources,2.55
5277,28,jss.com.cn,Jobs and Career > Human Resources,1.9666666666666668
5278,29,monad.xyz,Jobs and Career > Human Resources,4.833333333333333
5279,30,meritzpartners.com,Jobs and Career > Human Resources,0.43333333333333335
5280,31,leadermune.com,Jobs and Career > Human Resources,2.65
5281,32,prosple.com,Jobs and Career > Human Resources,2.716666666666667
5282,33,finn-app.com,Jobs and Career > Human Resources,2.1333333333333333
5283,34,wageworks.com,Jobs and Career > Human Resources,6.566666666666666
5284,35,trinet.com,Jobs and Career > Human Resources,1.9666666666666668
5285,36,recruitingbypaycor.com,Jobs and Career > Human Resources,3.05
5286,37,peopleadmin.com,Jobs and Career > Human Resources,6.75
5288,39,shrm.org,Jobs and Career > Human Resources,2.1
5290,41,careers.adobe.com,Jobs and Career > Human Resources,4.683333333333334
5292,43,hirevue.com,Jobs and Career > Human Resources,3.15
5293,44,gamatotv.info,Jobs and Career > Human Resources,3.183333333333333
5295,46,super.money,Jobs and Career > Human Resources,1.1
5297,48,wrkstrm.us,Jobs and Career > Human Resources,1.4166666666666667
5300,1,unstop.com,Jobs and Career > Jobs and Career - Other,3.8
5301,2,paradox.ai,Jobs and Career > Jobs and Career - Other,3.1333333333333333
5302,3,district.in,Jobs and Career > Jobs and Career - Other,1.8333333333333335
5304,5,kusuguru.co.jp,Jobs and Career > Jobs and Career - Other,2.5833333333333335
5306,7,workday.com,Jobs and Career > Jobs and Career - Other,7.116666666666666
5307,8,crowdgen.com,Jobs and Career > Jobs and Career - Other,4.6
5308,9,builtin.com,Jobs and Career > Jobs and Career - Other,1.9666666666666668
5309,10,parcoursup.gouv.fr,Jobs and Career > Jobs and Career - Other,2.466666666666667
5310,11,italent.cn,Jobs and Career > Jobs and Career - Other,37.083333333333336
5311,12,shl.com,Jobs and Career > Jobs and Career - Other,8.5
5312,13,charlotte.edu,Jobs and Career > Jobs and Career - Other,6.666666666666667
5313,14,talentd.in,Jobs and Career > Jobs and Career - Other,2.65
5314,15,jobright.ai,Jobs and Career > Jobs and Career - Other,9.116666666666667
5315,16,jobs.flybreeze.com,Jobs and Career > Jobs and Career - Other,
5316,17,spp-indonesia.com,Jobs and Career > Jobs and Career - Other,5.883333333333333
5318,19,proson.gr,Jobs and Career > Jobs and Career - Other,0.38333333333333336
5319,20,jobfind.gr,Jobs and Career > Jobs and Career - Other,4.4
5320,21,hint.app,Jobs and Career > Jobs and Career - Other,2.033333333333333
5321,22,krogerfamilycareers.com,Jobs and Career > Jobs and Career - Other,5.3
5322,23,simplify.jobs,Jobs and Career > Jobs and Career - Other,5.8
5324,25,glassdoor.sg,Jobs and Career > Jobs and Career - Other,2.5833333333333335
5325,26,pkpics.site,Jobs and Career > Jobs and Career - Other,3.55
5326,27,schooljobs.com,Jobs and Career > Jobs and Career - Other,4.916666666666667
5327,28,cloud.italent.cn,Jobs and Career > Jobs and Career - Other,29.4
5330,31,brightnetwork.co.uk,Jobs and Career > Jobs and Career - Other,4.133333333333334
5331,32,careers.airbnb.com,Jobs and Career > Jobs and Career - Other,1.7666666666666666
5333,34,personio.com,Jobs and Career > Jobs and Career - Other,1.5
5334,35,navan.com,Jobs and Career > Jobs and Career - Other,7.516666666666667
5335,36,oli.vi,Jobs and Career > Jobs and Career - Other,2.1
5336,37,yello.co,Jobs and Career > Jobs and Career - Other,3.216666666666667
5337,38,hirequotient.com,Jobs and Career > Jobs and Career - Other,0.9
5338,39,careers.mastercard.com,Jobs and Career > Jobs and Career - Other,4.633333333333333
5340,41,jobly.fi,Jobs and Career > Jobs and Career - Other,4.766666666666667
5341,42,hotjob.cn,Jobs and Career > Jobs and Career - Other,5.233333333333333
5342,43,careers.jpmorgan.com,Jobs and Career > Jobs and Career - Other,1.25
5344,45,cgpa2percentage.com,Jobs and Career > Jobs and Career - Other,2.183333333333333
5346,47,newaiming.com,Jobs and Career > Jobs and Career - Other,2.6833333333333336
5347,48,recruitcrm.io,Jobs and Career > Jobs and Career - Other,3.783333333333333
5348,49,careers.blackrock.com,Jobs and Career > Jobs and Career - Other,1.35
5350,1,indeed.com,Jobs and Career > Jobs and Employment,7.65
5352,3,hh.ru,Jobs and Career > Jobs and Employment,7.6
5353,4,computrabajo.com,Jobs and Career > Jobs and Employment,6.4
5354,5,glassdoor.com,Jobs and Career > Jobs and Employment,3.25
5355,6,jooble.org,Jobs and Career > Jobs and Employment,4.8
5356,7,seek.com.au,Jobs and Career > Jobs and Employment,6.316666666666666
5357,8,appcast.io,Jobs and Career > Jobs and Employment,1.3
5358,9,greenhouse.io,Jobs and Career > Jobs and Employment,4.316666666666666
5359,10,ziprecruiter.com,Jobs and Career > Jobs and Employment,4.133333333333334
5360,11,naukri.com,Jobs and Career > Jobs and Employment,7.333333333333333
5361,12,francetravail.fr,Jobs and Career > Jobs and Employment,6.05
5362,13,ultipro.com,Jobs and Career > Jobs and Employment,4.433333333333334
5363,14,successfactors.eu,Jobs and Career > Jobs and Employment,4.566666666666666
5364,15,arbeitsagentur.de,Jobs and Career > Jobs and Employment,6.25
5365,16,jobstreet.com,Jobs and Career > Jobs and Employment,5.3
5366,17,gupy.io,Jobs and Career > Jobs and Employment,5.733333333333333
5368,19,dayforcehcm.com,Jobs and Career > Jobs and Employment,3.5833333333333335
5369,20,joongang.co.kr,Jobs and Career > Jobs and Employment,2.9166666666666665
5370,21,104.com.tw,Jobs and Career > Jobs and Employment,8.083333333333334
5371,22,saramin.co.kr,Jobs and Career > Jobs and Employment,6.833333333333333
5372,23,csod.com,Jobs and Career > Jobs and Employment,6.783333333333333
5374,25,infojobs.com.br,Jobs and Career > Jobs and Employment,4.783333333333333
5375,26,governmentjobs.com,Jobs and Career > Jobs and Employment,6.683333333333334
5376,27,smartrecruiters.com,Jobs and Career > Jobs and Employment,4.0
5377,28,careerpower.in,Jobs and Career > Jobs and Employment,2.1
5378,29,talent.com,Jobs and Career > Jobs and Employment,2.0
5379,30,lever.co,Jobs and Career > Jobs and Employment,3.85
5380,31,amazon.jobs,Jobs and Career > Jobs and Employment,3.6166666666666667
5381,32,stepstone.de,Jobs and Career > Jobs and Employment,4.25
5382,33,bamboohr.com,Jobs and Career > Jobs and Employment,3.0
5383,34,jobkorea.co.kr,Jobs and Career > Jobs and Employment,6.633333333333333
5384,35,zhipin.com,Jobs and Career > Jobs and Employment,8.966666666666667
5385,36,jobs.lever.co,Jobs and Career > Jobs and Employment,3.3666666666666667
5386,37,bio.site,Jobs and Career > Jobs and Employment,2.2666666666666666
5387,38,books.ms,Jobs and Career > Jobs and Employment,4.6
5388,39,pracuj.pl,Jobs and Career > Jobs and Employment,5.316666666666666
5389,40,求人ボックス.com,Jobs and Career > Jobs and Employment,3.3166666666666664
5390,41,jobs.smartrecruiters.com,Jobs and Career > Jobs and Employment,3.7333333333333334
5391,42,infojobs.net,Jobs and Career > Jobs and Employment,4.95
5392,43,coxautoinc.com,Jobs and Career > Jobs and Employment,22.016666666666666
5393,44,jobcase.com,Jobs and Career > Jobs and Employment,2.5833333333333335
5394,45,glassdoor.co.in,Jobs and Career > Jobs and Employment,2.5833333333333335
5395,46,74.ru,Jobs and Career > Jobs and Employment,4.233333333333333
5397,48,hellowork.com,Jobs and Career > Jobs and Employment,2.75
5398,49,kariyer.net,Jobs and Career > Jobs and Employment,5.05
5399,50,lidl.com,Jobs and Career > Jobs and Employment,1.5166666666666666
5700,1,sephora.com,Lifestyle > Beauty and Cosmetics,3.5666666666666664
5701,2,beauty.hotpepper.jp,Lifestyle > Beauty and Cosmetics,6.033333333333333
5702,3,fragrantica.com,Lifestyle > Beauty and Cosmetics,4.916666666666667
5703,4,ulta.com,Lifestyle > Beauty and Cosmetics,3.75
5704,5,cosme.net,Lifestyle > Beauty and Cosmetics,4.016666666666667
5705,6,hpplus.jp,Lifestyle > Beauty and Cosmetics,1.8833333333333333
5707,8,natura.com.br,Lifestyle > Beauty and Cosmetics,3.283333333333333
5709,10,dm.de,Lifestyle > Beauty and Cosmetics,2.4333333333333336
5710,11,nykaa.com,Lifestyle > Beauty and Cosmetics,2.8333333333333335
5711,12,fresha.com,Lifestyle > Beauty and Cosmetics,4.4
5712,13,lemon8-app.com,Lifestyle > Beauty and Cosmetics,1.0
5714,15,fragrancenet.com,Lifestyle > Beauty and Cosmetics,3.7333333333333334
5715,16,fragrantica.ru,Lifestyle > Beauty and Cosmetics,6.316666666666666
5716,17,ilmakiage.com,Lifestyle > Beauty and Cosmetics,2.9
5717,18,yesstyle.com,Lifestyle > Beauty and Cosmetics,5.216666666666667
5718,19,vagaro.com,Lifestyle > Beauty and Cosmetics,3.2
5719,20,fragrantica.es,Lifestyle > Beauty and Cosmetics,5.5
5720,21,lipscosme.com,Lifestyle > Beauty and Cosmetics,2.5166666666666666
5721,22,lafoy.ru,Lifestyle > Beauty and Cosmetics,1.05
5722,23,letu.ru,Lifestyle > Beauty and Cosmetics,2.8666666666666667
5723,24,makeup.com.ua,Lifestyle > Beauty and Cosmetics,5.1
5724,25,primor.eu,Lifestyle > Beauty and Cosmetics,4.633333333333333
5725,26,shiseido.co.jp,Lifestyle > Beauty and Cosmetics,2.25
5727,28,salonboard.com,Lifestyle > Beauty and Cosmetics,11.583333333333334
5728,29,randewoo.ru,Lifestyle > Beauty and Cosmetics,4.7
5729,30,nahdionline.com,Lifestyle > Beauty and Cosmetics,1.9
5730,31,byrdie.com,Lifestyle > Beauty and Cosmetics,1.25
5731,32,al-dawaa.com,Lifestyle > Beauty and Cosmetics,0.9333333333333333
5733,34,planity.com,Lifestyle > Beauty and Cosmetics,3.0833333333333335
5734,35,stylevana.com,Lifestyle > Beauty and Cosmetics,4.783333333333333
5735,36,eva.ua,Lifestyle > Beauty and Cosmetics,4.15
5736,37,greatclips.com,Lifestyle > Beauty and Cosmetics,4.766666666666667
5737,38,lookfantastic.com,Lifestyle > Beauty and Cosmetics,3.3666666666666667
5738,39,faberlic.com,Lifestyle > Beauty and Cosmetics,12.016666666666667
5739,40,druni.es,Lifestyle > Beauty and Cosmetics,4.0
5740,41,notino.pl,Lifestyle > Beauty and Cosmetics,2.4166666666666665
5742,43,hebe.pl,Lifestyle > Beauty and Cosmetics,2.6166666666666667
5743,44,rossmann.pl,Lifestyle > Beauty and Cosmetics,1.3833333333333333
5744,45,parfumo.de,Lifestyle > Beauty and Cosmetics,9.283333333333333
5745,46,spoiledchild.com,Lifestyle > Beauty and Cosmetics,2.5
5746,47,meevo.com,Lifestyle > Beauty and Cosmetics,5.066666666666666
5747,48,glossgenius.com,Lifestyle > Beauty and Cosmetics,2.3666666666666667
5748,49,oggi.jp,Lifestyle > Beauty and Cosmetics,0.9833333333333333
5749,50,rituals.com,Lifestyle > Beauty and Cosmetics,2.4833333333333334
5750,1,babylist.com,Lifestyle > Childcare,3.8
5751,2,firstcry.com,Lifestyle > Childcare,2.6833333333333336
5752,3,carters.com,Lifestyle > Childcare,4.333333333333333
5753,4,haibunda.com,Lifestyle > Childcare,1.3833333333333333
5756,7,mattel.com,Lifestyle > Childcare,1.8666666666666667
5757,8,jellycat.com,Lifestyle > Childcare,2.533333333333333
5759,10,potterybarnkids.com,Lifestyle > Childcare,3.466666666666667
5760,11,buildabear.com,Lifestyle > Childcare,3.3333333333333335
5761,12,kasta.ua,Lifestyle > Childcare,3.183333333333333
5762,13,derma-express.com,Lifestyle > Childcare,25.65
5763,14,vertbaudet.fr,Lifestyle > Childcare,5.166666666666667
5764,15,tonies.com,Lifestyle > Childcare,2.0833333333333335
5765,16,popmama.com,Lifestyle > Childcare,0.9833333333333333
5766,17,theasianparent.com,Lifestyle > Childcare,1.0666666666666667
5767,18,nikulya.ru,Lifestyle > Childcare,1.0833333333333333
5768,19,babybunting.com.au,Lifestyle > Childcare,3.7333333333333334
5769,20,intertop.ua,Lifestyle > Childcare,2.966666666666667
5770,21,yapokupayu.ru,Lifestyle > Childcare,1.1666666666666667
5771,22,akachan.jp,Lifestyle > Childcare,2.05
5772,23,next.ua,Lifestyle > Childcare,2.4333333333333336
5773,24,chikiriki.ru,Lifestyle > Childcare,3.533333333333333
5774,25,mamasandpapas.com,Lifestyle > Childcare,2.4833333333333334
5775,26,king-jouet.com,Lifestyle > Childcare,3.066666666666667
5776,27,lovevery.com,Lifestyle > Childcare,2.1166666666666667
5777,28,intertoys.nl,Lifestyle > Childcare,3.05
5778,29,takingcarababies.com,Lifestyle > Childcare,2.8833333333333333
5779,30,cartersoshkosh.ca,Lifestyle > Childcare,7.35
5780,31,bebetei.ro,Lifestyle > Childcare,2.3666666666666667
5781,32,toysrus.ca,Lifestyle > Childcare,2.0833333333333335
5782,33,littlesleepies.com,Lifestyle > Childcare,1.8
5783,34,americangirl.com,Lifestyle > Childcare,2.1666666666666665
5785,36,star-tex.ru,Lifestyle > Childcare,2.6833333333333336
5786,37,prenatal.nl,Lifestyle > Childcare,3.033333333333333
5787,38,baby-walz.de,Lifestyle > Childcare,3.2
5788,39,thetoyshop.com,Lifestyle > Childcare,2.3166666666666664
5789,40,followish.io,Lifestyle > Childcare,2.6833333333333336
5790,41,wildberries.am,Lifestyle > Childcare,2.8166666666666664
5791,42,civilim.com,Lifestyle > Childcare,3.6666666666666665
5792,43,mobz.click,Lifestyle > Childcare,0.15
5793,44,joueclub.fr,Lifestyle > Childcare,3.05
5794,45,mesenvies.fr,Lifestyle > Childcare,4.666666666666667
5795,46,tipotv.com,Lifestyle > Childcare,1.4833333333333334
5796,47,rebelstork.com,Lifestyle > Childcare,3.0166666666666666
5797,48,momcozy.com,Lifestyle > Childcare,33.8
5798,49,littlespoon.com,Lifestyle > Childcare,0.8833333333333333
5799,50,harpersbazaar.fr,Lifestyle > Childcare,1.0166666666666666
5800,1,shein.com,Lifestyle > Fashion and Apparel,5.8
5801,2,nike.com,Lifestyle > Fashion and Apparel,2.85
5802,3,zara.com,Lifestyle > Fashion and Apparel,5.433333333333334
5805,6,uniqlo.com,Lifestyle > Fashion and Apparel,2.75
5806,7,macys.com,Lifestyle > Fashion and Apparel,4.766666666666667
5807,8,asos.com,Lifestyle > Fashion and Apparel,3.9
5808,9,gap.com,Lifestyle > Fashion and Apparel,4.916666666666667
5809,10,zozo.jp,Lifestyle > Fashion and Apparel,7.016666666666667
5810,11,nordstrom.com,Lifestyle > Fashion and Apparel,3.5833333333333335
5811,12,elle.com,Lifestyle > Fashion and Apparel,0.9666666666666667
5812,13,mango.com,Lifestyle > Fashion and Apparel,3.6166666666666667
5813,14,shop.mango.com,Lifestyle > Fashion and Apparel,3.65
5814,15,vinted.fr,Lifestyle > Fashion and Apparel,13.533333333333333
5815,16,stockx.com,Lifestyle > Fashion and Apparel,2.216666666666667
5816,17,musinsa.com,Lifestyle > Fashion and Apparel,3.0833333333333335
5817,18,jeomsin.co.kr,Lifestyle > Fashion and Apparel,1.55
5818,19,marksandspencer.com,Lifestyle > Fashion and Apparel,4.3
5819,20,next.co.uk,Lifestyle > Fashion and Apparel,5.416666666666667
5820,21,puma.com,Lifestyle > Fashion and Apparel,2.8166666666666664
5822,23,quince.com,Lifestyle > Fashion and Apparel,4.233333333333333
5823,24,jcpenney.com,Lifestyle > Fashion and Apparel,4.45
5824,25,fashionnova.com,Lifestyle > Fashion and Apparel,6.8
5825,26,lululemon.com,Lifestyle > Fashion and Apparel,3.0833333333333335
5826,27,anthropologie.com,Lifestyle > Fashion and Apparel,4.566666666666666
5828,29,nordstromrack.com,Lifestyle > Fashion and Apparel,5.183333333333334
5829,30,shop.lululemon.com,Lifestyle > Fashion and Apparel,3.066666666666667
5830,31,farfetch.com,Lifestyle > Fashion and Apparel,2.15
5831,32,vinted.co.uk,Lifestyle > Fashion and Apparel,8.15
5832,33,ajio.com,Lifestyle > Fashion and Apparel,3.4333333333333336
5833,34,shein.co.uk,Lifestyle > Fashion and Apparel,3.9333333333333336
5834,35,depop.com,Lifestyle > Fashion and Apparel,4.583333333333333
5835,36,adidas.com,Lifestyle > Fashion and Apparel,2.35
5836,37,hollisterco.com,Lifestyle > Fashion and Apparel,4.283333333333333
5838,39,ae.com,Lifestyle > Fashion and Apparel,3.7666666666666666
5839,40,sportsdirect.com,Lifestyle > Fashion and Apparel,4.05
5840,41,klclick1.com,Lifestyle > Fashion and Apparel,0.4666666666666667
5841,42,abercrombie.com,Lifestyle > Fashion and Apparel,4.133333333333334
5842,43,urbanoutfitters.com,Lifestyle > Fashion and Apparel,3.2333333333333334
5843,44,lamoda.ru,Lifestyle > Fashion and Apparel,5.35
5844,45,dsw.com,Lifestyle > Fashion and Apparel,3.8833333333333333
5845,46,yeezy.com,Lifestyle > Fashion and Apparel,0.75
5847,48,sinsay.com,Lifestyle > Fashion and Apparel,5.1
5848,49,reserved.com,Lifestyle > Fashion and Apparel,3.8666666666666667
5849,50,coachoutlet.com,Lifestyle > Fashion and Apparel,4.3
5850,1,partnermatic.com,Lifestyle > Gifts and Flowers,0.21666666666666667
5851,2,ciceksepeti.com,Lifestyle > Gifts and Flowers,4.683333333333334
5852,3,paperlesspost.com,Lifestyle > Gifts and Flowers,2.966666666666667
5853,4,livemaster.ru,Lifestyle > Gifts and Flowers,3.75
5854,5,1800flowers.com,Lifestyle > Gifts and Flowers,4.833333333333333
5858,9,fnp.com,Lifestyle > Gifts and Flowers,2.85
5859,10,flowwow.com,Lifestyle > Gifts and Flowers,3.7
5860,11,giftmall.co.jp,Lifestyle > Gifts and Flowers,3.3333333333333335
5861,12,moonpig.com,Lifestyle > Gifts and Flowers,6.25
5862,13,fromyouflowers.com,Lifestyle > Gifts and Flowers,5.45
5863,14,cenreader.com,Lifestyle > Gifts and Flowers,13.366666666666667
5864,15,festalab.com.br,Lifestyle > Gifts and Flowers,2.0833333333333335
5865,16,punchbowl.com,Lifestyle > Gifts and Flowers,2.45
5866,17,jacquielawson.com,Lifestyle > Gifts and Flowers,4.066666666666666
5867,18,smartbox.com,Lifestyle > Gifts and Flowers,8.233333333333333
5868,19,giftcards.com,Lifestyle > Gifts and Flowers,2.3
5869,20,lijstje.nl,Lifestyle > Gifts and Flowers,3.8333333333333335
5870,21,igp.com,Lifestyle > Gifts and Flowers,3.0833333333333335
5871,22,notonthehighstreet.com,Lifestyle > Gifts and Flowers,2.8333333333333335
5872,23,ringbell.co.jp,Lifestyle > Gifts and Flowers,3.6666666666666665
5873,24,refoorest.com,Lifestyle > Gifts and Flowers,2.4
5874,25,virginexperiencedays.co.uk,Lifestyle > Gifts and Flowers,3.1666666666666665
5875,26,flair.nl,Lifestyle > Gifts and Flowers,0.9
5876,27,myregistry.com,Lifestyle > Gifts and Flowers,3.1
5877,28,hema.com,Lifestyle > Gifts and Flowers,3.4833333333333334
5878,29,floweraura.com,Lifestyle > Gifts and Flowers,4.166666666666667
5879,30,bloomandwild.com,Lifestyle > Gifts and Flowers,2.8
5880,31,prestigeflowers.co.uk,Lifestyle > Gifts and Flowers,2.0166666666666666
5881,32,ftd.com,Lifestyle > Gifts and Flowers,3.3166666666666664
5882,33,teleflora.com,Lifestyle > Gifts and Flowers,4.416666666666667
5883,34,interflora.fr,Lifestyle > Gifts and Flowers,4.25
5884,35,personalizationmall.com,Lifestyle > Gifts and Flowers,3.466666666666667
5885,36,greetz.nl,Lifestyle > Gifts and Flowers,5.5
5886,37,avasflowers.net,Lifestyle > Gifts and Flowers,4.216666666666667
5887,38,bouqs.com,Lifestyle > Gifts and Flowers,2.05
5888,39,callie.com,Lifestyle > Gifts and Flowers,2.05
5889,40,parnassys.net,Lifestyle > Gifts and Flowers,4.733333333333333
5890,41,thortful.com,Lifestyle > Gifts and Flowers,3.7666666666666666
5891,42,bestpresent.jp,Lifestyle > Gifts and Flowers,1.9166666666666665
5892,43,interflora.co.uk,Lifestyle > Gifts and Flowers,3.4166666666666665
5893,44,tanp.jp,Lifestyle > Gifts and Flowers,2.8333333333333335
5894,45,123greetings.com,Lifestyle > Gifts and Flowers,2.9833333333333334
5895,46,hediyesepeti.com,Lifestyle > Gifts and Flowers,2.1666666666666665
5896,47,cardcash.com,Lifestyle > Gifts and Flowers,2.65
5897,48,mangomint.com,Lifestyle > Gifts and Flowers,2.966666666666667
5898,49,eflorist.co.uk,Lifestyle > Gifts and Flowers,3.2666666666666666
5899,50,kaartje2go.nl,Lifestyle > Gifts and Flowers,7.066666666666666
5900,1,pandora.net,Lifestyle > Jewelry and Luxury Products,3.3666666666666667
5901,2,familhao.com,Lifestyle > Jewelry and Luxury Products,1.85
5902,3,jomashop.com,Lifestyle > Jewelry and Luxury Products,3.85
5903,4,kay.com,Lifestyle > Jewelry and Luxury Products,3.45
5904,5,swarovski.com,Lifestyle > Jewelry and Luxury Products,2.966666666666667
5906,7,bluestone.com,Lifestyle > Jewelry and Luxury Products,1.0666666666666667
5907,8,pnj.com.vn,Lifestyle > Jewelry and Luxury Products,1.8333333333333335
5908,9,sunlight.net,Lifestyle > Jewelry and Luxury Products,2.95
5909,10,tanishq.co.in,Lifestyle > Jewelry and Luxury Products,2.716666666666667
5910,11,rolex.com,Lifestyle > Jewelry and Luxury Products,2.5666666666666664
5911,12,titan.co.in,Lifestyle > Jewelry and Luxury Products,2.4333333333333336
5912,13,brilliantearth.com,Lifestyle > Jewelry and Luxury Products,2.0833333333333335
5913,14,zales.com,Lifestyle > Jewelry and Luxury Products,2.95
5914,15,vivara.com.br,Lifestyle > Jewelry and Luxury Products,2.5166666666666666
5916,17,giva.co,Lifestyle > Jewelry and Luxury Products,2.7
5917,18,alltime.ru,Lifestyle > Jewelry and Luxury Products,2.5166666666666666
5918,19,chrono24.com,Lifestyle > Jewelry and Luxury Products,3.9833333333333334
5919,20,caratlane.com,Lifestyle > Jewelry and Luxury Products,1.7666666666666666
5920,21,monkeyd.com.vn,Lifestyle > Jewelry and Luxury Products,7.45
5922,23,jared.com,Lifestyle > Jewelry and Luxury Products,2.466666666666667
5923,24,jtv.com,Lifestyle > Jewelry and Luxury Products,5.533333333333333
5924,25,seikowatches.com,Lifestyle > Jewelry and Luxury Products,2.2333333333333334
5925,26,malabargoldanddiamonds.com,Lifestyle > Jewelry and Luxury Products,1.75
5926,27,shop.paireyewear.com,Lifestyle > Jewelry and Luxury Products,2.283333333333333
5927,28,fossil.com,Lifestyle > Jewelry and Luxury Products,2.533333333333333
5928,29,tissotwatches.com,Lifestyle > Jewelry and Luxury Products,2.466666666666667
5931,32,histoiredor.com,Lifestyle > Jewelry and Luxury Products,3.1666666666666665
5933,34,apart.pl,Lifestyle > Jewelry and Luxury Products,5.05
5936,37,btmc.vn,Lifestyle > Jewelry and Luxury Products,1.2666666666666666
5937,38,kendrascott.com,Lifestyle > Jewelry and Luxury Products,2.7666666666666666
5938,39,lvsl.ru,Lifestyle > Jewelry and Luxury Products,0.16666666666666666
5940,41,niwaka.com,Lifestyle > Jewelry and Luxury Products,1.85
5942,43,rarecarat.com,Lifestyle > Jewelry and Luxury Products,3.9
5943,44,hodinkee.com,Lifestyle > Jewelry and Luxury Products,1.4833333333333334
5946,47,vnvc.vn,Lifestyle > Jewelry and Luxury Products,1.7833333333333332
5948,49,fastrackeyewear.com,Lifestyle > Jewelry and Luxury Products,2.65
5949,50,grtjewels.com,Lifestyle > Jewelry and Luxury Products,2.183333333333333
6100,1,yahoo.com,News & Media Publishers,7.716666666666667
6101,2,yahoo.co.jp,News & Media Publishers,8.9
6102,3,naver.com,News & Media Publishers,16.066666666666666
6103,4,news.yahoo.co.jp,News & Media Publishers,6.816666666666666
6104,5,globo.com,News & Media Publishers,3.4833333333333334
6105,6,nytimes.com,News & Media Publishers,4.283333333333333
6106,7,bbc.co.uk,News & Media Publishers,4.85
6107,8,msn.com,News & Media Publishers,5.483333333333333
6108,9,cnn.com,News & Media Publishers,2.966666666666667
6109,10,bbc.com,News & Media Publishers,2.6666666666666665
6110,11,qq.com,News & Media Publishers,4.616666666666667
6111,12,news.google.com,News & Media Publishers,5.816666666666666
6112,13,uol.com.br,News & Media Publishers,6.166666666666667
6113,14,theguardian.com,News & Media Publishers,3.4333333333333336
6114,15,foxnews.com,News & Media Publishers,5.966666666666667
6115,16,infobae.com,News & Media Publishers,3.6333333333333333
6116,17,douyin.com,News & Media Publishers,9.25
6117,18,dailymail.co.uk,News & Media Publishers,4.016666666666667
6118,19,onet.pl,News & Media Publishers,5.25
6119,20,wp.pl,News & Media Publishers,6.383333333333334
6120,21,finance.yahoo.com,News & Media Publishers,5.266666666666667
6121,22,news.naver.com,News & Media Publishers,6.266666666666667
6122,23,auone.jp,News & Media Publishers,3.1666666666666665
6123,24,people.com,News & Media Publishers,2.033333333333333
6125,26,bild.de,News & Media Publishers,5.133333333333334
6126,27,detik.com,News & Media Publishers,3.4
6127,28,news.yahoo.com,News & Media Publishers,3.1
6128,29,news18.com,News & Media Publishers,1.75
6129,30,indiatimes.com,News & Media Publishers,2.8166666666666664
6130,31,t-online.de,News & Media Publishers,7.7
6131,32,usatoday.com,News & Media Publishers,1.95
6132,33,india.com,News & Media Publishers,1.7166666666666668
6133,34,163.com,News & Media Publishers,3.1333333333333333
6134,35,apnews.com,News & Media Publishers,1.9166666666666665
6135,36,aajtak.in,News & Media Publishers,3.6
6136,37,interia.pl,News & Media Publishers,4.683333333333334
6137,38,forbes.com,News & Media Publishers,0.9666666666666667
6138,39,nypost.com,News & Media Publishers,2.75
6139,40,n-tv.de,News & Media Publishers,4.466666666666667
6140,41,vnexpress.net,News & Media Publishers,4.716666666666667
6141,42,ndtv.com,News & Media Publishers,2.3666666666666667
6142,43,hindustantimes.com,News & Media Publishers,1.85
6143,44,substack.com,News & Media Publishers,3.15
6144,45,rbc.ru,News & Media Publishers,3.4833333333333334
6146,47,indianexpress.com,News & Media Publishers,2.5
6147,48,cnbc.com,News & Media Publishers,2.7666666666666666
6148,49,corriere.it,News & Media Publishers,6.283333333333333
6149,50,elpais.com,News & Media Publishers,3.6166666666666667
6500,1,wikipedia.org,Reference Materials > Dictionaries and Encyclopedias,3.3
6501,2,quora.com,Reference Materials > Dictionaries and Encyclopedias,1.7833333333333332
6502,3,deepl.com,Reference Materials > Dictionaries and Encyclopedias,10.033333333333333
6503,4,perplexity.ai,Reference Materials > Dictionaries and Encyclopedias,6.483333333333333
6504,5,sciencedirect.com,Reference Materials > Dictionaries and Encyclopedias,4.833333333333333
6505,6,eksisozluk.com,Reference Materials > Dictionaries and Encyclopedias,4.383333333333334
6506,7,merriam-webster.com,Reference Materials > Dictionaries and Encyclopedias,2.5
6507,8,reverso.net,Reference Materials > Dictionaries and Encyclopedias,5.016666666666667
6508,9,dictionary.cambridge.org,Reference Materials > Dictionaries and Encyclopedias,4.866666666666667
6509,10,britannica.com,Reference Materials > Dictionaries and Encyclopedias,2.4166666666666665
6510,11,wiktionary.org,Reference Materials > Dictionaries and Encyclopedias,2.5666666666666664
6511,12,wordreference.com,Reference Materials > Dictionaries and Encyclopedias,5.983333333333333
6512,13,word.tips,Reference Materials > Dictionaries and Encyclopedias,5.8
6514,15,thesaurus.com,Reference Materials > Dictionaries and Encyclopedias,3.8666666666666667
6515,16,urbandictionary.com,Reference Materials > Dictionaries and Encyclopedias,0.7666666666666667
6516,17,idos.cz,Reference Materials > Dictionaries and Encyclopedias,2.75
6517,18,email.cz,Reference Materials > Dictionaries and Encyclopedias,4.75
6518,19,gov.cz,Reference Materials > Dictionaries and Encyclopedias,4.516666666666667
6519,20,dictionary.com,Reference Materials > Dictionaries and Encyclopedias,2.05
6521,22,treccani.it,Reference Materials > Dictionaries and Encyclopedias,1.5333333333333332
6522,23,dictionary.goo.ne.jp,Reference Materials > Dictionaries and Encyclopedias,2.15
6523,24,pons.com,Reference Materials > Dictionaries and Encyclopedias,4.233333333333333
6524,25,kotobank.jp,Reference Materials > Dictionaries and Encyclopedias,1.5166666666666666
6525,26,glosbe.com,Reference Materials > Dictionaries and Encyclopedias,3.5833333333333335
6526,27,wordhippo.com,Reference Materials > Dictionaries and Encyclopedias,3.1
6527,28,collinsdictionary.com,Reference Materials > Dictionaries and Encyclopedias,1.9833333333333334
6528,29,wikisource.org,Reference Materials > Dictionaries and Encyclopedias,2.4
6529,30,almaany.com,Reference Materials > Dictionaries and Encyclopedias,2.6166666666666667
6530,31,spanishdict.com,Reference Materials > Dictionaries and Encyclopedias,6.983333333333333
6531,32,leo.org,Reference Materials > Dictionaries and Encyclopedias,6.333333333333333
6532,33,bab.la,Reference Materials > Dictionaries and Encyclopedias,1.5
6533,34,oxfordlearnersdictionaries.com,Reference Materials > Dictionaries and Encyclopedias,5.683333333333334
6534,35,kartaslov.ru,Reference Materials > Dictionaries and Encyclopedias,2.15
6535,36,imagetotext.info,Reference Materials > Dictionaries and Encyclopedias,2.45
6536,37,alc.co.jp,Reference Materials > Dictionaries and Encyclopedias,5.45
6537,38,larousse.fr,Reference Materials > Dictionaries and Encyclopedias,1.7666666666666666
6538,39,yourdictionary.com,Reference Materials > Dictionaries and Encyclopedias,5.133333333333334
6539,40,scielo.br,Reference Materials > Dictionaries and Encyclopedias,3.05
6540,41,dict.cc,Reference Materials > Dictionaries and Encyclopedias,6.066666666666666
6541,42,rekhta.org,Reference Materials > Dictionaries and Encyclopedias,1.6833333333333333
6542,43,firmy.cz,Reference Materials > Dictionaries and Encyclopedias,2.15
6543,44,tureng.com,Reference Materials > Dictionaries and Encyclopedias,5.533333333333333
6544,45,dexonline.ro,Reference Materials > Dictionaries and Encyclopedias,2.2333333333333334
6546,47,rhymezone.com,Reference Materials > Dictionaries and Encyclopedias,6.083333333333333
6547,48,shabdkosh.com,Reference Materials > Dictionaries and Encyclopedias,1.3833333333333333
6548,49,squaredle.app,Reference Materials > Dictionaries and Encyclopedias,9.866666666666667
6549,50,thefreedictionary.com,Reference Materials > Dictionaries and Encyclopedias,2.466666666666667
6650,1,wikimedia.org,Reference Materials > Reference Materials - Other,1.9
6651,2,wikihow.com,Reference Materials > Reference Materials - Other,1.1
6652,3,wikiwiki.jp,Reference Materials > Reference Materials - Other,6.283333333333333
6653,4,gramedia.com,Reference Materials > Reference Materials - Other,1.15
6654,5,pagesjaunes.fr,Reference Materials > Reference Materials - Other,1.8666666666666667
6655,6,laposte.net,Reference Materials > Reference Materials - Other,7.916666666666667
6656,7,proquest.com,Reference Materials > Reference Materials - Other,7.483333333333333
6657,8,noor-book.com,Reference Materials > Reference Materials - Other,2.55
6658,9,time.is,Reference Materials > Reference Materials - Other,5.516666666666667
6659,10,amalgama-lab.com,Reference Materials > Reference Materials - Other,1.4666666666666668
6660,11,manualslib.com,Reference Materials > Reference Materials - Other,3.05
6661,12,rapidtables.com,Reference Materials > Reference Materials - Other,2.9
6662,13,azet.sk,Reference Materials > Reference Materials - Other,12.1
6663,14,kompasiana.com,Reference Materials > Reference Materials - Other,2.9833333333333334
6665,16,meteored.mx,Reference Materials > Reference Materials - Other,1.2166666666666668
6666,17,worldcat.org,Reference Materials > Reference Materials - Other,3.9833333333333334
6667,18,xo.gr,Reference Materials > Reference Materials - Other,1.55
6668,19,ukrlib.com.ua,Reference Materials > Reference Materials - Other,3.2333333333333334
6669,20,worldometers.info,Reference Materials > Reference Materials - Other,1.1
6671,22,wikidata.org,Reference Materials > Reference Materials - Other,1.5166666666666666
6672,23,lexilogos.com,Reference Materials > Reference Materials - Other,2.033333333333333
6673,24,yabiladi.com,Reference Materials > Reference Materials - Other,5.0
6674,25,brainyquote.com,Reference Materials > Reference Materials - Other,1.65
6675,26,ebscohost.com,Reference Materials > Reference Materials - Other,4.483333333333333
6676,27,wikiquote.org,Reference Materials > Reference Materials - Other,1.25
6677,28,shamela.ws,Reference Materials > Reference Materials - Other,2.6666666666666665
6678,29,pkup.fr,Reference Materials > Reference Materials - Other,2.1666666666666665
6679,30,azquotes.com,Reference Materials > Reference Materials - Other,2.15
6681,32,alukah.net,Reference Materials > Reference Materials - Other,1.75
6682,33,mensagemaniversario.com.br,Reference Materials > Reference Materials - Other,1.0
6683,34,aldiwan.net,Reference Materials > Reference Materials - Other,1.8666666666666667
6684,35,toolforge.org,Reference Materials > Reference Materials - Other,1.4166666666666667
6686,37,inwi.ma,Reference Materials > Reference Materials - Other,2.95
6687,38,foulabook.com,Reference Materials > Reference Materials - Other,1.6833333333333333
6688,39,spellbee.org,Reference Materials > Reference Materials - Other,5.533333333333333
6691,42,lifeder.com,Reference Materials > Reference Materials - Other,2.0166666666666666
6692,43,famikura-store.jp,Reference Materials > Reference Materials - Other,4.016666666666667
6693,44,jitenon.jp,Reference Materials > Reference Materials - Other,3.9166666666666665
6694,45,mots-croises-solutions.com,Reference Materials > Reference Materials - Other,2.35
6695,46,login.gov.az,Reference Materials > Reference Materials - Other,6.3
6696,47,guinnessworldrecords.com,Reference Materials > Reference Materials - Other,0.7833333333333333
6698,49,lovetoknow.com,Reference Materials > Reference Materials - Other,1.0333333333333334
6699,50,citaty.net,Reference Materials > Reference Materials - Other,1.45
6700,1,timeanddate.com,Science and Education > Astronomy,1.5
6701,2,printables.com,Science and Education > Astronomy,5.0
6702,3,space.com,Science and Education > Astronomy,1.0166666666666666
6703,4,dailygalaxy.com,Science and Education > Astronomy,0.9166666666666666
6704,5,spaceweatherlive.com,Science and Education > Astronomy,1.0833333333333333
6706,7,cloudynights.com,Science and Education > Astronomy,5.0
6707,8,zeiss.com,Science and Education > Astronomy,4.133333333333334
6708,9,myflixer.is,Science and Education > Astronomy,7.366666666666666
6709,10,earthsky.org,Science and Education > Astronomy,0.8166666666666667
6710,11,moongiant.com,Science and Education > Astronomy,0.9333333333333333
6711,12,astronomy.com,Science and Education > Astronomy,1.0333333333333334
6712,13,spaceweather.com,Science and Education > Astronomy,1.1333333333333333
6713,14,skyatnightmagazine.com,Science and Education > Astronomy,0.75
6714,15,sab.gov.co,Science and Education > Astronomy,3.5666666666666664
6715,16,highpointscientific.com,Science and Education > Astronomy,3.0
6716,17,clearoutside.com,Science and Education > Astronomy,2.466666666666667
6717,18,skyandtelescope.org,Science and Education > Astronomy,0.75
6718,19,nasaspaceflight.com,Science and Education > Astronomy,3.466666666666667
6720,21,eso.org,Science and Education > Astronomy,1.9833333333333334
6721,22,astrobin.com,Science and Education > Astronomy,4.016666666666667
6722,23,celestron.com,Science and Education > Astronomy,2.1666666666666665
6723,24,planetary.org,Science and Education > Astronomy,0.7666666666666667
6724,25,heavens-above.com,Science and Education > Astronomy,2.3
6725,26,jhuapl.edu,Science and Education > Astronomy,3.4833333333333334
6726,27,aanda.org,Science and Education > Astronomy,2.05
6728,29,webbtelescope.org,Science and Education > Astronomy,1.4833333333333334
6729,30,hubblesite.org,Science and Education > Astronomy,1.3
6730,31,nextspaceflight.com,Science and Education > Astronomy,0.95
6732,33,astrogeo.va.it,Science and Education > Astronomy,0.26666666666666666
6733,34,agenaastro.com,Science and Education > Astronomy,1.5333333333333332
6734,35,stsci.edu,Science and Education > Astronomy,21.75
6735,36,astronomy.ru,Science and Education > Astronomy,5.716666666666667
6736,37,aas.org,Science and Education > Astronomy,1.4666666666666668
6737,38,in-the-sky.org,Science and Education > Astronomy,1.0333333333333334
6738,39,griffithobservatory.org,Science and Education > Astronomy,1.1
6739,40,firstlightoptics.com,Science and Education > Astronomy,2.3666666666666667
6740,41,clockfaceonline.co.uk,Science and Education > Astronomy,1.1166666666666667
6741,42,astronomie.de,Science and Education > Astronomy,6.233333333333333
6742,43,nineplanets.org,Science and Education > Astronomy,0.48333333333333334
6743,44,solarsystemscope.com,Science and Education > Astronomy,0.8333333333333334
6744,45,astronet.ru,Science and Education > Astronomy,1.1166666666666667
6745,46,obspm.fr,Science and Education > Astronomy,3.65
6746,47,stelvision.com,Science and Education > Astronomy,0.8833333333333333
6747,48,newscientist.nl,Science and Education > Astronomy,1.7333333333333334
6749,50,vinayuppal.com,Science and Education > Astronomy,7.016666666666667
6750,1,nature.com,Science and Education > Biology,3.25
6751,2,oup.com,Science and Education > Biology,2.7
6752,3,frontiersin.org,Science and Education > Biology,2.5666666666666664
6753,4,biomedcentral.com,Science and Education > Biology,2.1666666666666665
6754,5,doodle.com,Science and Education > Biology,2.7
6755,6,doi.org,Science and Education > Biology,1.6666666666666665
6756,7,springernature.com,Science and Education > Biology,3.1666666666666665
6757,8,cell.com,Science and Education > Biology,2.716666666666667
6758,9,inaturalist.org,Science and Education > Biology,5.516666666666667
6759,10,z-lib.id,Science and Education > Biology,2.5166666666666666
6760,11,silverchair.com,Science and Education > Biology,1.7666666666666666
6762,13,letpub.com.cn,Science and Education > Biology,3.8333333333333335
6763,14,aspca.org,Science and Education > Biology,0.9666666666666667
6764,15,biorender.com,Science and Education > Biology,5.516666666666667
6765,16,a-z-animals.com,Science and Education > Biology,0.85
6766,17,iris.go.kr,Science and Education > Biology,5.3
6767,18,benchling.com,Science and Education > Biology,8.033333333333333
6768,19,charite.de,Science and Education > Biology,4.983333333333333
6769,20,sciquest.com,Science and Education > Biology,9.7
6770,21,cmu.edu.tw,Science and Education > Biology,2.5666666666666664
6772,23,ut.ee,Science and Education > Biology,7.966666666666667
6773,24,hubermanlab.com,Science and Education > Biology,3.283333333333333
6775,26,asm.org,Science and Education > Biology,2.1166666666666667
6776,27,ebi.ac.uk,Science and Education > Biology,5.116666666666666
6777,28,volgistics.com,Science and Education > Biology,4.433333333333334
6778,29,atyponrex.com,Science and Education > Biology,5.433333333333334
6779,30,europepmc.org,Science and Education > Biology,1.4833333333333334
6780,31,bio-faq.ru,Science and Education > Biology,2.5833333333333335
6781,32,rcsb.org,Science and Education > Biology,3.8666666666666667
6782,33,researchsquare.com,Science and Education > Biology,1.1333333333333333
6783,34,endnote.com,Science and Education > Biology,3.183333333333333
6784,35,amrita.edu,Science and Education > Biology,3.6333333333333333
6785,36,kew.org,Science and Education > Biology,3.45
6787,38,genome.gov,Science and Education > Biology,1.3166666666666667
6788,39,paperpile.com,Science and Education > Biology,7.183333333333334
6789,40,royalsocietypublishing.org,Science and Education > Biology,1.4
6790,41,sci-hub.pub,Science and Education > Biology,1.15
6791,42,ablesci.com,Science and Education > Biology,4.666666666666667
6792,43,sandiegozoo.org,Science and Education > Biology,2.95
6793,44,biospace.com,Science and Education > Biology,1.3166666666666667
6794,45,physiology.org,Science and Education > Biology,1.95
6795,46,cabidigitallibrary.org,Science and Education > Biology,1.3166666666666667
6796,47,int-res.com,Science and Education > Biology,0.4166666666666667
6797,48,ibric.org,Science and Education > Biology,2.6333333333333333
6798,49,wellesu.com,Science and Education > Biology,4.45
6799,50,retractionwatch.com,Science and Education > Biology,1.3166666666666667
6800,1,oreilly.com,Science and Education > Business Training,5.6
6801,2,tac-school.co.jp,Science and Education > Business Training,3.95
6802,3,tafensw.edu.au,Science and Education > Business Training,4.616666666666667
6803,4,u-can.co.jp,Science and Education > Business Training,2.0166666666666666
6804,5,allfloridasafetyinstitute.com,Science and Education > Business Training,1.5
6805,6,iata.org,Science and Education > Business Training,3.533333333333333
6806,7,kakomonn.com,Science and Education > Business Training,14.383333333333333
6807,8,niidpo.ru,Science and Education > Business Training,5.05
6808,9,c-c-j.com,Science and Education > Business Training,2.55
6809,10,lec-jp.com,Science and Education > Business Training,5.333333333333333
6810,11,hogent.be,Science and Education > Business Training,8.233333333333333
6811,12,cbt-s.com,Science and Education > Business Training,2.8666666666666667
6812,13,torrens.edu.au,Science and Education > Business Training,5.933333333333334
6813,14,open.edu.au,Science and Education > Business Training,2.65
6815,16,foresight.jp,Science and Education > Business Training,10.35
6816,17,u-can.jp,Science and Education > Business Training,8.983333333333333
6817,18,teambuilding.com,Science and Education > Business Training,0.9
6818,19,sanko.ac.jp,Science and Education > Business Training,5.4
6819,20,northmetrotafe.wa.edu.au,Science and Education > Business Training,4.4
6820,21,kentei.ne.jp,Science and Education > Business Training,3.2666666666666666
6822,23,provincedeliege.be,Science and Education > Business Training,3.0833333333333335
6823,24,kdg.be,Science and Education > Business Training,8.366666666666667
6824,25,hermods.se,Science and Education > Business Training,7.0
6826,27,careers.duolingo.com,Science and Education > Business Training,1.65
6827,28,pxl.be,Science and Education > Business Training,8.283333333333333
6828,29,idrivesafely.com,Science and Education > Business Training,13.25
6830,31,highspeedtraining.co.uk,Science and Education > Business Training,6.916666666666667
6831,32,vives.be,Science and Education > Business Training,2.1666666666666665
6832,33,tds.ms,Science and Education > Business Training,6.166666666666667
6833,34,myhumandesign.com,Science and Education > Business Training,3.0
6834,35,studentarteveldehsbe.sharepoint.com,Science and Education > Business Training,4.8
6835,36,arteveldehogeschool.be,Science and Education > Business Training,2.6333333333333333
6836,37,wbstraining.de,Science and Education > Business Training,4.033333333333333
6837,38,nti.nl,Science and Education > Business Training,2.8833333333333333
6838,39,uprav.ru,Science and Education > Business Training,4.783333333333333
6839,40,vinci.be,Science and Education > Business Training,6.4
6840,41,convenia.com.br,Science and Education > Business Training,2.6666666666666665
6841,42,crear-ac.co.jp,Science and Education > Business Training,3.3833333333333333
6843,44,henallux.be,Science and Education > Business Training,2.783333333333333
6844,45,helha.be,Science and Education > Business Training,4.783333333333333
6845,46,ucll.be,Science and Education > Business Training,2.716666666666667
6846,47,superprof.be,Science and Education > Business Training,2.8
6847,48,cityandguilds.com,Science and Education > Business Training,2.066666666666667
6848,49,ehb.be,Science and Education > Business Training,6.333333333333333
6849,50,pic-chan.net,Science and Education > Business Training,4.066666666666666
6850,1,acs.org,Science and Education > Chemistry,4.45
6851,2,osmanonline.info,Science and Education > Chemistry,7.233333333333333
6853,4,rsc.org,Science and Education > Chemistry,3.5666666666666664
6854,5,acetyl.ru,Science and Education > Chemistry,2.8833333333333333
6855,6,libgenesis.net,Science and Education > Chemistry,1.5666666666666667
6856,7,chemicalbook.com,Science and Education > Chemistry,4.55
6857,8,x-mol.com,Science and Education > Chemistry,6.433333333333334
6858,9,ptable.com,Science and Education > Chemistry,1.3333333333333333
6860,11,fishersci.com,Science and Education > Chemistry,3.1333333333333333
6861,12,cas.org,Science and Education > Chemistry,8.116666666666667
6862,13,chemicalaid.com,Science and Education > Chemistry,2.066666666666667
6863,14,aktiv.com,Science and Education > Chemistry,5.65
6864,15,vwr.com,Science and Education > Chemistry,2.7
6866,17,masterorganicchemistry.com,Science and Education > Chemistry,1.8666666666666667
6867,18,chemequations.com,Science and Education > Chemistry,2.8833333333333333
6868,19,merckmillipore.com,Science and Education > Chemistry,2.1666666666666665
6869,20,antpedia.com,Science and Education > Chemistry,3.0
6870,21,webqc.org,Science and Education > Chemistry,1.5166666666666666
6871,22,studymind.co.uk,Science and Education > Chemistry,1.7333333333333334
6872,23,sciencenotes.org,Science and Education > Chemistry,1.1333333333333333
6874,25,sovety-tut.ru,Science and Education > Chemistry,0.35
6875,26,chemrevise.org,Science and Education > Chemistry,3.033333333333333
6876,27,eurofins.com,Science and Education > Chemistry,8.233333333333333
6877,28,carlroth.com,Science and Education > Chemistry,2.1
6878,29,chemistryworld.com,Science and Education > Chemistry,1.1666666666666667
6879,30,instrument.com.cn,Science and Education > Chemistry,1.8333333333333335
6880,31,thermofisher.cn,Science and Education > Chemistry,4.433333333333334
6882,33,chemie.de,Science and Education > Chemistry,1.65
6885,36,avantorsciences.com,Science and Education > Chemistry,3.033333333333333
6886,37,chemege.ru,Science and Education > Chemistry,4.616666666666667
6887,38,knowunity.de,Science and Education > Chemistry,2.1666666666666665
6889,40,reaxys.com,Science and Education > Chemistry,7.316666666666666
6890,41,chemspider.com,Science and Education > Chemistry,1.7833333333333332
6891,42,chemguide.co.uk,Science and Education > Chemistry,2.1
6892,43,chem-station.com,Science and Education > Chemistry,3.066666666666667
6893,44,bruker.com,Science and Education > Chemistry,1.8166666666666667
6894,45,sci-hub.mk,Science and Education > Chemistry,1.7666666666666666
6895,46,scihub.net.cn,Science and Education > Chemistry,1.8333333333333335
6896,47,lernhelfer.de,Science and Education > Chemistry,0.9666666666666667
6897,48,fz-juelich.de,Science and Education > Chemistry,3.9833333333333334
6898,49,clackamas.edu,Science and Education > Chemistry,8.416666666666666
6899,50,pharmdbm.com,Science and Education > Chemistry,4.466666666666667
6901,2,ingv.it,Science and Education > Earth Sciences,6.733333333333333
6902,3,zamg.ac.at,Science and Education > Earth Sciences,1.6333333333333333
6903,4,volcanodiscovery.com,Science and Education > Earth Sciences,1.7333333333333334
6904,5,hcmr.gr,Science and Education > Earth Sciences,1.7666666666666666
6905,6,nationalgeographic.org,Science and Education > Earth Sciences,1.25
6906,7,geology.com,Science and Education > Earth Sciences,1.4
6907,8,copernicus.eu,Science and Education > Earth Sciences,7.666666666666667
6908,9,topographic-map.com,Science and Education > Earth Sciences,2.9
6909,10,copernicus.org,Science and Education > Earth Sciences,2.3166666666666664
6911,12,mindat.org,Science and Education > Earth Sciences,2.6333333333333333
6912,13,ncees.org,Science and Education > Earth Sciences,4.7
6913,14,kadaster.nl,Science and Education > Earth Sciences,5.2
6914,15,ucar.edu,Science and Education > Earth Sciences,7.05
6915,16,iris.edu,Science and Education > Earth Sciences,5.4
6916,17,ign.es,Science and Education > Earth Sciences,1.5833333333333335
6917,18,emsc-csem.org,Science and Education > Earth Sciences,2.3166666666666664
6918,19,trustmyscience.com,Science and Education > Earth Sciences,1.15
6919,20,wmo.int,Science and Education > Earth Sciences,1.2
6920,21,allmetsat.com,Science and Education > Earth Sciences,0.9666666666666667
6921,22,vulkane.net,Science and Education > Earth Sciences,2.3666666666666667
6922,23,meteo.fr,Science and Education > Earth Sciences,1.3166666666666667
6923,24,gisgeography.com,Science and Education > Earth Sciences,1.05
6924,25,rics.org,Science and Education > Earth Sciences,6.466666666666667
6927,28,sentinel-hub.com,Science and Education > Earth Sciences,3.7666666666666666
6928,29,ready.gov,Science and Education > Earth Sciences,1.3166666666666667
6929,30,ametsoc.org,Science and Education > Earth Sciences,1.9333333333333333
6930,31,bgs.ac.uk,Science and Education > Earth Sciences,1.4166666666666667
6933,34,ngac.cn,Science and Education > Earth Sciences,0.13333333333333333
6934,35,kiost.ac.kr,Science and Education > Earth Sciences,10.45
6935,36,nsidc.org,Science and Education > Earth Sciences,0.9166666666666666
6936,37,geonet.org.nz,Science and Education > Earth Sciences,1.8833333333333333
6937,38,leica-geosystems.com,Science and Education > Earth Sciences,3.033333333333333
6938,39,geoscienceworld.org,Science and Education > Earth Sciences,1.6666666666666665
6939,40,whoi.edu,Science and Education > Earth Sciences,1.0666666666666667
6940,41,serbianmeteo.com,Science and Education > Earth Sciences,2.9333333333333336
6941,42,gfz-potsdam.de,Science and Education > Earth Sciences,5.466666666666667
6942,43,geologyscience.com,Science and Education > Earth Sciences,1.1833333333333333
6944,45,forgerock.io,Science and Education > Earth Sciences,1.9666666666666668
6945,46,onepetro.org,Science and Education > Earth Sciences,1.7833333333333332
6946,47,geokniga.org,Science and Education > Earth Sciences,1.15
6947,48,spe.org,Science and Education > Earth Sciences,1.2
6948,49,ga.gov.au,Science and Education > Earth Sciences,1.5666666666666667
6949,50,agu.org,Science and Education > Earth Sciences,1.7666666666666666
6950,1,instructure.com,Science and Education > Education,9.316666666666666
6951,2,scribd.com,Science and Education > Education,2.9833333333333334
6952,3,clever.com,Science and Education > Education,3.466666666666667
6953,4,quizlet.com,Science and Education > Education,6.616666666666667
6955,6,udemy.com,Science and Education > Education,9.433333333333334
6956,7,byjus.com,Science and Education > Education,1.9666666666666668
6957,8,blackboard.com,Science and Education > Education,7.583333333333333
6958,9,vietjack.com,Science and Education > Education,9.333333333333334
6959,10,duolingo.com,Science and Education > Education,8.833333333333334
6960,11,schoology.com,Science and Education > Education,8.3
6961,12,gdz.ru,Science and Education > Education,5.9
6962,13,grammarly.com,Science and Education > Education,2.65
6963,14,dnevnik.ru,Science and Education > Education,5.683333333333334
6964,15,quizizz.com,Science and Education > Education,9.366666666666667
6965,16,jagranjosh.com,Science and Education > Education,2.0166666666666666
6966,17,studocu.com,Science and Education > Education,3.05
6967,18,uchi.ru,Science and Education > Education,9.666666666666666
6968,19,pearson.com,Science and Education > Education,8.233333333333333
6969,20,index-education.net,Science and Education > Education,2.7333333333333334
6970,21,k12.com,Science and Education > Education,17.15
6971,22,coursera.org,Science and Education > Education,10.95
6972,23,librus.pl,Science and Education > Education,4.233333333333333
6973,24,blooket.com,Science and Education > Education,10.533333333333333
6974,25,wordwall.net,Science and Education > Education,5.266666666666667
6975,26,powerschool.com,Science and Education > Education,6.916666666666667
6976,27,pw.live,Science and Education > Education,7.633333333333333
6977,28,sdamgia.ru,Science and Education > Education,7.85
6978,29,ixl.com,Science and Education > Education,9.166666666666666
6979,30,nta.nic.in,Science and Education > Education,5.433333333333334
6980,31,mheducation.com,Science and Education > Education,12.65
6981,32,benesse.ne.jp,Science and Education > Education,2.6833333333333336
6982,33,unam.mx,Science and Education > Education,4.466666666666667
6983,34,infourok.ru,Science and Education > Education,3.3
6984,35,examinationservices.nic.in,Science and Education > Education,12.05
6985,36,brightspace.com,Science and Education > Education,9.366666666666667
6986,37,academia.edu,Science and Education > Education,2.2
6988,39,reshak.ru,Science and Education > Education,5.583333333333333
6990,41,vedantu.com,Science and Education > Education,2.4
6991,42,loigiaihay.com,Science and Education > Education,4.433333333333334
6992,43,khanacademy.org,Science and Education > Education,8.233333333333333
6993,44,brainly.in,Science and Education > Education,2.8
6994,45,education.gouv.fr,Science and Education > Education,1.9833333333333334
6995,46,signupgenius.com,Science and Education > Education,2.8166666666666664
6996,47,cherrycreekschools.org,Science and Education > Education,8.783333333333333
6997,48,nsportal.ru,Science and Education > Education,3.716666666666667
6998,49,padlet.com,Science and Education > Education,4.7
6999,50,selfstudys.com,Science and Education > Education,4.95
7000,1,usda.gov,Science and Education > Environmental Science,3.0166666666666666
7001,2,earth.com,Science and Education > Environmental Science,1.55
7002,3,scielo.org.mx,Science and Education > Environmental Science,1.9166666666666665
7004,5,usherbrooke.ca,Science and Education > Environmental Science,5.466666666666667
7005,6,ewg.org,Science and Education > Environmental Science,2.783333333333333
7006,7,cnrs.fr,Science and Education > Environmental Science,4.35
7008,9,ibge.gov.br,Science and Education > Environmental Science,4.983333333333333
7009,10,scielo.org.co,Science and Education > Environmental Science,1.8
7010,11,dost.gov.ph,Science and Education > Environmental Science,1.8166666666666667
7011,12,cas.cn,Science and Education > Environmental Science,3.0166666666666666
7012,13,nabu.de,Science and Education > Environmental Science,1.45
7013,14,greenpeace.org,Science and Education > Environmental Science,1.4833333333333334
7014,15,world.org,Science and Education > Environmental Science,1.8333333333333335
7015,16,ecoportal.net,Science and Education > Environmental Science,1.1333333333333333
7016,17,worldanimalfoundation.org,Science and Education > Environmental Science,1.5333333333333332
7017,18,ecologiaverde.com,Science and Education > Environmental Science,3.2
7018,19,worldwildlife.org,Science and Education > Environmental Science,1.3166666666666667
7020,21,mongabay.com,Science and Education > Environmental Science,0.95
7021,22,treehugger.com,Science and Education > Environmental Science,0.8666666666666667
7022,23,fws.gov,Science and Education > Environmental Science,1.8166666666666667
7023,24,miteco.gob.es,Science and Education > Environmental Science,2.5833333333333335
7024,25,enbw.com,Science and Education > Environmental Science,3.5666666666666664
7026,27,cas.cz,Science and Education > Environmental Science,4.916666666666667
7027,28,conicet.gov.ar,Science and Education > Environmental Science,4.5
7028,29,nature.org,Science and Education > Environmental Science,1.6333333333333333
7029,30,climate-data.org,Science and Education > Environmental Science,1.0
7030,31,woodlandtrust.org.uk,Science and Education > Environmental Science,1.5833333333333335
7031,32,nationalacademies.org,Science and Education > Environmental Science,2.0
7033,34,slu.se,Science and Education > Environmental Science,3.95
7034,35,australian.museum,Science and Education > Environmental Science,1.0666666666666667
7036,37,ucanr.edu,Science and Education > Environmental Science,1.2
7037,38,nrdc.org,Science and Education > Environmental Science,1.7
7038,39,earth.org,Science and Education > Environmental Science,1.1
7039,40,dnv.com,Science and Education > Environmental Science,4.083333333333333
7040,41,ewisa.co.za,Science and Education > Environmental Science,1.3166666666666667
7041,42,climate.gov,Science and Education > Environmental Science,0.9666666666666667
7042,43,acciona.com,Science and Education > Environmental Science,0.8666666666666667
7043,44,ajol.info,Science and Education > Environmental Science,0.95
7044,45,greenmatters.com,Science and Education > Environmental Science,0.6666666666666666
7045,46,framaforms.org,Science and Education > Environmental Science,4.016666666666667
7046,47,ipcc.ch,Science and Education > Environmental Science,2.05
7048,49,obmep.org.br,Science and Education > Environmental Science,6.366666666666666
7049,50,frontlinewildfire.com,Science and Education > Environmental Science,0.8166666666666667
7050,1,sparxmaths.com,Science and Education > Grants Scholarships and Financial Aid,1.4833333333333334
7051,2,youthopportunitieshub.com,Science and Education > Grants Scholarships and Financial Aid,2.8
7052,3,txst.edu,Science and Education > Grants Scholarships and Financial Aid,2.1
7053,4,bold.org,Science and Education > Grants Scholarships and Financial Aid,3.716666666666667
7054,5,daadscholarship.com,Science and Education > Grants Scholarships and Financial Aid,1.1
7056,7,scholarships.com,Science and Education > Grants Scholarships and Financial Aid,4.0
7058,9,scholarships365.info,Science and Education > Grants Scholarships and Financial Aid,2.2
7059,10,scholarshipdb.net,Science and Education > Grants Scholarships and Financial Aid,3.066666666666667
7060,11,webportalapp.com,Science and Education > Grants Scholarships and Financial Aid,5.133333333333334
7061,12,opportunitydesk.org,Science and Education > Grants Scholarships and Financial Aid,1.5
7062,13,chevening.org,Science and Education > Grants Scholarships and Financial Aid,1.9333333333333333
7063,14,awardspring.com,Science and Education > Grants Scholarships and Financial Aid,3.966666666666667
7064,15,mykaleidoscope.com,Science and Education > Grants Scholarships and Financial Aid,5.5
7065,16,scholarshipowl.com,Science and Education > Grants Scholarships and Financial Aid,2.6833333333333336
7066,17,scholarsapply.org,Science and Education > Grants Scholarships and Financial Aid,4.416666666666667
7067,18,sallie.com,Science and Education > Grants Scholarships and Financial Aid,2.15
7068,19,scholarshiproar.com,Science and Education > Grants Scholarships and Financial Aid,1.1166666666666667
7069,20,scholarshipsads.com,Science and Education > Grants Scholarships and Financial Aid,1.4
7071,22,studyaustralia.gov.au,Science and Education > Grants Scholarships and Financial Aid,1.55
7072,23,gatescambridge.org,Science and Education > Grants Scholarships and Financial Aid,0.8
7073,24,opportunitiespedia.com,Science and Education > Grants Scholarships and Financial Aid,0.7833333333333333
7074,25,universityguru.com,Science and Education > Grants Scholarships and Financial Aid,1.05
7075,26,fellowshipbard.com,Science and Education > Grants Scholarships and Financial Aid,1.4
7076,27,opportunitiesforafricans.com,Science and Education > Grants Scholarships and Financial Aid,1.8666666666666667
7077,28,communityforce.com,Science and Education > Grants Scholarships and Financial Aid,6.8
7078,29,utahtech.edu,Science and Education > Grants Scholarships and Financial Aid,2.3833333333333333
7080,31,scholars4dev.com,Science and Education > Grants Scholarships and Financial Aid,1.8333333333333335
7082,33,fafsa.gov,Science and Education > Grants Scholarships and Financial Aid,0.05
7083,34,afterschoolafrica.com,Science and Education > Grants Scholarships and Financial Aid,0.9666666666666667
7084,35,iefa.org,Science and Education > Grants Scholarships and Financial Aid,1.2
7085,36,ascentfunding.com,Science and Education > Grants Scholarships and Financial Aid,2.7666666666666666
7086,37,uncf.org,Science and Education > Grants Scholarships and Financial Aid,3.6
7087,38,gilmanscholarship.org,Science and Education > Grants Scholarships and Financial Aid,1.5833333333333335
7088,39,globalscholarships.com,Science and Education > Grants Scholarships and Financial Aid,1.2666666666666666
7089,40,elmin7a.com,Science and Education > Grants Scholarships and Financial Aid,0.95
7090,41,unischolars.com,Science and Education > Grants Scholarships and Financial Aid,2.6666666666666665
7091,42,ubastudent.online,Science and Education > Grants Scholarships and Financial Aid,2.6666666666666665
7092,43,meindaad.de,Science and Education > Grants Scholarships and Financial Aid,2.5
7093,44,oyaop.com,Science and Education > Grants Scholarships and Financial Aid,0.8666666666666667
7094,45,paradigmshift.com.pk,Science and Education > Grants Scholarships and Financial Aid,2.4
7095,46,usefp.org,Science and Education > Grants Scholarships and Financial Aid,1.6166666666666667
7096,47,cdm.edu.eg,Science and Education > Grants Scholarships and Financial Aid,2.8166666666666664
7097,48,pickascholarship.com,Science and Education > Grants Scholarships and Financial Aid,1.8166666666666667
7098,49,nationalhonorsociety.org,Science and Education > Grants Scholarships and Financial Aid,1.45
7099,50,bayer-foundation.com,Science and Education > Grants Scholarships and Financial Aid,1.2833333333333332
7100,1,archives.gov,Science and Education > History,2.3333333333333335
7101,2,worldhistory.org,Science and Education > History,4.866666666666667
7102,3,alternatehistory.com,Science and Education > History,8.183333333333334
7103,4,cervantesvirtual.com,Science and Education > History,1.8
7104,5,ducksters.com,Science and Education > History,2.85
7105,6,histrf.ru,Science and Education > History,1.25
7106,7,historianet.nl,Science and Education > History,2.7333333333333334
7107,8,historyquiz.com,Science and Education > History,3.716666666666667
7108,9,besthistorysites.net,Science and Education > History,1.1666666666666667
7110,11,timetoast.com,Science and Education > History,2.1333333333333333
7111,12,annefrank.org,Science and Education > History,1.7833333333333332
7112,13,freeupsc.org,Science and Education > History,2.75
7115,16,smarthistory.org,Science and Education > History,2.6833333333333336
7116,17,battlefields.org,Science and Education > History,1.35
7117,18,historyextra.com,Science and Education > History,0.8166666666666667
7118,19,vle.lt,Science and Education > History,2.066666666666667
7119,20,diletant.media,Science and Education > History,1.3333333333333333
7120,21,historyhit.com,Science and Education > History,0.7833333333333333
7121,22,edelvivesdigitalplus.com,Science and Education > History,4.733333333333333
7122,23,whitehousehistory.org,Science and Education > History,0.7333333333333333
7123,24,mountvernon.org,Science and Education > History,1.55
7124,25,millercenter.org,Science and Education > History,1.2833333333333332
7125,26,deutsche-digitale-bibliothek.de,Science and Education > History,1.65
7126,27,americanyawp.com,Science and Education > History,4.4
7127,28,biografiasyvidas.com,Science and Education > History,2.5166666666666666
7128,29,historic-uk.com,Science and Education > History,0.8333333333333334
7129,30,neh.gov,Science and Education > History,3.3833333333333333
7130,31,bushoojapan.com,Science and Education > History,4.666666666666667
7131,32,sutori.com,Science and Education > History,1.4166666666666667
7132,33,womenshistory.org,Science and Education > History,1.2
7133,34,medievalists.net,Science and Education > History,1.1
7134,35,gilderlehrman.org,Science and Education > History,1.1833333333333333
7135,36,cubicol.pe,Science and Education > History,9.65
7136,37,ciekawostkihistoryczne.pl,Science and Education > History,2.3
7137,38,facinghistory.org,Science and Education > History,1.0333333333333334
7138,39,cruiserx.net,Science and Education > History,0.6166666666666667
7139,40,studentontask.com,Science and Education > History,7.833333333333333
7140,41,ushistory.org,Science and Education > History,1.55
7141,42,historynet.com,Science and Education > History,0.8333333333333334
7142,43,dp.la,Science and Education > History,2.033333333333333
7143,44,herodote.net,Science and Education > History,3.5
7144,45,theholocaustexplained.org,Science and Education > History,0.9833333333333333
7145,46,alphahistory.com,Science and Education > History,1.1666666666666667
7146,47,dar.org,Science and Education > History,9.033333333333333
7147,48,navigium.de,Science and Education > History,9.333333333333334
7148,49,tshaonline.org,Science and Education > History,1.6
7149,50,nzhistory.govt.nz,Science and Education > History,1.4333333333333333
7200,1,1000kitap.com,Science and Education > Literature,5.233333333333333
7201,2,booknode.com,Science and Education > Literature,3.95
7202,3,allpoetry.com,Science and Education > Literature,2.5166666666666666
7203,4,penguinlibros.com,Science and Education > Literature,1.2666666666666666
7204,5,lovelybooks.de,Science and Education > Literature,2.183333333333333
7205,6,turkedebiyati.org,Science and Education > Literature,1.95
7206,7,mamalisa.com,Science and Education > Literature,0.7333333333333333
7207,8,bookbrowse.com,Science and Education > Literature,0.8
7208,9,literatura.us,Science and Education > Literature,1.3166666666666667
7209,10,randomhouse.com,Science and Education > Literature,1.8833333333333333
7210,11,lecturia.org,Science and Education > Literature,1.4833333333333334
7211,12,yourdailypoem.com,Science and Education > Literature,0.7166666666666667
7212,13,thrillercafe.it,Science and Education > Literature,1.0833333333333333
7213,14,pensieriparole.it,Science and Education > Literature,1.4333333333333333
7214,15,michaelconnelly.com,Science and Education > Literature,1.0333333333333334
7215,16,poetryinvoice.ca,Science and Education > Literature,2.0
7216,17,isbndb.com,Science and Education > Literature,1.35
7217,18,hyaenidae.narod.ru,Science and Education > Literature,1.6833333333333333
7218,19,skazkaplus.ru,Science and Education > Literature,5.983333333333333
7219,20,poetrysociety.org,Science and Education > Literature,0.9666666666666667
7220,21,bookpage.com,Science and Education > Literature,0.6666666666666666
7221,22,k-12readinglist.com,Science and Education > Literature,0.7166666666666667
7222,23,letralia.com,Science and Education > Literature,0.7666666666666667
7223,24,readinggroupguides.com,Science and Education > Literature,1.0166666666666666
7224,25,vseskazki.su,Science and Education > Literature,0.8
7225,26,folklore.ee,Science and Education > Literature,0.9166666666666666
7226,27,booklistonline.com,Science and Education > Literature,2.35
7227,28,ruverses.com,Science and Education > Literature,2.8166666666666664
7228,29,aynitap.com,Science and Education > Literature,0.5333333333333333
7229,30,detskiychas.ru,Science and Education > Literature,2.216666666666667
7230,31,espoesia.com,Science and Education > Literature,2.75
7231,32,poemario.com,Science and Education > Literature,1.15
7232,33,syndetics.com,Science and Education > Literature,0.4666666666666667
7233,34,oraltradition.org,Science and Education > Literature,1.0666666666666667
7234,35,simplykalaa.com,Science and Education > Literature,1.0166666666666666
7235,36,this-camp.blogspot.com,Science and Education > Literature,
7236,37,towerofthehand.com,Science and Education > Literature,1.2
7237,38,dunenovels.com,Science and Education > Literature,1.1666666666666667
7238,39,bernardcornwell.net,Science and Education > Literature,0.7333333333333333
7239,40,the-instillery.com,Science and Education > Literature,0.6166666666666667
7240,41,tolstoytherapy.com,Science and Education > Literature,1.4833333333333334
7241,42,thebookbag.co.uk,Science and Education > Literature,0.36666666666666664
7242,43,rialta.org,Science and Education > Literature,0.8166666666666667
7243,44,bookishwayfarer.com,Science and Education > Literature,0.31666666666666665
7244,45,rewirethewest.com,Science and Education > Literature,1.7166666666666668
7245,46,alaindebotton.com,Science and Education > Literature,0.48333333333333334
7246,47,sivir.ru,Science and Education > Literature,1.0833333333333333
7247,48,turnerstories.com,Science and Education > Literature,0.5833333333333334
7249,50,materialdeconsultaib.wordpress.com,Science and Education > Literature,1.45
7250,1,calculator.net,Science and Education > Math,2.85
7251,2,doubtnut.com,Science and Education > Math,4.583333333333333
7252,3,desmos.com,Science and Education > Math,2.9
7253,4,overleaf.com,Science and Education > Math,5.466666666666667
7254,5,omnicalculator.com,Science and Education > Math,1.0833333333333333
7256,7,gradescope.com,Science and Education > Math,5.716666666666667
7257,8,webassign.net,Science and Education > Math,18.766666666666666
7258,9,calculatorsoup.com,Science and Education > Math,3.066666666666667
7259,10,symbolab.com,Science and Education > Math,5.433333333333334
7260,11,studyx.ai,Science and Education > Math,3.2
7261,12,mathworks.com,Science and Education > Math,6.933333333333334
7262,13,cuemath.com,Science and Education > Math,1.7833333333333332
7263,14,edstem.org,Science and Education > Math,6.65
7264,15,studyflix.de,Science and Education > Math,6.966666666666667
7265,16,ethz.ch,Science and Education > Math,6.266666666666667
7266,17,mathsgenie.co.uk,Science and Education > Math,6.0
7267,18,zybooks.com,Science and Education > Math,12.75
7268,19,convertunits.com,Science and Education > Math,0.8833333333333333
7269,20,youmath.it,Science and Education > Math,3.6
7270,21,arkusze.pl,Science and Education > Math,4.416666666666667
7271,22,univ-lyon1.fr,Science and Education > Math,6.166666666666667
7272,23,cerebry.co,Science and Education > Math,17.233333333333334
7273,24,educationperfect.com,Science and Education > Math,8.516666666666667
7274,25,brilliant.org,Science and Education > Math,3.9833333333333334
7275,26,myopenmath.com,Science and Education > Math,14.616666666666667
7276,27,studydrive.net,Science and Education > Math,6.95
7277,28,mathspace.co,Science and Education > Math,9.8
7278,29,numerade.com,Science and Education > Math,1.15
7279,30,r-project.org,Science and Education > Math,2.066666666666667
7280,31,calculator.academy,Science and Education > Math,1.05
7281,32,socratic.org,Science and Education > Math,0.7
7282,33,wolfram.com,Science and Education > Math,2.15
7283,34,registroelettronico.com,Science and Education > Math,5.983333333333333
7284,35,planetcalc.com,Science and Education > Math,0.9833333333333333
7285,36,posit.co,Science and Education > Math,1.8666666666666667
7286,37,miniwebtool.com,Science and Education > Math,1.8333333333333335
7287,38,somatematica.com.br,Science and Education > Math,3.966666666666667
7288,39,dataporten.no,Science and Education > Math,0.9
7289,40,matemaks.pl,Science and Education > Math,2.6333333333333333
7290,41,bibmath.net,Science and Education > Math,2.533333333333333
7291,42,cke.gov.pl,Science and Education > Math,2.4
7292,43,integral-calculator.com,Science and Education > Math,1.55
7293,44,mathgptpro.com,Science and Education > Math,2.8333333333333335
7296,47,cahier-de-prepa.fr,Science and Education > Math,3.25
7298,49,math-gpt.org,Science and Education > Math,3.6333333333333333
7299,50,statology.org,Science and Education > Math,1.1166666666666667
7300,1,lesswrong.com,Science and Education > Philosophy,3.1
7301,2,philpapers.org,Science and Education > Philosophy,2.1
7302,3,anthiago.com,Science and Education > Philosophy,1.7833333333333332
7303,4,fivebooks.com,Science and Education > Philosophy,1.0833333333333333
7304,5,philpeople.org,Science and Education > Philosophy,2.95
7305,6,monoskop.org,Science and Education > Philosophy,0.7833333333333333
7306,7,effectivealtruism.org,Science and Education > Philosophy,3.5666666666666664
7308,9,leiterreports.typepad.com,Science and Education > Philosophy,3.7
7309,10,theanarchistlibrary.org,Science and Education > Philosophy,2.2333333333333334
7311,12,uqac.ca,Science and Education > Philosophy,4.983333333333333
7312,13,philomag.com,Science and Education > Philosophy,1.3833333333333333
7313,14,major-prepa.com,Science and Education > Philosophy,2.95
7314,15,zlibrary.pt,Science and Education > Philosophy,1.0166666666666666
7315,16,safe.ai,Science and Education > Philosophy,2.7
7316,17,dreammoods.com,Science and Education > Philosophy,2.1333333333333333
7317,18,dailynous.com,Science and Education > Philosophy,1.4
7318,19,philosopherscocoon.typepad.com,Science and Education > Philosophy,5.116666666666666
7319,20,thepointmag.com,Science and Education > Philosophy,2.466666666666667
7320,21,poesialatina.it,Science and Education > Philosophy,3.3666666666666667
7321,22,clearerthinking.org,Science and Education > Philosophy,2.4833333333333334
7322,23,dwarkeshpatel.com,Science and Education > Philosophy,1.7
7323,24,thenewatlantis.com,Science and Education > Philosophy,1.7833333333333332
7324,25,loebclassics.com,Science and Education > Philosophy,5.716666666666667
7325,26,philosophynow.org,Science and Education > Philosophy,3.216666666666667
7326,27,herdereditorial.com,Science and Education > Philosophy,1.0333333333333334
7327,28,asteriskmag.com,Science and Education > Philosophy,4.8
7328,29,philjobs.org,Science and Education > Philosophy,2.8
7329,30,3quarksdaily.com,Science and Education > Philosophy,0.6333333333333333
7330,31,puter.com,Science and Education > Philosophy,1.7333333333333334
7331,32,euppublishing.com,Science and Education > Philosophy,1.0333333333333334
7332,33,filosofia.org,Science and Education > Philosophy,1.0833333333333333
7333,34,traficantes.net,Science and Education > Philosophy,0.5333333333333333
7334,35,ecoleenligne.be,Science and Education > Philosophy,4.116666666666666
7335,36,filco.es,Science and Education > Philosophy,1.0666666666666667
7336,37,newbooksnetwork.com,Science and Education > Philosophy,3.45
7337,38,myndighetspost.se,Science and Education > Philosophy,2.8166666666666664
7338,39,alianzaeditorial.es,Science and Education > Philosophy,1.1333333333333333
7339,40,pdcnet.org,Science and Education > Philosophy,0.95
7340,41,philosophybreak.com,Science and Education > Philosophy,1.3333333333333333
7341,42,euston96.com,Science and Education > Philosophy,1.6833333333333333
7342,43,seuil.com,Science and Education > Philosophy,1.0
7343,44,aynrand.org,Science and Education > Philosophy,1.9666666666666668
7345,46,misterprepa.net,Science and Education > Philosophy,0.9166666666666666
7346,47,academyofideas.com,Science and Education > Philosophy,1.6166666666666667
7347,48,platona.net,Science and Education > Philosophy,6.016666666666667
7348,49,akal.com,Science and Education > Philosophy,5.05
7349,50,alignmentforum.org,Science and Education > Philosophy,1.05
7350,1,iop.org,Science and Education > Physics,2.1333333333333333
7351,2,cern.ch,Science and Education > Physics,4.916666666666667
7352,3,aps.org,Science and Education > Physics,3.8666666666666667
7353,4,mpg.de,Science and Education > Physics,4.25
7354,5,aip.org,Science and Education > Physics,2.2666666666666666
7356,7,caltech.edu,Science and Education > Physics,2.25
7357,8,clarivate.cn,Science and Education > Physics,9.883333333333333
7358,9,quantamagazine.org,Science and Education > Physics,1.4166666666666667
7359,10,optica.org,Science and Education > Physics,3.6666666666666665
7360,11,yesmovies.mn,Science and Education > Physics,6.333333333333333
7361,12,pw.edu.pl,Science and Education > Physics,6.533333333333333
7362,13,research.gov,Science and Education > Physics,3.1
7363,14,inspirehep.net,Science and Education > Physics,3.4166666666666665
7364,15,mephi.ru,Science and Education > Physics,3.4
7365,16,physicsclassroom.com,Science and Education > Physics,2.6666666666666665
7366,17,theexpertta.com,Science and Education > Physics,5.65
7367,18,pdfdrive.to,Science and Education > Physics,1.9333333333333333
7368,19,mipt.ru,Science and Education > Physics,3.5
7369,20,nsu.ru,Science and Education > Physics,2.25
7370,21,leifiphysik.de,Science and Education > Physics,3.65
7371,22,askaichat.app,Science and Education > Physics,2.65
7372,23,physicsforums.com,Science and Education > Physics,0.8833333333333333
7374,25,jlab.com,Science and Education > Physics,1.8166666666666667
7375,26,isaacphysics.org,Science and Education > Physics,9.716666666666667
7376,27,thorlabs.com,Science and Education > Physics,4.2
7377,28,sciencing.com,Science and Education > Physics,0.85
7378,29,lbl.gov,Science and Education > Physics,2.8833333333333333
7379,30,comsol.com,Science and Education > Physics,3.216666666666667
7380,31,univ-lemans.fr,Science and Education > Physics,5.05
7381,32,test-uz.ru,Science and Education > Physics,3.033333333333333
7382,33,thequantuminsider.com,Science and Education > Physics,1.5666666666666667
7383,34,imperiallondon-my.sharepoint.com,Science and Education > Physics,5.0
7384,35,ictp.it,Science and Education > Physics,2.4333333333333336
7387,38,xblqugex.cc,Science and Education > Physics,5.55
7389,40,fisicalab.com,Science and Education > Physics,2.75
7390,41,cfd-online.com,Science and Education > Physics,1.8666666666666667
7391,42,bnl.gov,Science and Education > Physics,8.266666666666667
7392,43,simpleclub.com,Science and Education > Physics,2.3666666666666667
7393,44,animehay.de,Science and Education > Physics,0.8166666666666667
7394,45,physicsworld.com,Science and Education > Physics,0.9666666666666667
7395,46,desy.de,Science and Education > Physics,3.533333333333333
7396,47,uec.ac.jp,Science and Education > Physics,5.033333333333333
7397,48,electricity-magnetism.org,Science and Education > Physics,0.43333333333333335
7398,49,zftsh.online,Science and Education > Physics,4.566666666666666
7399,50,icourse.club,Science and Education > Physics,3.4333333333333336
7450,1,archive.org,Science and Education > Science and Education - Other,4.6
7451,2,researchgate.net,Science and Education > Science and Education - Other,4.05
7452,3,quillbot.com,Science and Education > Science and Education - Other,4.283333333333333
7453,4,wiley.com,Science and Education > Science and Education - Other,5.033333333333333
7454,5,naturecaptions.com,Science and Education > Science and Education - Other,21.2
7455,6,nasa.gov,Science and Education > Science and Education - Other,3.2333333333333334
7456,7,mdpi.com,Science and Education > Science and Education - Other,3.45
7457,8,livescience.com,Science and Education > Science and Education - Other,0.95
7458,9,cnki.net,Science and Education > Science and Education - Other,7.933333333333334
7459,10,ieee.org,Science and Education > Science and Education - Other,4.716666666666667
7460,11,scitechdaily.com,Science and Education > Science and Education - Other,1.1166666666666667
7461,12,openathens.net,Science and Education > Science and Education - Other,3.0833333333333335
7462,13,stayfocusd.com,Science and Education > Science and Education - Other,3.6166666666666667
7464,15,libgen.is,Science and Education > Science and Education - Other,3.1666666666666665
7465,16,sci-hub.se,Science and Education > Science and Education - Other,4.533333333333333
7466,17,phys.org,Science and Education > Science and Education - Other,1.3
7467,18,cyberleninka.ru,Science and Education > Science and Education - Other,3.1666666666666665
7468,19,science.org,Science and Education > Science and Education - Other,2.283333333333333
7469,20,futura-sciences.com,Science and Education > Science and Education - Other,0.8333333333333334
7470,21,orcid.org,Science and Education > Science and Education - Other,2.7
7471,22,wordcounter.net,Science and Education > Science and Education - Other,1.8
7472,23,studwork.ru,Science and Education > Science and Education - Other,6.383333333333334
7473,24,yumpu.com,Science and Education > Science and Education - Other,1.3666666666666667
7474,25,semanticscholar.org,Science and Education > Science and Education - Other,2.35
7475,26,manuscriptcentral.com,Science and Education > Science and Education - Other,5.566666666666666
7476,27,ulaval.ca,Science and Education > Science and Education - Other,7.233333333333333
7477,28,duplichecker.com,Science and Education > Science and Education - Other,2.8166666666666664
7478,29,umontreal.ca,Science and Education > Science and Education - Other,7.966666666666667
7479,30,redalyc.org,Science and Education > Science and Education - Other,2.6833333333333336
7480,31,bis.edu.iq,Science and Education > Science and Education - Other,5.916666666666667
7481,32,ted.com,Science and Education > Science and Education - Other,2.8833333333333333
7482,33,howstuffworks.com,Science and Education > Science and Education - Other,1.3833333333333333
7483,34,thecalculatorsite.com,Science and Education > Science and Education - Other,1.25
7484,35,brainly.ph,Science and Education > Science and Education - Other,4.133333333333334
7486,37,cnpq.br,Science and Education > Science and Education - Other,7.016666666666667
7488,39,tudelft.nl,Science and Education > Science and Education - Other,8.233333333333333
7489,40,ugent.be,Science and Education > Science and Education - Other,8.233333333333333
7490,41,taylorfrancis.com,Science and Education > Science and Education - Other,1.85
7491,42,unitconverters.net,Science and Education > Science and Education - Other,0.8833333333333333
7492,43,eduid.ch,Science and Education > Science and Education - Other,1.6333333333333333
7493,44,muni.cz,Science and Education > Science and Education - Other,6.933333333333334
7494,45,scientificamerican.com,Science and Education > Science and Education - Other,1.0333333333333334
7495,46,alldatasheet.com,Science and Education > Science and Education - Other,2.6833333333333336
7497,48,bg.ac.rs,Science and Education > Science and Education - Other,1.5833333333333335
7498,49,pku.edu.cn,Science and Education > Science and Education - Other,5.1
7499,50,researchmap.jp,Science and Education > Science and Education - Other,2.783333333333333
7500,1,elsevier.com,Science and Education > Social Sciences,3.6
7501,2,naurok.com.ua,Science and Education > Social Sciences,5.116666666666666
7502,3,nz.ua,Science and Education > Social Sciences,7.85
7503,4,jstor.org,Science and Education > Social Sciences,4.0
7504,5,ksu.edu.sa,Science and Education > Social Sciences,2.25
7505,6,sagepub.com,Science and Education > Social Sciences,2.95
7506,7,apa.org,Science and Education > Social Sciences,2.5666666666666664
7507,8,vseosvita.ua,Science and Education > Social Sciences,4.2
7508,9,smhi.se,Science and Education > Social Sciences,1.3333333333333333
7509,10,1lib.sk,Science and Education > Social Sciences,7.866666666666667
7510,11,mrkoll.se,Science and Education > Social Sciences,2.0
7511,12,timeedit.net,Science and Education > Social Sciences,4.633333333333333
7512,13,cloud.timeedit.net,Science and Education > Social Sciences,4.75
7514,15,italki.com,Science and Education > Social Sciences,5.316666666666666
7515,16,cairn.info,Science and Education > Social Sciences,3.3166666666666664
7516,17,duunitori.fi,Science and Education > Social Sciences,3.5666666666666664
7517,18,human.ua,Science and Education > Social Sciences,9.083333333333334
7520,21,shkola.in.ua,Science and Education > Social Sciences,2.183333333333333
7521,22,gramota.ru,Science and Education > Social Sciences,2.4166666666666665
7522,23,weforum.org,Science and Education > Social Sciences,1.3666666666666667
7523,24,uw.edu.pl,Science and Education > Social Sciences,4.033333333333333
7524,25,pidruchnyk.com.ua,Science and Education > Social Sciences,4.133333333333334
7525,26,fastighetsbyran.com,Science and Education > Social Sciences,3.3333333333333335
7526,27,stockholm.se,Science and Education > Social Sciences,4.5
7528,29,merinfo.se,Science and Education > Social Sciences,3.216666666666667
7530,31,finna.fi,Science and Education > Social Sciences,3.033333333333333
7531,32,textometr.ru,Science and Education > Social Sciences,2.45
7532,33,psytests.org,Science and Education > Social Sciences,5.016666666666667
7533,34,elte.hu,Science and Education > Social Sciences,5.466666666666667
7534,35,trafikverket.se,Science and Education > Social Sciences,4.933333333333334
7535,36,schoolsoft.se,Science and Education > Social Sciences,4.033333333333333
7537,38,helsinki.fi,Science and Education > Social Sciences,5.716666666666667
7538,39,unicaen.fr,Science and Education > Social Sciences,6.366666666666666
7539,40,8next.com,Science and Education > Social Sciences,3.4333333333333336
7540,41,foreignaffairs.com,Science and Education > Social Sciences,1.75
7542,43,goteborg.se,Science and Education > Social Sciences,2.7666666666666666
7543,44,bremen.de,Science and Education > Social Sciences,3.716666666666667
7544,45,nationalgeographic.fr,Science and Education > Social Sciences,0.8666666666666667
7545,46,ourworldindata.org,Science and Education > Social Sciences,2.2666666666666666
7546,47,tabroom.com,Science and Education > Social Sciences,11.833333333333334
7547,48,routledge.com,Science and Education > Social Sciences,1.2166666666666668
7548,49,ine.es,Science and Education > Social Sciences,3.0166666666666666
7549,50,persee.fr,Science and Education > Social Sciences,1.6333333333333333
7650,1,nfl.com,Sports > American Football,2.3666666666666667
7651,2,rugbyrama.fr,Sports > American Football,2.7
7652,3,atozsports.com,Sports > American Football,0.9833333333333333
7653,4,newsnationnow.com,Sports > American Football,1.6333333333333333
7654,5,pro-football-reference.com,Sports > American Football,3.9166666666666665
7655,6,afl.com.au,Sports > American Football,3.783333333333333
7656,7,nrl.com,Sports > American Football,3.5833333333333335
7657,8,philadelphiaeagles.com,Sports > American Football,2.0
7658,9,profootballnetwork.com,Sports > American Football,1.8
7660,11,globle-game.com,Sports > American Football,2.283333333333333
7661,12,elevenwarriors.com,Sports > American Football,7.7
7662,13,bleedinggreennation.com,Sports > American Football,3.3333333333333335
7663,14,steelersdepot.com,Sports > American Football,3.283333333333333
7664,15,footballscoop.com,Sports > American Football,5.016666666666667
7666,17,football.com,Sports > American Football,14.25
7667,18,profootballrumors.com,Sports > American Football,3.7666666666666666
7668,19,sportsmockery.com,Sports > American Football,1.6333333333333333
7669,20,prideofdetroit.com,Sports > American Football,3.2
7670,21,texags.com,Sports > American Football,10.35
7671,22,cougarboard.com,Sports > American Football,12.35
7672,23,arrowheadpride.com,Sports > American Football,2.7666666666666666
7673,24,shawlocal.com,Sports > American Football,2.466666666666667
7674,25,bigfooty.com,Sports > American Football,13.083333333333334
7675,26,fieldgulls.com,Sports > American Football,4.616666666666667
7676,27,league-one.jp,Sports > American Football,5.2
7677,28,theplayoffs.news,Sports > American Football,1.15
7678,29,nfltraderumors.co,Sports > American Football,2.9166666666666665
7679,30,nbcsportsphiladelphia.com,Sports > American Football,1.7666666666666666
7680,31,mut.gg,Sports > American Football,5.483333333333333
7681,32,bloggingtheboys.com,Sports > American Football,3.6833333333333336
7682,33,chiefs.com,Sports > American Football,1.1666666666666667
7683,34,sspx.tech,Sports > American Football,35.11666666666667
7684,35,49erswebzone.com,Sports > American Football,2.3333333333333335
7685,36,ninersnation.com,Sports > American Football,2.6
7686,37,sen.com.au,Sports > American Football,2.066666666666667
7688,39,tigernet.com,Sports > American Football,8.583333333333334
7689,40,nfldraftbuzz.com,Sports > American Football,5.816666666666666
7690,41,nflmockdraftdatabase.com,Sports > American Football,4.5
7691,42,fbschedules.com,Sports > American Football,1.8
7692,43,dallascowboys.com,Sports > American Football,1.9833333333333334
7693,44,nfljapan.com,Sports > American Football,2.7
7694,45,searchthatweb.com,Sports > American Football,0.7666666666666667
7695,46,overthecap.com,Sports > American Football,3.2
7696,47,bigblueview.com,Sports > American Football,3.533333333333333
7697,48,empiresportsmedia.com,Sports > American Football,1.25
7698,49,onrugby.it,Sports > American Football,2.65
7699,50,tarheeltimes.com,Sports > American Football,2.9166666666666665
7700,1,hochi.news,Sports > Baseball,0.8666666666666667
7701,2,mlb.com,Sports > Baseball,5.666666666666667
7702,3,mlbtraderumors.com,Sports > Baseball,4.416666666666667
7703,4,nanjpride.blog.jp,Sports > Baseball,3.05
7704,5,baseball-reference.com,Sports > Baseball,4.666666666666667
7706,7,lions-matome.com,Sports > Baseball,5.583333333333333
7707,8,livejupiter2.blog.jp,Sports > Baseball,2.65
7708,9,hanshintigers.jp,Sports > Baseball,4.066666666666666
7709,10,npb.jp,Sports > Baseball,1.3833333333333333
7710,11,fangraphs.com,Sports > Baseball,5.333333333333333
7711,12,immaculategrid.com,Sports > Baseball,5.483333333333333
7712,13,baseball-mag.net,Sports > Baseball,4.466666666666667
7713,14,bleachernation.com,Sports > Baseball,2.3
7715,16,mlbshop.com,Sports > Baseball,2.966666666666667
7716,17,milb.com,Sports > Baseball,2.6666666666666665
7717,18,yakult-swallows.co.jp,Sports > Baseball,3.6333333333333333
7718,19,pilio.idv.tw,Sports > Baseball,2.183333333333333
7719,20,sports.ettoday.net,Sports > Baseball,1.65
7721,22,fighters.co.jp,Sports > Baseball,3.55
7722,23,baystars.co.jp,Sports > Baseball,4.666666666666667
7723,24,topps.com,Sports > Baseball,2.3666666666666667
7724,25,softbankhawks.co.jp,Sports > Baseball,4.8
7725,26,perfectgame.org,Sports > Baseball,3.6833333333333336
7726,27,sportsv.net,Sports > Baseball,3.3833333333333333
7727,28,bluejaysinsider.com,Sports > Baseball,1.4
7728,29,fighters-kingdom.blog.jp,Sports > Baseball,1.8833333333333333
7729,30,tsubamesoku.blog.jp,Sports > Baseball,3.1333333333333333
7731,32,amazinavenue.com,Sports > Baseball,7.066666666666666
7733,34,sny.tv,Sports > Baseball,1.85
7734,35,baseballchannel.jp,Sports > Baseball,1.3166666666666667
7735,36,buffaloes.co.jp,Sports > Baseball,2.8166666666666664
7736,37,marines.co.jp,Sports > Baseball,3.3333333333333335
7737,38,albat.com,Sports > Baseball,1.05
7738,39,dodgersnation.com,Sports > Baseball,1.2666666666666666
7739,40,dragons.jp,Sports > Baseball,2.7333333333333334
7741,42,d1baseball.com,Sports > Baseball,7.616666666666667
7742,43,doshinsports.com,Sports > Baseball,2.05
7743,44,yanksgoyard.com,Sports > Baseball,0.8
7744,45,rakuteneagles.jp,Sports > Baseball,2.9
7745,46,baseballamerica.com,Sports > Baseball,1.6166666666666667
7747,48,gc.com,Sports > Baseball,3.716666666666667
7748,49,spocale.com,Sports > Baseball,0.95
7749,50,batterypower.com,Sports > Baseball,4.65
7750,1,nba.com,Sports > Basketball,2.8833333333333333
7751,2,basketball-reference.com,Sports > Basketball,3.8833333333333333
7752,3,hoopshype.com,Sports > Basketball,1.6833333333333333
7753,4,titan007.com,Sports > Basketball,18.666666666666668
7754,5,basketusa.com,Sports > Basketball,3.1
7756,7,basketballnetwork.net,Sports > Basketball,1.0333333333333334
7758,9,espn.com.au,Sports > Basketball,6.2
7760,11,krepsinis.net,Sports > Basketball,4.833333333333333
7761,12,espn.ph,Sports > Basketball,6.05
7763,14,acb.com,Sports > Basketball,3.2333333333333334
7764,15,sportando.basketball,Sports > Basketball,3.8166666666666664
7765,16,euroleaguebasketball.net,Sports > Basketball,1.8
7766,17,nbaanalysis.net,Sports > Basketball,0.9166666666666666
7767,18,basketnews.lt,Sports > Basketball,3.8166666666666664
7768,19,trashtalk.co,Sports > Basketball,1.8166666666666667
7769,20,hoopsrumors.com,Sports > Basketball,2.2666666666666666
7770,21,tankathon.com,Sports > Basketball,1.8666666666666667
7771,22,playhq.com,Sports > Basketball,4.333333333333333
7773,24,nbcsportsbayarea.com,Sports > Basketball,0.8833333333333333
7774,25,eurohoops.net,Sports > Basketball,1.3666666666666667
7775,26,nbabite.com,Sports > Basketball,3.15
7776,27,bleague.jp,Sports > Basketball,4.7
7777,28,epe.es,Sports > Basketball,1.0166666666666666
7778,29,parlons-basket.com,Sports > Basketball,0.6833333333333333
7779,30,mirror1.live,Sports > Basketball,6.933333333333334
7780,31,fbref.com,Sports > Basketball,2.6
7781,32,bvmsports.com,Sports > Basketball,0.7666666666666667
7782,33,basketfaul.com.tr,Sports > Basketball,2.4166666666666665
7783,34,sports.sina.cn,Sports > Basketball,4.05
7784,35,gigantes.com,Sports > Basketball,0.26666666666666666
7785,36,encestando.es,Sports > Basketball,1.9833333333333334
7786,37,lakersnation.com,Sports > Basketball,1.05
7787,38,pianetabasket.com,Sports > Basketball,2.3
7788,39,silverscreenandroll.com,Sports > Basketball,2.1166666666666667
7789,40,88kanqiu.me,Sports > Basketball,3.8666666666666667
7790,41,rnbastreams.com,Sports > Basketball,3.533333333333333
7791,42,basketballking.jp,Sports > Basketball,1.1
7792,43,probasket.pl,Sports > Basketball,1.1666666666666667
7793,44,basketball-video.com,Sports > Basketball,4.25
7794,45,nbamaniacs.com,Sports > Basketball,2.3
7795,46,lakersbrasil.com,Sports > Basketball,0.21666666666666667
7796,47,thesmokingcuban.com,Sports > Basketball,0.8833333333333333
7797,48,buffstream.io,Sports > Basketball,3.5833333333333335
7798,49,basketnews.com,Sports > Basketball,2.1666666666666665
7799,50,pickandroll.gr,Sports > Basketball,1.75
7800,1,boxrec.com,Sports > Boxing,3.1166666666666667
7801,2,secondsout.com,Sports > Boxing,0.75
7802,3,boxingscene.com,Sports > Boxing,1.95
7803,4,boxingnews24.com,Sports > Boxing,1.6333333333333333
7804,5,allboxing.ru,Sports > Boxing,1.8333333333333335
7805,6,vringe.com,Sports > Boxing,2.3666666666666667
7807,8,box.live,Sports > Boxing,1.25
7808,9,ringmagazine.com,Sports > Boxing,1.6166666666666667
7809,10,box-core.net,Sports > Boxing,9.75
7810,11,badlefthook.com,Sports > Boxing,2.1
7811,12,bokser.org,Sports > Boxing,2.65
7812,13,fullfightreplays.com,Sports > Boxing,1.7
7813,14,mmastreams.me,Sports > Boxing,4.85
7814,15,boxmob.jp,Sports > Boxing,1.4333333333333333
7815,16,boxing247.com,Sports > Boxing,0.7833333333333333
7816,17,ringpolska.pl,Sports > Boxing,1.1
7817,18,boxingforum24.com,Sports > Boxing,4.816666666666666
7818,19,kbid.co.kr,Sports > Boxing,14.4
7819,20,boxraw.com,Sports > Boxing,2.1333333333333333
7820,21,premierboxingchampions.com,Sports > Boxing,0.6
7821,22,titleboxing.com,Sports > Boxing,2.1333333333333333
7822,23,fightnews.com,Sports > Boxing,1.3166666666666667
7823,24,boxen1.com,Sports > Boxing,0.75
7824,25,boxingnewsonline.net,Sports > Boxing,0.75
7825,26,izquierdazo.com,Sports > Boxing,0.95
7826,27,boxing-master.com,Sports > Boxing,1.2833333333333332
7827,28,boxing.jp,Sports > Boxing,3.716666666666667
7828,29,boxingstream.me,Sports > Boxing,3.4166666666666665
7829,30,hayabusafight.com,Sports > Boxing,1.1333333333333333
7830,31,ringside24.com,Sports > Boxing,1.6333333333333333
7831,32,othboxing.com,Sports > Boxing,8.083333333333334
7832,33,boxingnews.jp,Sports > Boxing,1.1
7833,34,champinon.info,Sports > Boxing,0.4666666666666667
7834,35,leone1947.com,Sports > Boxing,1.9333333333333333
7835,36,wbaboxing.com,Sports > Boxing,1.0
7836,37,fightmag.com,Sports > Boxing,0.6166666666666667
7837,38,bigfightweekend.com,Sports > Boxing,0.6166666666666667
7838,39,rdxsports.com,Sports > Boxing,0.7
7839,40,wbcboxing.com,Sports > Boxing,0.5833333333333334
7840,41,fightnews.info,Sports > Boxing,1.2666666666666666
7841,42,soloboxeo.com,Sports > Boxing,1.1
7842,43,made4fighters.com,Sports > Boxing,0.6833333333333333
7843,44,worldboxingnews.net,Sports > Boxing,0.38333333333333336
7844,45,titleboxingclub.com,Sports > Boxing,0.8666666666666667
7845,46,profiboksz.hu,Sports > Boxing,1.55
7846,47,versusbox.ru,Sports > Boxing,3.85
7847,48,karate.ru,Sports > Boxing,0.8166666666666667
7848,49,keviniole.com,Sports > Boxing,2.966666666666667
7849,50,ppv.com,Sports > Boxing,0.8666666666666667
7850,1,ukclimbing.com,Sports > Climbing,5.633333333333333
7851,2,gazzettadimodena.it,Sports > Climbing,1.3
7853,4,loto.lt,Sports > Climbing,4.733333333333333
7854,5,mountain-forecast.com,Sports > Climbing,1.4
7855,6,rockgympro.com,Sports > Climbing,3.066666666666667
7856,7,skitour.fr,Sports > Climbing,2.75
7857,8,camptocamp.org,Sports > Climbing,4.066666666666666
7858,9,thecrag.com,Sports > Climbing,3.4166666666666665
7859,10,climbing.com,Sports > Climbing,1.3166666666666667
7860,11,explorersweb.com,Sports > Climbing,1.1333333333333333
7861,12,spotwx.com,Sports > Climbing,2.4
7862,13,asiago.it,Sports > Climbing,2.3833333333333333
7863,14,grinnellplans.com,Sports > Climbing,13.15
7864,15,goodtrekking.it,Sports > Climbing,0.1
7865,16,petzl.com,Sports > Climbing,2.05
7866,17,gripped.com,Sports > Climbing,1.5166666666666666
7867,18,sherpa-gate.com,Sports > Climbing,5.2
7868,19,sac-cas.ch,Sports > Climbing,2.8666666666666667
7869,20,8a.nu,Sports > Climbing,3.3333333333333335
7870,21,livemomentous.com,Sports > Climbing,2.066666666666667
7871,22,ortovox.com,Sports > Climbing,2.4833333333333334
7872,23,lacrux.com,Sports > Climbing,1.9166666666666665
7874,25,desnivel.com,Sports > Climbing,0.7166666666666667
7875,26,alpin.de,Sports > Climbing,0.9333333333333333
7876,27,skitourenguru.ch,Sports > Climbing,5.783333333333333
7877,28,outdoorprolink.com,Sports > Climbing,4.466666666666667
7878,29,summitpost.org,Sports > Climbing,1.7
7879,30,montagna.tv,Sports > Climbing,0.7833333333333333
7880,31,hikr.org,Sports > Climbing,1.9666666666666668
7881,32,gipfelbuch.ch,Sports > Climbing,3.0166666666666666
7882,33,bergsteigen.com,Sports > Climbing,2.1166666666666667
7883,34,whiterisk.ch,Sports > Climbing,2.6166666666666667
7884,35,boulderingproject.com,Sports > Climbing,2.85
7885,36,rungne.com,Sports > Climbing,1.1166666666666667
7886,37,vertical-life.info,Sports > Climbing,1.5666666666666667
7887,38,avalanche.ca,Sports > Climbing,2.466666666666667
7888,39,ukbouldering.com,Sports > Climbing,8.833333333333334
7889,40,planetgrimpe.com,Sports > Climbing,1.15
7890,41,approach.app,Sports > Climbing,4.3
7891,42,planetmountain.com,Sports > Climbing,1.6833333333333333
7892,43,ukhillwalking.com,Sports > Climbing,1.8333333333333335
7893,44,touchstoneclimbing.com,Sports > Climbing,2.05
7894,45,ffcam.fr,Sports > Climbing,3.2666666666666666
7895,46,peakvisor.com,Sports > Climbing,0.95
7896,47,nwac.us,Sports > Climbing,2.4833333333333334
7897,48,grimper.com,Sports > Climbing,1.45
7898,49,27crags.com,Sports > Climbing,2.1
7899,50,bananafingers.co.uk,Sports > Climbing,2.6
7900,1,procyclingstats.com,Sports > Cycling and Biking,7.833333333333333
7901,2,komoot.com,Sports > Cycling and Biking,4.783333333333333
7902,3,wielerflits.nl,Sports > Cycling and Biking,3.9833333333333334
7903,4,pinkbike.com,Sports > Cycling and Biking,3.6333333333333333
7904,5,canyon.com,Sports > Cycling and Biking,4.05
7905,6,adnx.de,Sports > Cycling and Biking,2.15
7906,7,trekbikes.com,Sports > Cycling and Biking,3.3833333333333333
7907,8,cyclingnews.com,Sports > Cycling and Biking,2.283333333333333
7908,9,specialized.com,Sports > Cycling and Biking,3.5166666666666666
7909,10,road.cc,Sports > Cycling and Biking,1.6833333333333333
7910,11,bikeradar.com,Sports > Cycling and Biking,1.3
7911,12,cyclingweekly.com,Sports > Cycling and Biking,1.15
7912,13,indeleiderstrui.nl,Sports > Cycling and Biking,2.3
7913,14,buycycle.com,Sports > Cycling and Biking,5.033333333333333
7914,15,mtb-news.de,Sports > Cycling and Biking,4.25
7915,16,cyclinguptodate.com,Sports > Cycling and Biking,2.4333333333333336
7916,17,ysroad.co.jp,Sports > Cycling and Biking,3.2
7917,18,feltet.dk,Sports > Cycling and Biking,3.45
7918,19,giant-bicycles.com,Sports > Cycling and Biking,3.45
7919,20,directvelo.com,Sports > Cycling and Biking,3.3833333333333333
7920,21,cyclismactu.net,Sports > Cycling and Biking,2.6333333333333333
7921,22,wielerkrant.be,Sports > Cycling and Biking,0.65
7922,23,99bikes.com.au,Sports > Cycling and Biking,3.7666666666666666
7923,24,ridewithgps.com,Sports > Cycling and Biking,4.616666666666667
7924,25,bikepacking.com,Sports > Cycling and Biking,2.95
7925,26,cube.eu,Sports > Cycling and Biking,3.533333333333333
7927,28,rennrad-news.de,Sports > Cycling and Biking,5.133333333333334
7928,29,bikeforums.net,Sports > Cycling and Biking,2.066666666666667
7929,30,radsport-news.com,Sports > Cycling and Biking,3.55
7930,31,baseballholics.net,Sports > Cycling and Biking,0.95
7931,32,tuttobiciweb.it,Sports > Cycling and Biking,2.716666666666667
7932,33,bicycling.com,Sports > Cycling and Biking,1.1
7933,34,lectricebikes.com,Sports > Cycling and Biking,2.2333333333333334
7934,35,scott-sports.com,Sports > Cycling and Biking,3.5666666666666664
7935,36,mtbiker.sk,Sports > Cycling and Biking,9.9
7937,38,trailforks.com,Sports > Cycling and Biking,2.9
7938,39,singletrackworld.com,Sports > Cycling and Biking,2.0
7939,40,wielernieuws.be,Sports > Cycling and Biking,1.2833333333333332
7940,41,jensonusa.com,Sports > Cycling and Biking,2.783333333333333
7941,42,cannondale.com,Sports > Cycling and Biking,2.466666666666667
7942,43,wielerrevue.nl,Sports > Cycling and Biking,1.7333333333333334
7943,44,bikerumor.com,Sports > Cycling and Biking,1.1166666666666667
7944,45,idlprocycling.com,Sports > Cycling and Biking,2.033333333333333
7945,46,funq.jp,Sports > Cycling and Biking,1.2666666666666666
7947,48,segway.com,Sports > Cycling and Biking,1.6833333333333333
7948,49,relive.cc,Sports > Cycling and Biking,0.7666666666666667
7949,50,esciclismo.com,Sports > Cycling and Biking,1.1166666666666667
7950,1,redbull.com,Sports > Extreme Sports,1.7
7951,2,ufanews.com,Sports > Extreme Sports,1.4
7952,3,techexpertsguide.com,Sports > Extreme Sports,2.1666666666666665
7953,4,spard.dk,Sports > Extreme Sports,5.466666666666667
7954,5,warball.ru,Sports > Extreme Sports,0.7333333333333333
7955,6,xcontest.org,Sports > Extreme Sports,2.55
7956,7,220triathlon.com,Sports > Extreme Sports,1.0333333333333334
7957,8,redbullshopus.com,Sports > Extreme Sports,1.2666666666666666
7958,9,fms.tv,Sports > Extreme Sports,1.8333333333333335
7959,10,holfuy.com,Sports > Extreme Sports,1.2
7960,11,outside.fr,Sports > Extreme Sports,0.4666666666666667
7961,12,paraglidingforum.com,Sports > Extreme Sports,3.4
7962,13,win.gs,Sports > Extreme Sports,0.26666666666666666
7963,14,ifsc-climbing.org,Sports > Extreme Sports,1.25
7964,15,burnair.cloud,Sports > Extreme Sports,5.583333333333333
7965,16,civlcomps.org,Sports > Extreme Sports,5.85
7966,17,redbull.sharepoint.com,Sports > Extreme Sports,4.033333333333333
7967,18,iflyworld.co.uk,Sports > Extreme Sports,3.95
7968,19,atlantamotorspeedway.com,Sports > Extreme Sports,1.65
7969,20,fai.org,Sports > Extreme Sports,2.3833333333333333
7970,21,burblesoft.com,Sports > Extreme Sports,1.7166666666666668
7971,22,flybubble.com,Sports > Extreme Sports,1.25
7972,23,kairn.com,Sports > Extreme Sports,0.21666666666666667
7973,24,shokz.com.au,Sports > Extreme Sports,2.4166666666666665
7974,25,xcmag.com,Sports > Extreme Sports,1.0166666666666666
7975,26,flyspot.com,Sports > Extreme Sports,1.6333333333333333
7976,27,skydivedubai.ae,Sports > Extreme Sports,0.85
7978,29,meteo-parapente.com,Sports > Extreme Sports,2.1333333333333333
7979,30,flyozone.com,Sports > Extreme Sports,1.7166666666666668
7980,31,xcskies.com,Sports > Extreme Sports,4.2
7981,32,4camping.com.ua,Sports > Extreme Sports,5.433333333333334
7982,33,alphatauri.com,Sports > Extreme Sports,0.65
7983,34,ffvl.fr,Sports > Extreme Sports,2.033333333333333
7984,35,mpora.com,Sports > Extreme Sports,0.48333333333333334
7985,36,f1aldia.com,Sports > Extreme Sports,1.4333333333333333
7986,37,xcglobe.com,Sports > Extreme Sports,9.033333333333333
7987,38,mcla.us,Sports > Extreme Sports,2.8666666666666667
7988,39,lu-glidz.blogspot.com,Sports > Extreme Sports,0.8666666666666667
7989,40,bilet.bg,Sports > Extreme Sports,0.75
7990,41,territoriapoleta.ru,Sports > Extreme Sports,2.5166666666666666
7992,43,redbull-my.sharepoint.com,Sports > Extreme Sports,3.7
7993,44,redbullcontentpool.com,Sports > Extreme Sports,4.95
7994,45,basecamp-shop.com,Sports > Extreme Sports,1.2833333333333332
7995,46,morestuff.ru,Sports > Extreme Sports,0.15
7996,47,campingrocks.bg,Sports > Extreme Sports,13.566666666666666
7997,48,uspa.org,Sports > Extreme Sports,1.4666666666666668
7998,49,360mag.bg,Sports > Extreme Sports,0.5166666666666667
7999,50,skivitosha.com,Sports > Extreme Sports,1.4333333333333333
8000,1,cricbuzz.com,Sports > Fantasy Sports,7.566666666666666
8001,2,fantacalcio.it,Sports > Fantasy Sports,4.75
8002,3,thesportstak.com,Sports > Fantasy Sports,1.3666666666666667
8003,4,8ballpool.com,Sports > Fantasy Sports,1.5666666666666667
8005,6,realgm.com,Sports > Fantasy Sports,4.983333333333333
8007,8,statmuse.com,Sports > Fantasy Sports,2.3
8008,9,rotowire.com,Sports > Fantasy Sports,3.9833333333333334
8011,12,fancode.com,Sports > Fantasy Sports,2.1333333333333333
8012,13,prizepicks.com,Sports > Fantasy Sports,9.2
8013,14,futbolfantasy.com,Sports > Fantasy Sports,4.983333333333333
8014,15,7xtream.com,Sports > Fantasy Sports,5.533333333333333
8015,16,pff.com,Sports > Fantasy Sports,3.6666666666666665
8016,17,cricket.one,Sports > Fantasy Sports,1.5666666666666667
8017,18,sosfanta.com,Sports > Fantasy Sports,5.133333333333334
8018,19,cricheroes.com,Sports > Fantasy Sports,6.3
8019,20,livefpl.net,Sports > Fantasy Sports,6.8
8021,22,fantrax.com,Sports > Fantasy Sports,11.183333333333334
8022,23,actionnetwork.com,Sports > Fantasy Sports,2.066666666666667
8023,24,fantasypros.com,Sports > Fantasy Sports,2.8166666666666664
8024,25,cricketaddictor.com,Sports > Fantasy Sports,0.7833333333333333
8025,26,uniladtech.com,Sports > Fantasy Sports,1.2333333333333334
8026,27,bookiemarket.com,Sports > Fantasy Sports,19.383333333333333
8027,28,hockey-reference.com,Sports > Fantasy Sports,3.9
8028,29,wplt20.com,Sports > Fantasy Sports,4.516666666666667
8029,30,fantamaster.it,Sports > Fantasy Sports,2.35
8030,31,supercoach.com.au,Sports > Fantasy Sports,10.85
8032,33,fantasyfootballscout.co.uk,Sports > Fantasy Sports,3.6333333333333333
8033,34,underdogfantasy.com,Sports > Fantasy Sports,7.516666666666667
8034,35,comuniate.com,Sports > Fantasy Sports,5.15
8035,36,stathead.com,Sports > Fantasy Sports,1.45
8036,37,basketballmonster.com,Sports > Fantasy Sports,8.85
8037,38,bettingpros.com,Sports > Fantasy Sports,4.266666666666667
8038,39,khelnow.com,Sports > Fantasy Sports,1.3166666666666667
8039,40,sleeper.com,Sports > Fantasy Sports,5.0
8040,41,cricxtasy.com,Sports > Fantasy Sports,1.6166666666666667
8041,42,fantasyfootballhub.co.uk,Sports > Fantasy Sports,3.4
8042,43,fplgameweek.com,Sports > Fantasy Sports,6.7
8043,44,130point.com,Sports > Fantasy Sports,1.9166666666666665
8044,45,analiticafantasy.com,Sports > Fantasy Sports,2.6666666666666665
8045,46,reddybook.club,Sports > Fantasy Sports,32.266666666666666
8046,47,jefebet.com,Sports > Fantasy Sports,3.4
8047,48,hashtagbasketball.com,Sports > Fantasy Sports,1.4833333333333334
8048,49,crichype.fun,Sports > Fantasy Sports,11.716666666666667
8049,50,myfantasyleague.com,Sports > Fantasy Sports,6.9
8050,1,arkm.com,Sports > Fishing,4.25
8051,2,tsurihack.com,Sports > Fishing,3.05
8052,3,anglers.jp,Sports > Fishing,2.716666666666667
8053,4,chassepassion.net,Sports > Fishing,0.21666666666666667
8055,6,luremaga.jp,Sports > Fishing,1.0666666666666667
8056,7,izuchai.dance,Sports > Fishing,1.25
8057,8,majorleaguefishing.com,Sports > Fishing,2.4
8058,9,fishingbooker.com,Sports > Fishing,2.1333333333333333
8059,10,tides4fishing.com,Sports > Fishing,1.45
8060,11,tsurinews.jp,Sports > Fishing,1.8833333333333333
8061,12,umikaisei.jp,Sports > Fishing,1.2666666666666666
8062,13,chowari.jp,Sports > Fishing,1.5666666666666667
8063,14,bdoutdoors.com,Sports > Fishing,3.6833333333333336
8064,15,bassmaster.com,Sports > Fishing,3.15
8065,16,surf-life.blue,Sports > Fishing,0.43333333333333335
8066,17,fisher.spb.ru,Sports > Fishing,1.9333333333333333
8067,18,bassresource.com,Sports > Fishing,2.8166666666666664
8068,19,advnture.com,Sports > Fishing,1.2833333333333332
8069,20,stripersonline.com,Sports > Fishing,5.183333333333334
8070,21,fishingmax.co.jp,Sports > Fishing,2.0
8071,22,fishusa.com,Sports > Fishing,2.2
8072,23,tsuritenki.jp,Sports > Fishing,0.7666666666666667
8073,24,castingnet.jp,Sports > Fishing,1.7833333333333332
8074,25,fishing-v.jp,Sports > Fishing,1.0333333333333334
8075,26,wired2fish.com,Sports > Fishing,0.9
8076,27,want-s0me-push.com,Sports > Fishing,1.9166666666666665
8077,28,marine-deals.co.nz,Sports > Fishing,4.016666666666667
8078,29,point-i.jp,Sports > Fishing,2.066666666666667
8079,30,ourboard.org,Sports > Fishing,1.5833333333333335
8081,32,fishbrain.com,Sports > Fishing,1.4
8083,34,fishing.net.nz,Sports > Fishing,1.3666666666666667
8084,35,theflyfishingforum.com,Sports > Fishing,2.9833333333333334
8085,36,yokohama-fishingpiers.jp,Sports > Fishing,2.033333333333333
8086,37,pacificpeche.com,Sports > Fishing,4.2
8088,39,saltstrong.com,Sports > Fishing,3.9
8089,40,anglingtimes.co.uk,Sports > Fishing,0.9
8090,41,huntingandfishing.co.nz,Sports > Fishing,3.1166666666666667
8093,44,orybe.com,Sports > Fishing,1.0
8094,45,fusil-calais.com,Sports > Fishing,1.4666666666666668
8095,46,donfisher.ru,Sports > Fishing,2.1166666666666667
8096,47,shop.ishiguro-gr.com,Sports > Fishing,3.6166666666666667
8097,48,talex.co.jp,Sports > Fishing,3.066666666666667
8098,49,fishingreminder.com,Sports > Fishing,1.0333333333333334
8099,50,siamfishing.com,Sports > Fishing,3.85
8100,1,pgatour.com,Sports > Golf,5.1
8101,2,xzqpz.com,Sports > Golf,0.26666666666666666
8102,3,golfdigest.co.jp,Sports > Golf,4.083333333333333
8103,4,alba.co.jp,Sports > Golf,2.6833333333333336
8104,5,golf.com,Sports > Golf,1.2833333333333332
8105,6,golfdigest.com,Sports > Golf,1.4166666666666667
8106,7,mizuno.com,Sports > Golf,2.45
8107,8,golfwrx.com,Sports > Golf,3.5666666666666664
8108,9,golfmonthly.com,Sports > Golf,2.4333333333333336
8109,10,europeantour.com,Sports > Golf,3.216666666666667
8110,11,thegolfinggazette.com,Sports > Golf,1.6333333333333333
8111,12,topgolf.com,Sports > Golf,2.5833333333333335
8112,13,lpga.com,Sports > Golf,3.283333333333333
8113,14,mygolfspy.com,Sports > Golf,1.7
8114,15,foreupsoftware.com,Sports > Golf,8.6
8115,16,egolf.jp,Sports > Golf,1.8166666666666667
8116,17,descente.co.jp,Sports > Golf,1.5666666666666667
8118,19,golfgenius.com,Sports > Golf,5.466666666666667
8120,21,golfzon.com,Sports > Golf,4.866666666666667
8121,22,golfnow.com,Sports > Golf,4.45
8123,24,taylormadegolf.com,Sports > Golf,2.3833333333333333
8124,25,pgatoursuperstore.com,Sports > Golf,3.6333333333333333
8125,26,ezlinksgolf.com,Sports > Golf,6.033333333333333
8126,27,callawaygolf.com,Sports > Golf,2.0833333333333335
8127,28,lpga.or.jp,Sports > Golf,3.7333333333333334
8128,29,golfpartner.jp,Sports > Golf,6.116666666666666
8129,30,livgolf.com,Sports > Golf,3.45
8130,31,golftown.com,Sports > Golf,3.3166666666666664
8132,33,goetheweb.jp,Sports > Golf,0.85
8133,34,brsgolf.com,Sports > Golf,6.083333333333333
8134,35,miclub.com.au,Sports > Golf,4.733333333333333
8136,37,2ndswing.com,Sports > Golf,4.066666666666666
8137,38,golfpass.com,Sports > Golf,1.8
8139,40,mycaddie.jp,Sports > Golf,2.2
8140,41,americangolf.co.uk,Sports > Golf,3.533333333333333
8142,43,bluegolf.com,Sports > Golf,3.85
8143,44,callawaygolfpreowned.com,Sports > Golf,3.7333333333333334
8144,45,titleist.com,Sports > Golf,3.0
8145,46,globalgolf.com,Sports > Golf,3.1
8146,47,todays-golfer.com,Sports > Golf,0.9833333333333333
8147,48,thehackersparadise.com,Sports > Golf,2.9166666666666665
8148,49,taylormadegolf.jp,Sports > Golf,1.8166666666666667
8149,50,golfmagic.com,Sports > Golf,0.8333333333333334
8150,1,gunbroker.com,Sports > Hunting and Shooting,7.083333333333333
8151,2,palmettostatearmory.com,Sports > Hunting and Shooting,4.983333333333333
8152,3,sportsmans.com,Sports > Hunting and Shooting,3.9833333333333334
8154,5,sectordetiro.com,Sports > Hunting and Shooting,1.9833333333333334
8155,6,midwayusa.com,Sports > Hunting and Shooting,4.333333333333333
8156,7,guns.com,Sports > Hunting and Shooting,3.033333333333333
8157,8,ar15.com,Sports > Hunting and Shooting,11.966666666666667
8158,9,gun.deals,Sports > Hunting and Shooting,4.083333333333333
8159,10,bladehq.com,Sports > Hunting and Shooting,3.8
8160,11,primaryarms.com,Sports > Hunting and Shooting,4.316666666666666
8161,12,sigsauer.com,Sports > Hunting and Shooting,2.7
8162,13,brownells.com,Sports > Hunting and Shooting,3.183333333333333
8163,14,usconcealedcarry.com,Sports > Hunting and Shooting,2.1166666666666667
8164,15,pewpewtactical.com,Sports > Hunting and Shooting,2.283333333333333
8165,16,smith-wesson.com,Sports > Hunting and Shooting,2.8166666666666664
8167,18,511tactical.com,Sports > Hunting and Shooting,2.8833333333333333
8169,20,ammoseek.com,Sports > Hunting and Shooting,3.6833333333333336
8170,21,ruger.com,Sports > Hunting and Shooting,2.7666666666666666
8171,22,evike.com,Sports > Hunting and Shooting,4.9
8172,23,springfield-armory.com,Sports > Hunting and Shooting,2.4333333333333336
8173,24,glock.com,Sports > Hunting and Shooting,1.4666666666666668
8175,26,deltadefense.com,Sports > Hunting and Shooting,0.9333333333333333
8176,27,gunpost.ca,Sports > Hunting and Shooting,6.883333333333333
8177,28,knifecenter.com,Sports > Hunting and Shooting,2.5833333333333335
8178,29,wethepeopleholsters.com,Sports > Hunting and Shooting,2.15
8179,30,silencershop.com,Sports > Hunting and Shooting,4.183333333333334
8180,31,rkguns.com,Sports > Hunting and Shooting,4.183333333333334
8181,32,snipershide.com,Sports > Hunting and Shooting,2.1
8182,33,eurooptic.com,Sports > Hunting and Shooting,1.8333333333333335
8183,34,gunsinternational.com,Sports > Hunting and Shooting,2.8833333333333333
8184,35,thefirearmblog.com,Sports > Hunting and Shooting,1.55
8185,36,magpul.com,Sports > Hunting and Shooting,2.066666666666667
8186,37,rokslide.com,Sports > Hunting and Shooting,4.666666666666667
8188,39,csa.co.cz,Sports > Hunting and Shooting,0.06666666666666667
8190,41,bladeforums.com,Sports > Hunting and Shooting,1.8833333333333333
8191,42,shop.opticsplanet.com,Sports > Hunting and Shooting,1.15
8192,43,ar15discounts.com,Sports > Hunting and Shooting,2.9833333333333334
8193,44,beretta.com,Sports > Hunting and Shooting,2.7
8194,45,atf.gov,Sports > Hunting and Shooting,2.216666666666667
8195,46,practiscore.com,Sports > Hunting and Shooting,4.066666666666666
8196,47,tacswap.com,Sports > Hunting and Shooting,5.45
8197,48,dixxon.com,Sports > Hunting and Shooting,1.4833333333333334
8199,50,olightstore.com,Sports > Hunting and Shooting,2.183333333333333
8200,1,ufc.com,Sports > Martial Arts,1.75
8201,2,mmafighting.com,Sports > Martial Arts,1.65
8202,3,bloodyelbow.com,Sports > Martial Arts,1.25
8204,5,tapology.com,Sports > Martial Arts,3.3166666666666664
8205,6,sherdog.com,Sports > Martial Arts,4.066666666666666
8206,7,mmamania.com,Sports > Martial Arts,1.8166666666666667
8207,8,smoothcomp.com,Sports > Martial Arts,4.35
8208,9,techfunlife.com,Sports > Martial Arts,5.266666666666667
8209,10,visualnewshub.com,Sports > Martial Arts,7.116666666666666
8210,11,ufcstats.com,Sports > Martial Arts,1.8
8211,12,watchwrestling.ec,Sports > Martial Arts,2.95
8212,13,sumo.or.jp,Sports > Martial Arts,2.6833333333333336
8213,14,watchmmafull.com,Sports > Martial Arts,9.066666666666666
8214,15,ufcfightpass.com,Sports > Martial Arts,2.55
8215,16,fighttime.ru,Sports > Martial Arts,3.183333333333333
8216,17,ufcespanol.com,Sports > Martial Arts,2.3333333333333335
8217,18,streamstv.org,Sports > Martial Arts,0.6333333333333333
8218,19,methstreams.com,Sports > Martial Arts,0.38333333333333336
8219,20,kaocko.cz,Sports > Martial Arts,1.6833333333333333
8220,21,valetudo.ru,Sports > Martial Arts,3.35
8221,22,top-fight.cz,Sports > Martial Arts,1.0666666666666667
8222,23,spotvnow.co.kr,Sports > Martial Arts,3.8
8224,25,watchprowrestlings.org,Sports > Martial Arts,2.5666666666666664
8225,26,mmarocks.pl,Sports > Martial Arts,2.1333333333333333
8226,27,bjpenn.com,Sports > Martial Arts,1.15
8227,28,fightsite.hr,Sports > Martial Arts,1.6666666666666665
8228,29,onefc.com,Sports > Martial Arts,1.45
8229,30,tvstream.live,Sports > Martial Arts,1.3333333333333333
8230,31,sportrelate.com,Sports > Martial Arts,2.8333333333333335
8231,32,ufc.ru,Sports > Martial Arts,1.6833333333333333
8232,33,mma-core.com,Sports > Martial Arts,3.8166666666666664
8233,34,kora999.com,Sports > Martial Arts,3.2333333333333334
8234,35,bjjfanatics.com,Sports > Martial Arts,2.85
8235,36,venum.com,Sports > Martial Arts,2.5166666666666666
8236,37,cloudsportek.com,Sports > Martial Arts,0.75
8238,39,ufc.com.br,Sports > Martial Arts,1.5166666666666666
8239,40,actumma.com,Sports > Martial Arts,1.55
8240,41,mmashorties.cz,Sports > Martial Arts,2.65
8241,42,papahd.info,Sports > Martial Arts,2.0166666666666666
8242,43,footybite.store,Sports > Martial Arts,1.2166666666666668
8243,44,technicalgaurav.com,Sports > Martial Arts,4.516666666666667
8245,46,spotv.net,Sports > Martial Arts,1.7833333333333332
8246,47,karate.com,Sports > Martial Arts,1.0333333333333334
8248,49,vechtsportinfo.nl,Sports > Martial Arts,1.4833333333333334
8249,50,srrb.ru,Sports > Martial Arts,2.05
8250,1,sixnationsrugby.com,Sports > Rugby,2.9166666666666665
8251,2,blog-rct.com,Sports > Rugby,3.4
8252,3,planetrugby.com,Sports > Rugby,1.4166666666666667
8253,4,ruck.co.uk,Sports > Rugby,1.2333333333333334
8254,5,rugbypass.com,Sports > Rugby,1.1666666666666667
8255,6,ffr.fr,Sports > Rugby,3.2666666666666666
8256,7,rugby365.com,Sports > Rugby,1.15
8257,8,sarugbymag.co.za,Sports > Rugby,0.8666666666666667
8258,9,quinzemondial.com,Sports > Rugby,0.3
8260,11,lerugbynistere.fr,Sports > Rugby,1.1333333333333333
8261,12,zerotackle.com,Sports > Rugby,3.5666666666666664
8262,13,allrugby.com,Sports > Rugby,2.5666666666666664
8263,14,dicodusport.fr,Sports > Rugby,5.216666666666667
8264,15,rugby-rp.com,Sports > Rugby,2.2666666666666666
8265,16,englandrugby.com,Sports > Rugby,3.4166666666666665
8266,17,svns.com,Sports > Rugby,3.5166666666666666
8267,18,rugby.com.au,Sports > Rugby,2.05
8268,19,liverugby.fr,Sports > Rugby,2.3166666666666664
8269,20,lnr.fr,Sports > Rugby,1.4166666666666667
8270,21,six-nations-guide.co.uk,Sports > Rugby,1.4
8271,22,rugbyfederal.com,Sports > Rugby,4.016666666666667
8273,24,rugby24.net,Sports > Rugby,3.65
8274,25,stadetoulousain.fr,Sports > Rugby,2.4833333333333334
8275,26,rugby-addict.com,Sports > Rugby,0.9
8276,27,rugby-scapulaire.com,Sports > Rugby,0.9166666666666666
8277,28,coachweb.com,Sports > Rugby,1.6
8278,29,rugbynetwork.net,Sports > Rugby,5.0
8279,30,agendatv-rugby.com,Sports > Rugby,0.35
8280,31,scorenco.com,Sports > Rugby,1.3666666666666667
8281,32,sarugby.co.za,Sports > Rugby,0.4166666666666667
8282,33,unitedrugby.com,Sports > Rugby,0.8833333333333333
8283,34,ubbrugby.com,Sports > Rugby,1.1666666666666667
8284,35,info-photovoltaique.org,Sports > Rugby,0.05
8285,36,rugbypass.tv,Sports > Rugby,2.1166666666666667
8286,37,allblacks.com,Sports > Rugby,0.8666666666666667
8287,38,dailysports.fr,Sports > Rugby,0.5
8288,39,rugbyeurope.eu,Sports > Rugby,2.15
8289,40,allianzstadiumtwickenham.com,Sports > Rugby,2.0
8290,41,midi-olympique.fr,Sports > Rugby,1.4666666666666668
8291,42,itsrugby.fr,Sports > Rugby,1.9
8292,43,forumst.net,Sports > Rugby,13.983333333333333
8293,44,oldschool.co.za,Sports > Rugby,2.5166666666666666
8294,45,minutesports.fr,Sports > Rugby,1.0
8295,46,lourugby.fr,Sports > Rugby,4.233333333333333
8297,48,statsllc.sharepoint.com,Sports > Rugby,6.133333333333334
8298,49,cybervulcans.net,Sports > Rugby,4.633333333333333
8299,50,staderochelais.com,Sports > Rugby,2.283333333333333
8301,2,hoka.com,Sports > Running,2.6666666666666665
8302,3,runnersworld.com,Sports > Running,1.1833333333333333
8303,4,runsignup.com,Sports > Running,3.033333333333333
8304,5,runrepeat.com,Sports > Running,2.6
8305,6,runnet.jp,Sports > Running,4.183333333333334
8306,7,raceroster.com,Sports > Running,1.85
8307,8,letsrun.com,Sports > Running,4.4
8308,9,samsunghealth.com,Sports > Running,1.0333333333333334
8309,10,parkrun.org.uk,Sports > Running,3.5666666666666664
8310,11,nyrr.org,Sports > Running,3.216666666666667
8311,12,raceresult.com,Sports > Running,3.0833333333333335
8312,13,hyrox.com,Sports > Running,2.9
8313,14,finishers.com,Sports > Running,3.5
8314,15,eco-topferte.fr,Sports > Running,1.5166666666666666
8315,16,altrarunning.com,Sports > Running,2.466666666666667
8316,17,onthegomap.com,Sports > Running,2.0166666666666666
8317,18,osaka-marathon.com,Sports > Running,1.8166666666666667
8318,19,utmb.world,Sports > Running,3.3
8319,20,marathonec.ru,Sports > Running,0.9
8320,21,marathon.tokyo,Sports > Running,3.2333333333333334
8321,22,letsdothis.com,Sports > Running,2.8166666666666664
8322,23,mapmyrun.com,Sports > Running,1.8333333333333335
8323,24,parkrun.com,Sports > Running,2.2
8324,25,endu.net,Sports > Running,4.8
8325,26,runningintheusa.com,Sports > Running,3.3
8326,27,findarace.com,Sports > Running,2.65
8327,28,halhigdon.com,Sports > Running,2.2666666666666666
8328,29,believeintherun.com,Sports > Running,1.1833333333333333
8329,30,plotaroute.com,Sports > Running,2.3666666666666667
8330,31,theconqueror.events,Sports > Running,1.6833333333333333
8331,32,klikego.com,Sports > Running,4.166666666666667
8332,33,marathonhandbook.com,Sports > Running,1.35
8333,34,ultrasignup.com,Sports > Running,3.2
8334,35,runtrip.jp,Sports > Running,1.8
8335,36,tomo.run,Sports > Running,1.5
8336,37,runalyze.com,Sports > Running,2.8833333333333333
8337,38,runningxpert.com,Sports > Running,1.6333333333333333
8338,39,runnersworld.de,Sports > Running,1.85
8339,40,runna.com,Sports > Running,1.5666666666666667
8340,41,moshicom.com,Sports > Running,2.8666666666666667
8341,42,runtothefinish.com,Sports > Running,1.3
8343,44,parkrun.com.au,Sports > Running,2.783333333333333
8344,45,ahotu.com,Sports > Running,1.6666666666666665
8345,46,russiarunning.com,Sports > Running,3.3666666666666667
8346,47,runningmagazine.ca,Sports > Running,0.9333333333333333
8347,48,thepowerof10.info,Sports > Running,3.5666666666666664
8349,50,runtastic.com,Sports > Running,0.9333333333333333
8350,1,livescore.com,Sports > Soccer,6.2
8351,2,gazzetta.it,Sports > Soccer,7.383333333333334
8352,3,goal.com,Sports > Soccer,1.2333333333333334
8353,4,kooora.com,Sports > Soccer,3.4
8354,5,kicker.de,Sports > Soccer,5.016666666666667
8355,6,premierleague.com,Sports > Soccer,6.1
8356,7,promiedos.com.ar,Sports > Soccer,5.166666666666667
8357,8,librefutbol.su,Sports > Soccer,7.116666666666666
8358,9,flashscore.com,Sports > Soccer,9.733333333333333
8359,10,transfermarkt.com.tr,Sports > Soccer,4.1
8360,11,transfermarkt.de,Sports > Soccer,4.733333333333333
8361,12,footmercato.net,Sports > Soccer,5.483333333333333
8363,14,flashscore.pl,Sports > Soccer,8.233333333333333
8364,15,varzesh3.com,Sports > Soccer,5.816666666666666
8365,16,transfermarkt.com,Sports > Soccer,3.183333333333333
8366,17,sport.sky.it,Sports > Soccer,1.7833333333333332
8367,18,gazzetta.gr,Sports > Soccer,5.55
8368,19,yallakora.com,Sports > Soccer,2.1333333333333333
8369,20,voetbalprimeur.nl,Sports > Soccer,6.25
8371,22,fanatik.com.tr,Sports > Soccer,4.083333333333333
8372,23,sport1.de,Sports > Soccer,2.55
8373,24,meutimao.com.br,Sports > Soccer,1.85
8374,25,estadiodeportivo.com,Sports > Soccer,0.7
8376,27,vi.nl,Sports > Soccer,6.516666666666667
8377,28,tuttomercatoweb.com,Sports > Soccer,4.666666666666667
8378,29,unionrayo.com,Sports > Soccer,1.2833333333333332
8379,30,lance.com.br,Sports > Soccer,1.2333333333333334
8380,31,mackolik.com,Sports > Soccer,8.7
8381,32,futbol24.com,Sports > Soccer,11.766666666666667
8383,34,beinsports.com.tr,Sports > Soccer,2.6333333333333333
8384,35,meczyki.pl,Sports > Soccer,4.45
8385,36,calciomercato.com,Sports > Soccer,2.9333333333333336
8387,38,flashscore.es,Sports > Soccer,7.7
8388,39,voetbalzone.nl,Sports > Soccer,3.5
8389,40,livescore.in,Sports > Soccer,9.016666666666667
8390,41,maxifoot.fr,Sports > Soccer,4.483333333333333
8391,42,fr12.nl,Sports > Soccer,7.766666666666667
8393,44,foot01.com,Sports > Soccer,2.6833333333333336
8394,45,sport.de,Sports > Soccer,1.7166666666666668
8395,46,relevo.com,Sports > Soccer,3.1
8396,47,milannews.it,Sports > Soccer,4.783333333333333
8397,48,365scores.com,Sports > Soccer,2.5
8398,49,netvasco.com.br,Sports > Soccer,4.233333333333333
8399,50,fotmob.com,Sports > Soccer,6.266666666666667
8400,1,espn.com,Sports > Sports - Other,8.8
8401,2,marca.com,Sports > Sports - Other,5.05
8402,3,espncricinfo.com,Sports > Sports - Other,7.1
8403,4,as.com,Sports > Sports - Other,5.166666666666667
8404,5,mundodeportivo.com,Sports > Sports - Other,3.3166666666666664
8405,6,nikkansports.com,Sports > Sports - Other,1.8333333333333335
8406,7,sports.yahoo.com,Sports > Sports - Other,2.85
8407,8,hupu.com,Sports > Sports - Other,9.683333333333334
8408,9,sportbox.ru,Sports > Sports - Other,3.7666666666666666
8409,10,news.sportbox.ru,Sports > Sports - Other,3.3666666666666667
8410,11,skysports.com,Sports > Sports - Other,3.2666666666666666
8411,12,lequipe.fr,Sports > Sports - Other,3.9333333333333336
8412,13,sport.es,Sports > Sports - Other,2.55
8413,14,sofascore.com,Sports > Sports - Other,6.7
8414,15,championat.com,Sports > Sports - Other,4.366666666666666
8415,16,sportskeeda.com,Sports > Sports - Other,1.3666666666666667
8416,17,diretta.it,Sports > Sports - Other,12.016666666666667
8417,18,nhl.com,Sports > Sports - Other,3.45
8418,19,sports.naver.com,Sports > Sports - Other,5.233333333333333
8419,20,yr.no,Sports > Sports - Other,1.5166666666666666
8420,21,cbssports.com,Sports > Sports - Other,2.966666666666667
8421,22,sports.ru,Sports > Sports - Other,5.75
8422,23,sports.yahoo.co.jp,Sports > Sports - Other,5.283333333333333
8423,24,ole.com.ar,Sports > Sports - Other,1.9666666666666668
8424,25,tycsports.com,Sports > Sports - Other,1.0
8425,26,monopolygo.com,Sports > Sports - Other,1.5166666666666666
8426,27,fubo.tv,Sports > Sports - Other,2.85
8427,28,garmin.com,Sports > Sports - Other,3.6333333333333333
8428,29,sportingnews.com,Sports > Sports - Other,0.6833333333333333
8429,30,espn.com.br,Sports > Sports - Other,1.4666666666666668
8430,31,strava.com,Sports > Sports - Other,5.5
8432,33,dazn.com,Sports > Sports - Other,3.4
8433,34,zhibo8.com,Sports > Sports - Other,6.5
8434,35,bolavip.com,Sports > Sports - Other,1.0166666666666666
8435,36,sport24.ru,Sports > Sports - Other,0.95
8437,38,bleacherreport.com,Sports > Sports - Other,2.2
8438,39,247sports.com,Sports > Sports - Other,5.166666666666667
8439,40,abola.pt,Sports > Sports - Other,5.75
8440,41,sport.pl,Sports > Sports - Other,1.7666666666666666
8441,42,nbcsports.com,Sports > Sports - Other,2.466666666666667
8443,44,sport.cz,Sports > Sports - Other,3.7333333333333334
8444,45,digisport.ro,Sports > Sports - Other,3.3166666666666664
8445,46,gsp.ro,Sports > Sports - Other,3.183333333333333
8447,48,essentiallysports.com,Sports > Sports - Other,0.9666666666666667
8448,49,adme.media,Sports > Sports - Other,4.25
8449,50,sport-express.ru,Sports > Sports - Other,3.5833333333333335
8450,1,totalsportek.space,Sports > Tennis,7.133333333333334
8451,2,atptour.com,Sports > Tennis,2.6833333333333336
8452,3,live-tennis.eu,Sports > Tennis,1.1
8453,4,wtatennis.com,Sports > Tennis,2.4833333333333334
8454,5,ausopen.com,Sports > Tennis,1.6
8455,6,livetennis.it,Sports > Tennis,2.6
8456,7,liga.nu,Sports > Tennis,6.266666666666667
8457,8,thetennisgazette.com,Sports > Tennis,1.7
8458,9,usta.com,Sports > Tennis,6.133333333333334
8459,10,ubitennis.com,Sports > Tennis,1.95
8460,11,courtreserve.com,Sports > Tennis,4.566666666666666
8461,12,itftennis.com,Sports > Tennis,3.95
8462,13,puntodebreak.com,Sports > Tennis,2.0
8463,14,fitp.it,Sports > Tennis,5.566666666666666
8464,15,tennistv.com,Sports > Tennis,2.5666666666666664
8465,16,news.tennis365.net,Sports > Tennis,1.5833333333333335
8466,17,supertennis.tv,Sports > Tennis,2.283333333333333
8467,18,tennistemple.com,Sports > Tennis,5.7
8468,19,clubautomation.com,Sports > Tennis,8.066666666666666
8469,20,fft.fr,Sports > Tennis,4.833333333333333
8470,21,tennis.com,Sports > Tennis,1.3833333333333333
8471,22,thesportsrush.com,Sports > Tennis,0.6166666666666667
8472,23,lta.org.uk,Sports > Tennis,5.083333333333333
8473,24,sports.iqiyi.com,Sports > Tennis,2.8333333333333335
8474,25,onetag-sys.com,Sports > Tennis,30.816666666666666
8475,26,tennis.com.au,Sports > Tennis,3.8166666666666664
8478,29,tennis365.com,Sports > Tennis,0.8666666666666667
8480,31,utrsports.net,Sports > Tennis,4.233333333333333
8481,32,flashscoreusa.com,Sports > Tennis,6.25
8482,33,dartsrankings.com,Sports > Tennis,2.3166666666666664
8483,34,tenisbrasil.uol.com.br,Sports > Tennis,1.1166666666666667
8484,35,tenisnews.com.br,Sports > Tennis,1.3166666666666667
8485,36,forextuner.info,Sports > Tennis,2.533333333333333
8486,37,padelfip.com,Sports > Tennis,2.783333333333333
8487,38,tennisexplorer.com,Sports > Tennis,5.9
8488,39,rolandgarros.com,Sports > Tennis,2.783333333333333
8489,40,tennistonic.com,Sports > Tennis,2.1
8490,41,pressenterprise.com,Sports > Tennis,2.283333333333333
8491,42,tennis.de,Sports > Tennis,6.033333333333333
8492,43,tennisworlditalia.com,Sports > Tennis,0.9833333333333333
8493,44,bolamarela.com.br,Sports > Tennis,0.5166666666666667
8494,45,tennischannel.com,Sports > Tennis,6.333333333333333
8495,46,wimbledon.com,Sports > Tennis,2.45
8496,47,daviscup.com,Sports > Tennis,1.6166666666666667
8498,49,world-tt.com,Sports > Tennis,2.066666666666667
8500,1,volley.ru,Sports > Volleyball,2.1
8501,2,advancedeventsystems.com,Sports > Volleyball,8.316666666666666
8502,3,volleybox.net,Sports > Volleyball,2.1666666666666665
8503,4,save-from.net,Sports > Volleyball,1.5833333333333335
8504,5,360kora.io,Sports > Volleyball,2.75
8506,7,sportexclusiv.ro,Sports > Volleyball,5.466666666666667
8507,8,women.volleybox.net,Sports > Volleyball,1.7666666666666666
8508,9,pluspo.net,Sports > Volleyball,7.083333333333333
8509,10,webvolei.com.br,Sports > Volleyball,1.3333333333333333
8510,11,siatka.org,Sports > Volleyball,4.333333333333333
8511,12,sportdeutschland.tv,Sports > Volleyball,2.8166666666666664
8512,13,ticket-v.jp,Sports > Volleyball,2.9333333333333336
8513,14,fipavonline.it,Sports > Volleyball,5.05
8514,15,kovo.co.kr,Sports > Volleyball,2.8666666666666667
8515,16,tvf.org.tr,Sports > Volleyball,0.38333333333333336
8516,17,volleybolist.ru,Sports > Volleyball,2.65
8517,18,dyn.sport,Sports > Volleyball,4.666666666666667
8519,20,provolleyball.com,Sports > Volleyball,1.85
8520,21,fivb.com,Sports > Volleyball,1.15
8521,22,cbv.com.br,Sports > Volleyball,2.25
8522,23,legavolleyfemminile.it,Sports > Volleyball,3.533333333333333
8523,24,dataproject.com,Sports > Volleyball,3.6666666666666665
8524,25,ffvbbeach.org,Sports > Volleyball,2.466666666666667
8525,26,sportwrench.com,Sports > Volleyball,3.466666666666667
8526,27,tm2sign.com,Sports > Volleyball,7.616666666666667
8527,28,cev.eu,Sports > Volleyball,2.8833333333333333
8528,29,rgsport.ru,Sports > Volleyball,5.783333333333333
8529,30,legavolley.it,Sports > Volleyball,2.716666666666667
8530,31,lovb.com,Sports > Volleyball,1.5333333333333332
8531,32,tvstart.ru,Sports > Volleyball,0.65
8533,34,tauronliga.pl,Sports > Volleyball,2.5
8535,36,webserver.one,Sports > Volleyball,4.35
8536,37,voleybolunsesi.com,Sports > Volleyball,0.7333333333333333
8537,38,grxchange.gr,Sports > Volleyball,2.0
8538,39,portalefipav.net,Sports > Volleyball,4.066666666666666
8539,40,ivolleymagazine.it,Sports > Volleyball,0.9833333333333333
8540,41,volleybal.nl,Sports > Volleyball,1.9833333333333334
8541,42,usavolleyball.org,Sports > Volleyball,0.8333333333333334
8542,43,cloud32.it,Sports > Volleyball,15.216666666666667
8543,44,rfevb.com,Sports > Volleyball,2.716666666666667
8544,45,jva.or.jp,Sports > Volleyball,2.1
8545,46,balltime.com,Sports > Volleyball,8.0
8546,47,mambu.cloud,Sports > Volleyball,18.183333333333334
8547,48,fcvolei.cat,Sports > Volleyball,1.0166666666666666
8548,49,volleystation.com,Sports > Volleyball,3.2666666666666666
8549,50,volleyballlife.com,Sports > Volleyball,6.166666666666667
8550,1,surfline.com,Sports > Water Sports,2.9833333333333334
8551,2,surf-forecast.com,Sports > Water Sports,1.3333333333333333
8552,3,gomotionapp.com,Sports > Water Sports,3.466666666666667
8553,4,swimswam.com,Sports > Water Sports,3.1
8554,5,seabreeze.com.au,Sports > Water Sports,9.25
8555,6,worldsurfleague.com,Sports > Water Sports,4.05
8556,7,surfer.com,Sports > Water Sports,1.2166666666666668
8557,8,swellnet.com,Sports > Water Sports,3.15
8558,9,bauermedia.pt,Sports > Water Sports,2.35
8559,10,concept2.com,Sports > Water Sports,2.3333333333333335
8560,11,viewsurf.com,Sports > Water Sports,2.8833333333333333
8561,12,scubaboard.com,Sports > Water Sports,2.216666666666667
8562,13,surfguru.com.br,Sports > Water Sports,1.4166666666666667
8563,14,theinertia.com,Sports > Water Sports,1.2666666666666666
8564,15,namidensetsu.com,Sports > Water Sports,4.133333333333334
8566,17,revolutionise.com.au,Sports > Water Sports,3.6166666666666667
8567,18,tidetime.org,Sports > Water Sports,1.2833333333333332
8568,19,vedetta.org,Sports > Water Sports,2.6166666666666667
8570,21,bc01.com,Sports > Water Sports,1.9333333333333333
8571,22,swim.or.jp,Sports > Water Sports,3.8833333333333333
8572,23,waves.com.br,Sports > Water Sports,3.4
8573,24,surfchex.com,Sports > Water Sports,2.2333333333333334
8574,25,usaswimming.org,Sports > Water Sports,2.9166666666666665
8575,26,beachgrit.com,Sports > Water Sports,1.2333333333333334
8576,27,swellmap.com,Sports > Water Sports,1.1
8577,28,surfertoday.com,Sports > Water Sports,0.6666666666666666
8578,29,gong-galaxy.com,Sports > Water Sports,3.2666666666666666
8580,31,urbnsurf.com,Sports > Water Sports,11.45
8581,32,ronspo.com,Sports > Water Sports,1.5
8582,33,gosurf.fr,Sports > Water Sports,2.75
8583,34,worldaquatics.com,Sports > Water Sports,1.15
8584,35,usms.org,Sports > Water Sports,3.3166666666666664
8586,37,liveffn.com,Sports > Water Sports,8.133333333333333
8587,38,roark.com,Sports > Water Sports,2.2333333333333334
8588,39,swimrankings.net,Sports > Water Sports,9.416666666666666
8589,40,sail-world.com,Sports > Water Sports,0.8666666666666667
8590,41,eurovisionsport.com,Sports > Water Sports,1.8333333333333335
8591,42,swimming.org.au,Sports > Water Sports,3.0833333333333335
8592,43,booksurfcamps.com,Sports > Water Sports,1.9
8593,44,liveheats.com,Sports > Water Sports,4.416666666666667
8595,46,swimmingworldmagazine.com,Sports > Water Sports,0.75
8596,47,magicseaweed.com,Sports > Water Sports,0.5166666666666667
8597,48,surftotal.com,Sports > Water Sports,2.5
8598,49,camaramar.com,Sports > Water Sports,3.65
8599,50,flocollege.com,Sports > Water Sports,2.5833333333333335
8600,1,hockeydb.com,Sports > Winter Sports,4.133333333333334
8601,2,fis-ski.com,Sports > Winter Sports,3.966666666666667
8602,3,hockeycanada.ca,Sports > Winter Sports,1.65
8603,4,skijumping.pl,Sports > Winter Sports,2.5666666666666664
8604,5,onthesnow.com,Sports > Winter Sports,1.5333333333333332
8605,6,nordicmag.info,Sports > Winter Sports,2.1166666666666667
8606,7,roundshot.com,Sports > Winter Sports,1.1833333333333333
8607,8,wintersport.nl,Sports > Winter Sports,3.2
8608,9,infonieve.es,Sports > Winter Sports,2.4333333333333336
8609,10,curated.com,Sports > Winter Sports,2.9833333333333334
8610,11,ikonpass.com,Sports > Winter Sports,3.033333333333333
8611,12,opensnow.com,Sports > Winter Sports,22.15
8612,13,skipass.com,Sports > Winter Sports,1.5833333333333335
8613,14,vhlru.ru,Sports > Winter Sports,4.5
8614,15,skaping.com,Sports > Winter Sports,2.2
8615,16,unofficialnetworks.com,Sports > Winter Sports,1.0833333333333333
8616,17,skiresort.info,Sports > Winter Sports,1.6166666666666667
8617,18,japan-curling.yokohama,Sports > Winter Sports,2.85
8618,19,bergfex.si,Sports > Winter Sports,2.0833333333333335
8619,20,skistar.com,Sports > Winter Sports,4.45
8620,21,epicpass.com,Sports > Winter Sports,2.2333333333333334
8621,22,dovesciare.it,Sports > Winter Sports,1.5
8622,23,biathlon.com.ua,Sports > Winter Sports,3.7
8623,24,bigbearmountainresort.com,Sports > Winter Sports,2.966666666666667
8624,25,mammothmountain.com,Sports > Winter Sports,3.2333333333333334
8625,26,whistlerblackcomb.com,Sports > Winter Sports,2.216666666666667
8626,27,seatgeek.ca,Sports > Winter Sports,3.1666666666666665
8628,29,neveitalia.it,Sports > Winter Sports,0.7333333333333333
8629,30,skimag.com,Sports > Winter Sports,0.8833333333333333
8630,31,rossignol.com,Sports > Winter Sports,2.5833333333333335
8631,32,curling.ca,Sports > Winter Sports,3.3
8632,33,crystalski.co.uk,Sports > Winter Sports,5.75
8633,34,nevasport.com,Sports > Winter Sports,1.2833333333333332
8634,35,newschoolers.com,Sports > Winter Sports,1.5333333333333332
8635,36,ski.ru,Sports > Winter Sports,2.9
8636,37,n-py.com,Sports > Winter Sports,4.25
8637,38,snowbird.com,Sports > Winter Sports,3.35
8638,39,crystalmountainresort.com,Sports > Winter Sports,2.9
8639,40,bigwhite.com,Sports > Winter Sports,3.5833333333333335
8640,41,palisadestahoe.com,Sports > Winter Sports,3.55
8641,42,alterramtnco.com,Sports > Winter Sports,3.4
8642,43,vailresorts.com,Sports > Winter Sports,3.2666666666666666
8643,44,atomic.com,Sports > Winter Sports,2.1666666666666665
8644,45,winterparkresort.com,Sports > Winter Sports,2.3166666666666664
8645,46,vasaloppet.se,Sports > Winter Sports,4.8
8646,47,montecwear.com,Sports > Winter Sports,2.8666666666666667
8647,48,uscho.com,Sports > Winter Sports,3.0
8648,49,skitalk.com,Sports > Winter Sports,2.5666666666666664
8649,50,skisport.ru,Sports > Winter Sports,2.5666666666666664
8650,1,booking.com,Travel and Tourism > Accommodation and Hotels,8.116666666666667
8651,2,airbnb.com,Travel and Tourism > Accommodation and Hotels,7.1
8652,3,agoda.com,Travel and Tourism > Accommodation and Hotels,5.816666666666666
8654,5,marriott.com,Travel and Tourism > Accommodation and Hotels,3.9833333333333334
8655,6,hilton.com,Travel and Tourism > Accommodation and Hotels,4.2
8658,9,airbnb.com.br,Travel and Tourism > Accommodation and Hotels,6.75
8659,10,ihg.com,Travel and Tourism > Accommodation and Hotels,3.0833333333333335
8660,11,airbnb.co.uk,Travel and Tourism > Accommodation and Hotels,6.45
8661,12,airbnb.fr,Travel and Tourism > Accommodation and Hotels,7.366666666666666
8663,14,accor.com,Travel and Tourism > Accommodation and Hotels,3.55
8665,16,airbnb.ca,Travel and Tourism > Accommodation and Hotels,6.633333333333333
8666,17,ostrovok.ru,Travel and Tourism > Accommodation and Hotels,3.5666666666666664
8667,18,clock-software.com,Travel and Tourism > Accommodation and Hotels,10.116666666666667
8668,19,wyndhamhotels.com,Travel and Tourism > Accommodation and Hotels,3.05
8669,20,expediapartnercentral.com,Travel and Tourism > Accommodation and Hotels,6.75
8670,21,cloudbeds.com,Travel and Tourism > Accommodation and Hotels,21.95
8672,23,airbnb.de,Travel and Tourism > Accommodation and Hotels,7.216666666666667
8673,24,guestreservations.com,Travel and Tourism > Accommodation and Hotels,1.5
8674,25,airbnb.es,Travel and Tourism > Accommodation and Hotels,5.633333333333333
8675,26,mytour.vn,Travel and Tourism > Accommodation and Hotels,2.0166666666666666
8676,27,airbnb.com.au,Travel and Tourism > Accommodation and Hotels,6.9
8677,28,premierinn.com,Travel and Tourism > Accommodation and Hotels,4.6
8678,29,choiceadvantage.com,Travel and Tourism > Accommodation and Hotels,44.31666666666667
8679,30,sutochno.ru,Travel and Tourism > Accommodation and Hotels,6.016666666666667
8680,31,airbnb.it,Travel and Tourism > Accommodation and Hotels,6.866666666666667
8681,32,caesars.com,Travel and Tourism > Accommodation and Hotels,4.483333333333333
8683,34,mgmresorts.com,Travel and Tourism > Accommodation and Hotels,4.6
8684,35,hostelworld.com,Travel and Tourism > Accommodation and Hotels,4.85
8686,37,airbnb.mx,Travel and Tourism > Accommodation and Hotels,7.116666666666666
8687,38,489ban.net,Travel and Tourism > Accommodation and Hotels,4.533333333333333
8689,40,toyoko-inn.com,Travel and Tourism > Accommodation and Hotels,5.983333333333333
8690,41,trivago.com,Travel and Tourism > Accommodation and Hotels,2.9833333333333334
8691,42,travelodge.co.uk,Travel and Tourism > Accommodation and Hotels,4.416666666666667
8695,46,pprincess.com,Travel and Tourism > Accommodation and Hotels,2.783333333333333
8696,47,airbnb.co.in,Travel and Tourism > Accommodation and Hotels,5.466666666666667
8697,48,radissonhotels.com,Travel and Tourism > Accommodation and Hotels,2.3833333333333333
8698,49,airbnb.nl,Travel and Tourism > Accommodation and Hotels,6.466666666666667
8700,1,ryanair.com,Travel and Tourism > Air Travel,5.516666666666667
8701,2,aa.com,Travel and Tourism > Air Travel,6.633333333333333
8702,3,southwest.com,Travel and Tourism > Air Travel,5.3
8703,4,delta.com,Travel and Tourism > Air Travel,6.216666666666667
8704,5,flightaware.com,Travel and Tourism > Air Travel,7.033333333333333
8705,6,skyscanner.net,Travel and Tourism > Air Travel,4.583333333333333
8706,7,united.com,Travel and Tourism > Air Travel,6.183333333333334
8708,9,traveloka.com,Travel and Tourism > Air Travel,2.1166666666666667
8709,10,ana.co.jp,Travel and Tourism > Air Travel,5.85
8711,12,easyjet.com,Travel and Tourism > Air Travel,6.133333333333334
8712,13,aircanada.com,Travel and Tourism > Air Travel,7.883333333333333
8713,14,aviasales.ru,Travel and Tourism > Air Travel,4.25
8714,15,goindigo.in,Travel and Tourism > Air Travel,6.766666666666667
8715,16,wizzair.com,Travel and Tourism > Air Travel,5.95
8716,17,skyscanner.co.in,Travel and Tourism > Air Travel,3.3333333333333335
8717,18,britishairways.com,Travel and Tourism > Air Travel,6.116666666666666
8719,20,alaskaair.com,Travel and Tourism > Air Travel,7.183333333333334
8720,21,emirates.com,Travel and Tourism > Air Travel,5.733333333333333
8721,22,skyscanner.com,Travel and Tourism > Air Travel,5.45
8722,23,jetstar.com,Travel and Tourism > Air Travel,5.85
8723,24,qantas.com,Travel and Tourism > Air Travel,5.65
8724,25,jetblue.com,Travel and Tourism > Air Travel,5.766666666666667
8725,26,skyscanner.it,Travel and Tourism > Air Travel,5.216666666666667
8727,28,spirit.com,Travel and Tourism > Air Travel,6.5
8728,29,flyfrontier.com,Travel and Tourism > Air Travel,5.783333333333333
8729,30,airasia.com,Travel and Tourism > Air Travel,5.966666666666667
8730,31,lufthansa.com,Travel and Tourism > Air Travel,5.183333333333334
8732,33,flypgs.com,Travel and Tourism > Air Travel,5.05
8733,34,jetsmart.com,Travel and Tourism > Air Travel,4.633333333333333
8734,35,volaris.com,Travel and Tourism > Air Travel,5.516666666666667
8735,36,singaporeair.com,Travel and Tourism > Air Travel,5.8
8736,37,vivaaerobus.com,Travel and Tourism > Air Travel,5.833333333333333
8739,40,skyscanner.es,Travel and Tourism > Air Travel,4.933333333333334
8740,41,aeroin.net,Travel and Tourism > Air Travel,0.36666666666666664
8743,44,vueling.com,Travel and Tourism > Air Travel,4.65
8744,45,voegol.com.br,Travel and Tourism > Air Travel,6.116666666666666
8745,46,amadeus.com,Travel and Tourism > Air Travel,8.65
8747,48,skyscanner.de,Travel and Tourism > Air Travel,6.216666666666667
8749,50,skyscanner.com.br,Travel and Tourism > Air Travel,5.133333333333334
8800,1,uber.com,Travel and Tourism > Ground Transportation,2.283333333333333
8802,3,bahn.de,Travel and Tourism > Ground Transportation,5.016666666666667
8803,4,thetrainline.com,Travel and Tourism > Ground Transportation,4.133333333333334
8807,8,railyatri.in,Travel and Tourism > Ground Transportation,5.25
8808,9,confirmtkt.com,Travel and Tourism > Ground Transportation,4.683333333333334
8809,10,lyft.com,Travel and Tourism > Ground Transportation,2.55
8810,11,99app.com,Travel and Tourism > Ground Transportation,1.85
8811,12,nationalrail.co.uk,Travel and Tourism > Ground Transportation,4.716666666666667
8812,13,indiarailinfo.com,Travel and Tourism > Ground Transportation,3.4
8813,14,bustimes.org,Travel and Tourism > Ground Transportation,7.233333333333333
8814,15,belgiantrain.be,Travel and Tourism > Ground Transportation,3.216666666666667
8815,16,indrive.com,Travel and Tourism > Ground Transportation,1.6833333333333333
8816,17,abhibus.com,Travel and Tourism > Ground Transportation,4.316666666666666
8818,19,erail.in,Travel and Tourism > Ground Transportation,6.7
8819,20,recorrido.cl,Travel and Tourism > Ground Transportation,4.433333333333334
8821,22,etrain.info,Travel and Tourism > Ground Transportation,7.7
8822,23,delhimetrorail.info,Travel and Tourism > Ground Transportation,2.183333333333333
8823,24,oebb.at,Travel and Tourism > Ground Transportation,3.15
8824,25,zdopravy.cz,Travel and Tourism > Ground Transportation,2.95
8825,26,koleo.pl,Travel and Tourism > Ground Transportation,3.716666666666667
8826,27,olacabs.com,Travel and Tourism > Ground Transportation,4.166666666666667
8827,28,vr.fi,Travel and Tourism > Ground Transportation,4.55
8828,29,poizdato.net,Travel and Tourism > Ground Transportation,2.9
8829,30,delhimetrorail.com,Travel and Tourism > Ground Transportation,1.6
8830,31,realtimetrains.co.uk,Travel and Tourism > Ground Transportation,9.866666666666667
8831,32,buser.com.br,Travel and Tourism > Ground Transportation,2.8833333333333333
8832,33,rzd-bonus.ru,Travel and Tourism > Ground Transportation,3.6
8833,34,ttc.ca,Travel and Tourism > Ground Transportation,2.7333333333333334
8834,35,flixbus.fr,Travel and Tourism > Ground Transportation,4.25
8835,36,railforums.co.uk,Travel and Tourism > Ground Transportation,6.666666666666667
8836,37,oebbtickets.at,Travel and Tourism > Ground Transportation,4.983333333333333
8837,38,stagecoachbus.com,Travel and Tourism > Ground Transportation,3.1166666666666667
8838,39,turbus.cl,Travel and Tourism > Ground Transportation,5.35
8839,40,shop.oebbtickets.at,Travel and Tourism > Ground Transportation,5.2
8840,41,tripjack.com,Travel and Tourism > Ground Transportation,7.583333333333333
8841,42,bycs.de,Travel and Tourism > Ground Transportation,5.416666666666667
8842,43,blablacar.ru,Travel and Tourism > Ground Transportation,6.183333333333334
8843,44,shop.flixbus.de,Travel and Tourism > Ground Transportation,4.516666666666667
8845,46,viaggiatreno.it,Travel and Tourism > Ground Transportation,8.916666666666666
8846,47,trains.com,Travel and Tourism > Ground Transportation,1.6666666666666665
8847,48,flixbus.cl,Travel and Tourism > Ground Transportation,4.366666666666666
8849,50,shop.flixbus.fr,Travel and Tourism > Ground Transportation,4.183333333333334
8850,1,getyourguide.com,Travel and Tourism > Tourist Attractions,2.6833333333333336
8851,2,klook.com,Travel and Tourism > Tourist Attractions,3.65
8852,3,viator.com,Travel and Tourism > Tourist Attractions,3.216666666666667
8853,4,kkday.com,Travel and Tourism > Tourist Attractions,2.9
8854,5,universalorlando.com,Travel and Tourism > Tourist Attractions,2.75
8856,7,castel.jp,Travel and Tourism > Tourist Attractions,2.716666666666667
8857,8,disneylandparis.com,Travel and Tourism > Tourist Attractions,4.283333333333333
8858,9,atmy.me,Travel and Tourism > Tourist Attractions,2.05
8859,10,sixflags.com,Travel and Tourism > Tourist Attractions,2.966666666666667
8860,11,tech.udn.com,Travel and Tourism > Tourist Attractions,0.85
8861,12,allears.net,Travel and Tourism > Tourist Attractions,1.15
8862,13,disboards.com,Travel and Tourism > Tourist Attractions,3.6833333333333336
8863,14,seaworld.com,Travel and Tourism > Tourist Attractions,3.7333333333333334
8864,15,wdwnt.com,Travel and Tourism > Tourist Attractions,1.1333333333333333
8865,16,digitickets.co.uk,Travel and Tourism > Tourist Attractions,3.9
8866,17,buschgardens.com,Travel and Tourism > Tourist Attractions,3.283333333333333
8867,18,bobbyworld.tw,Travel and Tourism > Tourist Attractions,2.8833333333333333
8868,19,memberdeals.com,Travel and Tourism > Tourist Attractions,4.25
8869,20,efteling.com,Travel and Tourism > Tourist Attractions,2.7333333333333334
8870,21,viviantravel.tw,Travel and Tourism > Tourist Attractions,1.1666666666666667
8871,22,wdwmagic.com,Travel and Tourism > Tourist Attractions,4.383333333333334
8872,23,hongkongdisneyland.com,Travel and Tourism > Tourist Attractions,2.3833333333333333
8873,24,legoland.com,Travel and Tourism > Tourist Attractions,2.9833333333333334
8874,25,disneynow.com,Travel and Tourism > Tourist Attractions,3.716666666666667
8875,26,vasttrafik.se,Travel and Tourism > Tourist Attractions,2.3666666666666667
8876,27,europapark.de,Travel and Tourism > Tourist Attractions,3.3166666666666664
8877,28,lotteworld.com,Travel and Tourism > Tourist Attractions,3.0166666666666666
8879,30,wonderla.com,Travel and Tourism > Tourist Attractions,1.0666666666666667
8880,31,beurlife.com,Travel and Tourism > Tourist Attractions,1.7666666666666666
8881,32,universalparks.com,Travel and Tourism > Tourist Attractions,1.7833333333333332
8882,33,summitatsnoqualmie.com,Travel and Tourism > Tourist Attractions,3.0833333333333335
8883,34,futuroscope.com,Travel and Tourism > Tourist Attractions,4.15
8884,35,sydneyoperahouse.com,Travel and Tourism > Tourist Attractions,2.4
8885,36,aluvii.com,Travel and Tourism > Tourist Attractions,10.166666666666666
8886,37,phantasialand.de,Travel and Tourism > Tourist Attractions,2.533333333333333
8887,38,rwcruises.com,Travel and Tourism > Tourist Attractions,6.983333333333333
8888,39,fullfen.tw,Travel and Tourism > Tourist Attractions,1.9333333333333333
8889,40,mtl.org,Travel and Tourism > Tourist Attractions,1.8833333333333333
8890,41,blogmickey.com,Travel and Tourism > Tourist Attractions,1.1666666666666667
8891,42,pelago.com,Travel and Tourism > Tourist Attractions,1.3333333333333333
8892,43,altontowers.com,Travel and Tourism > Tourist Attractions,2.4333333333333336
8893,44,markandhazyl.com,Travel and Tourism > Tourist Attractions,0.5166666666666667
8895,46,bookme.co.nz,Travel and Tourism > Tourist Attractions,3.216666666666667
8896,47,floridastatefair.com,Travel and Tourism > Tourist Attractions,2.183333333333333
8898,49,portaventuraworld.com,Travel and Tourism > Tourist Attractions,2.2666666666666666
8899,50,knotts.com,Travel and Tourism > Tourist Attractions,1.9666666666666668
8901,2,amtrak.com,Travel and Tourism > Transportation and Excursions,6.383333333333334
8902,3,partiful.com,Travel and Tourism > Transportation and Excursions,4.316666666666666
8903,4,mta.info,Travel and Tourism > Transportation and Excursions,4.033333333333333
8904,5,ihighway.jp,Travel and Tourism > Transportation and Excursions,2.783333333333333
8905,6,biltrewards.com,Travel and Tourism > Transportation and Excursions,3.5
8906,7,flynas.com,Travel and Tourism > Transportation and Excursions,5.416666666666667
8907,8,sunpass.com,Travel and Tourism > Transportation and Excursions,4.583333333333333
8908,9,tripcheck.com,Travel and Tourism > Transportation and Excursions,1.7666666666666666
8909,10,parkopedia.co.uk,Travel and Tourism > Transportation and Excursions,2.3166666666666664
8910,11,linkt.com.au,Travel and Tourism > Transportation and Excursions,3.4166666666666665
8911,12,airmiles.ca,Travel and Tourism > Transportation and Excursions,4.35
8912,13,justpark.com,Travel and Tourism > Transportation and Excursions,2.283333333333333
8913,14,bayareafastrak.org,Travel and Tourism > Transportation and Excursions,3.6833333333333336
8914,15,511on.ca,Travel and Tourism > Transportation and Excursions,2.3
8915,16,drivebc.ca,Travel and Tourism > Transportation and Excursions,3.4166666666666665
8916,17,paturnpike.com,Travel and Tourism > Transportation and Excursions,20.933333333333334
8917,18,yourparkingspace.co.uk,Travel and Tourism > Transportation and Excursions,3.6666666666666665
8918,19,omny.info,Travel and Tourism > Transportation and Excursions,3.4166666666666665
8919,20,407etr.com,Travel and Tourism > Transportation and Excursions,4.25
8920,21,thetollroads.com,Travel and Tourism > Transportation and Excursions,3.3
8922,23,sigalert.com,Travel and Tourism > Transportation and Excursions,3.3
8923,24,megabus.com,Travel and Tourism > Transportation and Excursions,3.55
8924,25,martzbus.com,Travel and Tourism > Transportation and Excursions,6.866666666666667
8925,26,apcoa.co.uk,Travel and Tourism > Transportation and Excursions,2.0833333333333335
8926,27,itasoftware.com,Travel and Tourism > Transportation and Excursions,5.333333333333333
8927,28,sanef.com,Travel and Tourism > Transportation and Excursions,4.466666666666667
8928,29,theparkingspot.com,Travel and Tourism > Transportation and Excursions,2.966666666666667
8929,30,travelquiz.com,Travel and Tourism > Transportation and Excursions,2.4333333333333336
8930,31,nuego.in,Travel and Tourism > Transportation and Excursions,4.233333333333333
8931,32,gobrightline.com,Travel and Tourism > Transportation and Excursions,2.8333333333333335
8932,33,sevn.ly,Travel and Tourism > Transportation and Excursions,0.31666666666666665
8933,34,511pa.com,Travel and Tourism > Transportation and Excursions,3.15
8934,35,mitie.com,Travel and Tourism > Transportation and Excursions,3.033333333333333
8935,36,almatar.com,Travel and Tourism > Transportation and Excursions,3.35
8936,37,nouvelair.com,Travel and Tourism > Transportation and Excursions,5.4
8937,38,wymetro.com,Travel and Tourism > Transportation and Excursions,8.6
8938,39,zingbus.com,Travel and Tourism > Transportation and Excursions,1.15
8940,41,sleepinginairports.net,Travel and Tourism > Transportation and Excursions,1.8833333333333333
8941,42,spotangels.com,Travel and Tourism > Transportation and Excursions,1.55
8942,43,13cabs.com.au,Travel and Tourism > Transportation and Excursions,2.75
8943,44,tollguru.com,Travel and Tourism > Transportation and Excursions,0.9166666666666666
8944,45,nvroads.com,Travel and Tourism > Transportation and Excursions,2.066666666666667
8945,46,veolia.co.uk,Travel and Tourism > Transportation and Excursions,4.783333333333333
8946,47,q-park.co.uk,Travel and Tourism > Transportation and Excursions,1.7833333333333332
8948,49,market.jr-central.co.jp,Travel and Tourism > Transportation and Excursions,2.183333333333333
8950,1,tripadvisor.com,Travel and Tourism > Travel and Tourism - Other,2.6833333333333336
8951,2,trip.com,Travel and Tourism > Travel and Tourism - Other,3.466666666666667
8953,4,navitime.co.jp,Travel and Tourism > Travel and Tourism - Other,2.8166666666666664
8954,5,travel.rakuten.co.jp,Travel and Tourism > Travel and Tourism - Other,7.133333333333334
8955,6,makemytrip.com,Travel and Tourism > Travel and Tourism - Other,4.85
8956,7,rome2rio.com,Travel and Tourism > Travel and Tourism - Other,2.65
8957,8,tripadvisor.co.uk,Travel and Tourism > Travel and Tourism - Other,3.1333333333333333
8958,9,kayak.com,Travel and Tourism > Travel and Tourism - Other,3.8666666666666667
8959,10,priceline.com,Travel and Tourism > Travel and Tourism - Other,4.616666666666667
8960,11,tripadvisor.it,Travel and Tourism > Travel and Tourism - Other,2.216666666666667
8961,12,tutu.ru,Travel and Tourism > Travel and Tourism - Other,3.3666666666666667
8962,13,tripadvisor.in,Travel and Tourism > Travel and Tourism - Other,1.8166666666666667
8963,14,ikyu.com,Travel and Tourism > Travel and Tourism - Other,5.05
8964,15,triptoday365.com,Travel and Tourism > Travel and Tourism - Other,1.7833333333333332
8965,16,jr-central.co.jp,Travel and Tourism > Travel and Tourism - Other,4.55
8966,17,sncf-connect.com,Travel and Tourism > Travel and Tourism - Other,4.9
8967,18,tripadvisor.fr,Travel and Tourism > Travel and Tourism - Other,2.45
8968,19,aaa.com,Travel and Tourism > Travel and Tourism - Other,5.2
8969,20,tripadvisor.es,Travel and Tourism > Travel and Tourism - Other,2.25
8970,21,trenitalia.com,Travel and Tourism > Travel and Tourism - Other,2.1666666666666665
8971,22,nps.gov,Travel and Tourism > Travel and Tourism - Other,2.6333333333333333
8972,23,tripadvisor.com.br,Travel and Tourism > Travel and Tourism - Other,2.3166666666666664
8973,24,lefrecce.it,Travel and Tourism > Travel and Tourism - Other,4.25
8974,25,tripadvisor.ru,Travel and Tourism > Travel and Tourism - Other,2.716666666666667
8975,26,royalcaribbean.com,Travel and Tourism > Travel and Tourism - Other,5.616666666666667
8977,28,tiket.com,Travel and Tourism > Travel and Tourism - Other,2.183333333333333
8978,29,travel.yandex.ru,Travel and Tourism > Travel and Tourism - Other,4.016666666666667
8980,31,ctrip.com,Travel and Tourism > Travel and Tourism - Other,6.3
8981,32,travel.yahoo.co.jp,Travel and Tourism > Travel and Tourism - Other,4.9
8982,33,obilet.com,Travel and Tourism > Travel and Tourism - Other,4.633333333333333
8984,35,travelandleisure.com,Travel and Tourism > Travel and Tourism - Other,1.0333333333333334
8985,36,goibibo.com,Travel and Tourism > Travel and Tourism - Other,4.266666666666667
8986,37,skylinewebcams.com,Travel and Tourism > Travel and Tourism - Other,3.0166666666666666
8987,38,carnival.com,Travel and Tourism > Travel and Tourism - Other,6.483333333333333
8988,39,bergfex.at,Travel and Tourism > Travel and Tourism - Other,2.7333333333333334
8989,40,kiwi.com,Travel and Tourism > Travel and Tourism - Other,4.183333333333334
8992,43,vfsglobal.com,Travel and Tourism > Travel and Tourism - Other,6.583333333333333
8993,44,tripadvisor.de,Travel and Tourism > Travel and Tourism - Other,2.783333333333333
8994,45,lastminute.com,Travel and Tourism > Travel and Tourism - Other,5.566666666666666
8995,46,decolar.com,Travel and Tourism > Travel and Tourism - Other,5.15
8997,48,ixigo.com,Travel and Tourism > Travel and Tourism - Other,3.6
8998,49,tripadvisor.ca,Travel and Tourism > Travel and Tourism - Other,3.1666666666666665
8999,50,ncl.com,Travel and Tourism > Travel and Tourism - Other,5.25
